question_id	priority	main_knowledge	method	evidence_status	review_round	source_file	line_start
ZY30-GS-01-L1.01	CORE_L2	函数关系式求解析式	用复合自变量及其平方化简有理式	verified	inherited_v2	配套习题/张宇基础30讲/01_高等数学篇/第01讲_函数极限与连续.md	9
ZY30-GS-01-L1.02	CORE_L2	函数关系式求解析式	倒数代换后联立函数方程	verified	inherited_v2	配套习题/张宇基础30讲/01_高等数学篇/第01讲_函数极限与连续.md	19
ZY30-GS-01-L1.03	CORE_L2	反函数及定义域	限制单调区间后反解自变量	verified	inherited_v2	配套习题/张宇基础30讲/01_高等数学篇/第01讲_函数极限与连续.md	29
ZY30-GS-01-L1.04	CORE_L2	分段函数的复合	按内层函数值划分外层定义区间	verified	inherited_v2	配套习题/张宇基础30讲/01_高等数学篇/第01讲_函数极限与连续.md	39
ZY30-GS-01-L1.05	CORE_L2	分段函数的复合	按内层函数值划分外层定义区间	verified	inherited_v2	配套习题/张宇基础30讲/01_高等数学篇/第01讲_函数极限与连续.md	49
ZY30-GS-01-L1.06	CORE_L2	函数有界性的判定	用平方非负性构造统一界	verified	corrected_v3	配套习题/张宇基础30讲/01_高等数学篇/第01讲_函数极限与连续.md	59
ZY30-GS-01-L1.07	CORE_L2	函数单调性与变换	依据定义比较自变量和函数值次序	verified	inherited_v2	配套习题/张宇基础30讲/01_高等数学篇/第01讲_函数极限与连续.md	69
ZY30-GS-01-L1.08	CORE_L2	函数奇偶性的判定	比较相反自变量处的函数值	verified	inherited_v2	配套习题/张宇基础30讲/01_高等数学篇/第01讲_函数极限与连续.md	84
ZY30-GS-01-L1.09	CORE_L2	函数周期性及平移关系	迭代平移关系	verified	inherited_v2	配套习题/张宇基础30讲/01_高等数学篇/第01讲_函数极限与连续.md	94
ZY30-GS-01-L1.10	CORE_L2	一元函数最值	对数求导并分析导数符号	verified	corrected_v3	配套习题/张宇基础30讲/01_高等数学篇/第01讲_函数极限与连续.md	104
ZY30-GS-01-L1.11	CORE_L2	函数的幂级数展开	已知幂级数的代换与运算	verified	inherited_v2	配套习题/张宇基础30讲/01_高等数学篇/第01讲_函数极限与连续.md	114
ZY30-GS-01-L1.12	CORE_L2	反函数及定义域	限制单调区间后反解自变量	verified	inherited_v2	配套习题/张宇基础30讲/01_高等数学篇/第01讲_函数极限与连续.md	129
ZY30-GS-01-L1.13	CORE_L2	取整函数的性质与极限	取整界估计与区间分解	verified	inherited_v2	配套习题/张宇基础30讲/01_高等数学篇/第01讲_函数极限与连续.md	139
ZY30-GS-01-L1.14	CORE_L2	高阶无穷小与局部展开	令待求极限为未知量并建立极限方程	verified	inherited_v2	配套习题/张宇基础30讲/01_高等数学篇/第01讲_函数极限与连续.md	154
ZY30-GS-01-L1.15	CORE_L2	左右极限及极限存在性	分别计算左右极限	verified	inherited_v2	配套习题/张宇基础30讲/01_高等数学篇/第01讲_函数极限与连续.md	169
ZY30-GS-01-L1.16	CORE_L2	左右极限及极限存在性	分别计算左右极限	verified	inherited_v2	配套习题/张宇基础30讲/01_高等数学篇/第01讲_函数极限与连续.md	184
ZY30-GS-01-L1.17	CORE_L2	函数有界性的判定	不等式估计或边界行为分析	verified	inherited_v2	配套习题/张宇基础30讲/01_高等数学篇/第01讲_函数极限与连续.md	199
ZY30-GS-01-L1.18	CORE_L2	极限保号性	用非零极限控制邻域内符号	verified	inherited_v2	配套习题/张宇基础30讲/01_高等数学篇/第01讲_函数极限与连续.md	214
ZY30-GS-01-L1.19	CORE_L2	高阶无穷小与局部展开	局部展开并比较首个非零项	verified	corrected_v3	配套习题/张宇基础30讲/01_高等数学篇/第01讲_函数极限与连续.md	229
ZY30-GS-01-L1.20	CORE_L2	极限的四则运算法则	拆分乘积或商并核对适用条件	verified	corrected_v3	配套习题/张宇基础30讲/01_高等数学篇/第01讲_函数极限与连续.md	244
ZY30-GS-01-L1.21	CORE_L2	高阶无穷小与局部展开	局部展开并比较首个非零项	verified	inherited_v2	配套习题/张宇基础30讲/01_高等数学篇/第01讲_函数极限与连续.md	254
ZY30-GS-01-L1.22	CORE_L2	高阶无穷小与局部展开	局部展开并比较首个非零项	verified	corrected_v3	配套习题/张宇基础30讲/01_高等数学篇/第01讲_函数极限与连续.md	269
ZY30-GS-01-L1.23	CORE_L2	无穷远处增长阶比较	比值极限与增长阶比较	verified	inherited_v2	配套习题/张宇基础30讲/01_高等数学篇/第01讲_函数极限与连续.md	279
ZY30-GS-01-L1.24	CORE_L2	高阶无穷小与局部展开	局部展开并比较首个非零项	verified	corrected_v3	配套习题/张宇基础30讲/01_高等数学篇/第01讲_函数极限与连续.md	294
ZY30-GS-01-L1.25	CORE_L2	有理函数在无穷远处的极限	提取最高次幂并分次数讨论	verified	inherited_v2	配套习题/张宇基础30讲/01_高等数学篇/第01讲_函数极限与连续.md	304
ZY30-GS-01-L1.26	CORE_L2	含参数函数列的逐点极限	按主导项是否消失分情况	verified	inherited_v2	配套习题/张宇基础30讲/01_高等数学篇/第01讲_函数极限与连续.md	314
ZY30-GS-01-L1.27	CORE_L2	高阶无穷小与局部展开	局部展开并比较首个非零项	verified	inherited_v2	配套习题/张宇基础30讲/01_高等数学篇/第01讲_函数极限与连续.md	324
ZY30-GS-01-L1.28	CORE_L2	无穷远处增长阶比较	换元并使用对数与幂函数的增长阶比较	verified	inherited_v2	配套习题/张宇基础30讲/01_高等数学篇/第01讲_函数极限与连续.md	339
ZY30-GS-01-L1.29	CORE_L2	取整函数的性质与极限	取整界估计与区间分解	verified	inherited_v2	配套习题/张宇基础30讲/01_高等数学篇/第01讲_函数极限与连续.md	349
ZY30-GS-01-L1.30	CORE_L2	高阶无穷小与局部展开	局部展开并比较首个非零项	verified	corrected_v3	配套习题/张宇基础30讲/01_高等数学篇/第01讲_函数极限与连续.md	359
ZY30-GS-01-L1.31	CORE_L2	高阶无穷小与局部展开	局部展开并比较首个非零项	verified	corrected_v3	配套习题/张宇基础30讲/01_高等数学篇/第01讲_函数极限与连续.md	374
ZY30-GS-01-L1.32	CORE_L2	幂指函数的极限	取对数化为乘积极限	verified	inherited_v2	配套习题/张宇基础30讲/01_高等数学篇/第01讲_函数极限与连续.md	384
ZY30-GS-01-L1.33	CORE_L2	幂指函数的极限	取对数化为乘积极限	verified	inherited_v2	配套习题/张宇基础30讲/01_高等数学篇/第01讲_函数极限与连续.md	394
ZY30-GS-01-L1.34	CORE_L2	高阶无穷小与局部展开	局部展开并比较首个非零项	verified	inherited_v2	配套习题/张宇基础30讲/01_高等数学篇/第01讲_函数极限与连续.md	404
ZY30-GS-01-L1.35	CORE_L2	高阶无穷小与局部展开	局部展开并比较首个非零项	verified	inherited_v2	配套习题/张宇基础30讲/01_高等数学篇/第01讲_函数极限与连续.md	419
ZY30-GS-01-L1.36	CORE_L2	分段函数连续性与参数条件	匹配单侧极限和函数值	verified	inherited_v2	配套习题/张宇基础30讲/01_高等数学篇/第01讲_函数极限与连续.md	434
ZY30-GS-01-L1.37	CORE_L2	间断点的定位与分类	逐个考查可疑点的单侧极限	verified	inherited_v2	配套习题/张宇基础30讲/01_高等数学篇/第01讲_函数极限与连续.md	444
ZY30-GS-01-L1.38	CORE_L2	间断点的定位与分类	逐个考查可疑点的单侧极限	verified	inherited_v2	配套习题/张宇基础30讲/01_高等数学篇/第01讲_函数极限与连续.md	459
ZY30-GS-01-X01	CORE_L2	高阶无穷小与局部展开	局部展开并比较首个非零项	verified	inherited_v2	配套习题/张宇基础30讲/01_高等数学篇/第01讲_函数极限与连续.md	477
ZY30-GS-01-X02	CORE_L2	分段函数连续性与参数条件	匹配单侧极限和函数值	verified	inherited_v2	配套习题/张宇基础30讲/01_高等数学篇/第01讲_函数极限与连续.md	492
ZY30-GS-01-X03	CORE_L2	间断点的定位与分类	逐个考查可疑点的单侧极限	verified	inherited_v2	配套习题/张宇基础30讲/01_高等数学篇/第01讲_函数极限与连续.md	507
ZY30-GS-01-X04	CORE_L2	间断点的定位与分类	逐个考查可疑点的单侧极限	verified	inherited_v2	配套习题/张宇基础30讲/01_高等数学篇/第01讲_函数极限与连续.md	522
ZY30-GS-01-X05	CORE_L2	间断点的定位与分类	逐个考查可疑点的单侧极限	verified	inherited_v2	配套习题/张宇基础30讲/01_高等数学篇/第01讲_函数极限与连续.md	537
ZY30-GS-01-X06	CORE_L2	复合函数迭代	递推化简与归纳验证	verified	inherited_v2	配套习题/张宇基础30讲/01_高等数学篇/第01讲_函数极限与连续.md	552
ZY30-GS-01-X07	CORE_L2	高阶无穷小与局部展开	局部展开并比较首个非零项	verified	corrected_v3	配套习题/张宇基础30讲/01_高等数学篇/第01讲_函数极限与连续.md	562
ZY30-GS-01-X08	CORE_L2	幂指函数的极限	取对数化为乘积极限	verified	inherited_v2	配套习题/张宇基础30讲/01_高等数学篇/第01讲_函数极限与连续.md	572
ZY30-GS-01-X09	CORE_L2	高阶无穷小与局部展开	局部展开并比较首个非零项	verified	corrected_v3	配套习题/张宇基础30讲/01_高等数学篇/第01讲_函数极限与连续.md	582
ZY30-GS-01-X10	CORE_L2	分段函数连续性与参数条件	匹配单侧极限和函数值	verified	inherited_v2	配套习题/张宇基础30讲/01_高等数学篇/第01讲_函数极限与连续.md	592
ZY30-GS-01-X11	CORE_L2	反三角复合函数图像	按反三角函数主值区间分段	verified	inherited_v2	配套习题/张宇基础30讲/01_高等数学篇/第01讲_函数极限与连续.md	602
ZY30-GS-01-X12	CORE_L2	高阶无穷小与局部展开	局部展开并比较首个非零项	verified	inherited_v2	配套习题/张宇基础30讲/01_高等数学篇/第01讲_函数极限与连续.md	612
ZY30-GS-01-X13	CORE_L2	幂指函数的极限	取对数化为乘积极限	verified	inherited_v2	配套习题/张宇基础30讲/01_高等数学篇/第01讲_函数极限与连续.md	622
ZY30-GS-01-X14	CORE_L2	左右极限及极限存在性	分别计算左右极限	verified	inherited_v2	配套习题/张宇基础30讲/01_高等数学篇/第01讲_函数极限与连续.md	632
ZY30-GS-01-X15	CORE_L2	高阶无穷小与局部展开	局部展开并比较首个非零项	verified	inherited_v2	配套习题/张宇基础30讲/01_高等数学篇/第01讲_函数极限与连续.md	642
ZY30-GS-01-X16	CORE_L2	高阶无穷小与局部展开	局部展开并比较首个非零项	verified	inherited_v2	配套习题/张宇基础30讲/01_高等数学篇/第01讲_函数极限与连续.md	652
ZY30-GS-02-L2.01	CORE_L2	递推数列的有界性	二次函数估计结合不变区间归纳	verified	corrected_v3	配套习题/张宇基础30讲/01_高等数学篇/第02讲_数列极限.md	9
ZY30-GS-02-L2.02	CORE_L2	数列极限与收敛性	估计数列或建立递推极限关系	verified	inherited_v2	配套习题/张宇基础30讲/01_高等数学篇/第02讲_数列极限.md	19
ZY30-GS-02-L2.03	CORE_L2	数列极限与收敛性	估计数列或建立递推极限关系	verified	inherited_v2	配套习题/张宇基础30讲/01_高等数学篇/第02讲_数列极限.md	29
ZY30-GS-02-L2.04	CORE_L2	数列极限与收敛性	估计数列或建立递推极限关系	verified	inherited_v2	配套习题/张宇基础30讲/01_高等数学篇/第02讲_数列极限.md	39
ZY30-GS-02-L2.05	CORE_L2	数列极限与收敛性	估计数列或建立递推极限关系	verified	inherited_v2	配套习题/张宇基础30讲/01_高等数学篇/第02讲_数列极限.md	54
ZY30-GS-02-L2.06	CORE_L2	数列极限与收敛性	估计数列或建立递推极限关系	verified	inherited_v2	配套习题/张宇基础30讲/01_高等数学篇/第02讲_数列极限.md	69
ZY30-GS-02-L2.07	CORE_L2	函数极限的计算与存在性	用不同趋近数列区分无界与趋于无穷	verified	corrected_v3	配套习题/张宇基础30讲/01_高等数学篇/第02讲_数列极限.md	84
ZY30-GS-02-L2.08	CORE_L2	幂指函数的极限	取对数化为乘积极限	verified	inherited_v2	配套习题/张宇基础30讲/01_高等数学篇/第02讲_数列极限.md	99
ZY30-GS-02-L2.09	CORE_L2	数列极限与收敛性	上下界夹逼	verified	corrected_v3	配套习题/张宇基础30讲/01_高等数学篇/第02讲_数列极限.md	109
ZY30-GS-02-L2.10	CORE_L2	数列极限与收敛性	上下界夹逼	verified	corrected_v3	配套习题/张宇基础30讲/01_高等数学篇/第02讲_数列极限.md	119
ZY30-GS-02-L2.11	CORE_L2	数列极限与收敛性	利用非负项夹逼并比较三角函数局部阶次	verified	corrected_v3	配套习题/张宇基础30讲/01_高等数学篇/第02讲_数列极限.md	129
ZY30-GS-02-L2.12	CORE_L2	数列极限与收敛性	先取得不变有界区间再用单调有界定理	verified	corrected_v3	配套习题/张宇基础30讲/01_高等数学篇/第02讲_数列极限.md	139
ZY30-GS-02-L2.13	CORE_L2	数列极限与收敛性	对递推映射用归纳比较相邻项	verified	corrected_v3	配套习题/张宇基础30讲/01_高等数学篇/第02讲_数列极限.md	149
ZY30-GS-02-L2.14	CORE_L2	数列极限与收敛性	先证明固定点唯一再用单调有界收敛	verified	corrected_v3	配套习题/张宇基础30讲/01_高等数学篇/第02讲_数列极限.md	164
ZY30-GS-02-L2.15	CORE_L2	数列极限与收敛性	固定点存在唯一性与区间上的压缩估计	verified	corrected_v3	配套习题/张宇基础30讲/01_高等数学篇/第02讲_数列极限.md	174
ZY30-GS-02-L2.16	CORE_L2	数列极限与收敛性	对照任意精度定义并检验反例	verified	corrected_v3	配套习题/张宇基础30讲/01_高等数学篇/第02讲_数列极限.md	184
ZY30-GS-02-L2.17	CORE_L2	数列极限与收敛性	对照任意精度定义并检验反例	verified	corrected_v3	配套习题/张宇基础30讲/01_高等数学篇/第02讲_数列极限.md	199
ZY30-GS-02-L2.18	CORE_L2	极限保号性	用非零极限控制邻域内符号	verified	inherited_v2	配套习题/张宇基础30讲/01_高等数学篇/第02讲_数列极限.md	214
ZY30-GS-02-X01	CORE_L2	极限保号性	用非零极限控制邻域内符号	verified	inherited_v2	配套习题/张宇基础30讲/01_高等数学篇/第02讲_数列极限.md	232
ZY30-GS-02-X02	CORE_L2	数列极限与收敛性	用比值的最终上界构造几何衰减界	verified	corrected_v3	配套习题/张宇基础30讲/01_高等数学篇/第02讲_数列极限.md	247
ZY30-GS-02-X03	CORE_L2	数列极限的代数化简	有理化并提取主导项	verified	corrected_v3	配套习题/张宇基础30讲/01_高等数学篇/第02讲_数列极限.md	262
ZY30-GS-02-X04	CORE_L2	高阶无穷小与局部展开	无穷远代换后展开幂函数差	verified	corrected_v3	配套习题/张宇基础30讲/01_高等数学篇/第02讲_数列极限.md	272
ZY30-GS-02-X05	CORE_L2	数列极限与收敛性	用统一上下界夹逼并核对开方极限	verified	corrected_v3	配套习题/张宇基础30讲/01_高等数学篇/第02讲_数列极限.md	282
ZY30-GS-02-X06	CORE_L2	数列极限与收敛性	用统一上下界夹逼并核对开方极限	verified	corrected_v3	配套习题/张宇基础30讲/01_高等数学篇/第02讲_数列极限.md	292
ZY30-GS-02-X07	CORE_L2	数列极限与收敛性	用统一上下界夹逼并核对开方极限	verified	corrected_v3	配套习题/张宇基础30讲/01_高等数学篇/第02讲_数列极限.md	302
ZY30-GS-02-X08	CORE_L2	数列极限与收敛性	化为分式递推并证明单调有界	verified	corrected_v3	配套习题/张宇基础30讲/01_高等数学篇/第02讲_数列极限.md	312
ZY30-GS-03-L3.01	CORE_L2	导数的奇偶周期性质与反例辨析	对奇偶或周期关系求导并利用对称点性质	verified	corrected_v3	配套习题/张宇基础30讲/01_高等数学篇/第03讲_一元函数微分学的概念.md	9
ZY30-GS-03-ZL1-P103	CORE_L2	高阶导数	对奇偶或周期关系求导并利用对称点性质	verified	corrected_v3	配套习题/张宇基础30讲/01_高等数学篇/第03讲_一元函数微分学的概念.md	24
ZY30-GS-03-ZL2-P103	CORE_L2	高阶导数	对奇偶或周期关系求导并利用对称点性质	verified	corrected_v3	配套习题/张宇基础30讲/01_高等数学篇/第03讲_一元函数微分学的概念.md	34
ZY30-GS-03-Z02-P103	CORE_L2	高阶导数	对奇偶或周期关系求导并利用对称点性质	verified	corrected_v3	配套习题/张宇基础30讲/01_高等数学篇/第03讲_一元函数微分学的概念.md	44
ZY30-GS-03-L3.02	CORE_L2	高阶导数	对奇偶或周期关系求导并利用对称点性质	verified	corrected_v3	配套习题/张宇基础30讲/01_高等数学篇/第03讲_一元函数微分学的概念.md	54
ZY30-GS-03-L3.03	CORE_L2	导数定义与可导性	差商夹逼	verified	corrected_v3	配套习题/张宇基础30讲/01_高等数学篇/第03讲_一元函数微分学的概念.md	69
ZY30-GS-03-L3.04	CORE_L2	一元函数求导	乘积求导后利用指定点的零因子	verified	corrected_v3	配套习题/张宇基础30讲/01_高等数学篇/第03讲_一元函数微分学的概念.md	84
ZY30-GS-03-L3.05	CORE_L2	导数定义与可导性	按绝对值分界点核对左右差商	verified	corrected_v3	配套习题/张宇基础30讲/01_高等数学篇/第03讲_一元函数微分学的概念.md	99
ZY30-GS-03-L3.06	CORE_L2	导数定义与可导性	按绝对值分界点核对左右差商	verified	corrected_v3	配套习题/张宇基础30讲/01_高等数学篇/第03讲_一元函数微分学的概念.md	114
ZY30-GS-03-L3.07	CORE_L2	导数定义与可导性	按绝对值分界点核对左右差商	verified	corrected_v3	配套习题/张宇基础30讲/01_高等数学篇/第03讲_一元函数微分学的概念.md	129
ZY30-GS-03-ZL1-P109	CORE_L2	曲线切线与法线	用割线斜率极限辨认尖点与竖直切线	verified	corrected_v3	配套习题/张宇基础30讲/01_高等数学篇/第03讲_一元函数微分学的概念.md	144
ZY30-GS-03-ZL2-P109	CORE_L2	曲线切线与法线	用割线斜率极限辨认尖点与竖直切线	verified	corrected_v3	配套习题/张宇基础30讲/01_高等数学篇/第03讲_一元函数微分学的概念.md	154
ZY30-GS-03-L3.08	CORE_L2	曲线切线与法线	先求切线截距再计算幂指极限	verified	corrected_v3	配套习题/张宇基础30讲/01_高等数学篇/第03讲_一元函数微分学的概念.md	164
ZY30-GS-03-L3.09	CORE_L2	一元函数最值	二阶局部展开判定邻域函数值差的符号	verified	corrected_v3	配套习题/张宇基础30讲/01_高等数学篇/第03讲_一元函数微分学的概念.md	174
ZY30-GS-03-L3.10	CORE_L2	微分及函数增量的线性主部	使用可微定义分离线性项	verified	inherited_v2	配套习题/张宇基础30讲/01_高等数学篇/第03讲_一元函数微分学的概念.md	184
ZY30-GS-03-L3.11	CORE_L2	微分及函数增量的线性主部	使用可微定义分离线性项	verified	inherited_v2	配套习题/张宇基础30讲/01_高等数学篇/第03讲_一元函数微分学的概念.md	199
ZY30-GS-03-YTYL	CORE_L2	微分及函数增量的线性主部	使用可微定义分离线性项	verified	inherited_v2	配套习题/张宇基础30讲/01_高等数学篇/第03讲_一元函数微分学的概念.md	214
ZY30-GS-03-X01	CORE_L2	导数定义与可导性	分别计算单侧差商并使用有界性估计	verified	corrected_v3	配套习题/张宇基础30讲/01_高等数学篇/第03讲_一元函数微分学的概念.md	232
ZY30-GS-03-X02	CORE_L2	导数定义与可导性	分别计算单侧差商并使用有界性估计	verified	corrected_v3	配套习题/张宇基础30讲/01_高等数学篇/第03讲_一元函数微分学的概念.md	247
ZY30-GS-03-X03	CORE_L2	微分及函数增量的线性主部	使用可微定义分离线性项	verified	inherited_v2	配套习题/张宇基础30讲/01_高等数学篇/第03讲_一元函数微分学的概念.md	262
ZY30-GS-03-X04	CORE_L2	微分及函数增量的线性主部	使用可微定义分离线性项	verified	inherited_v2	配套习题/张宇基础30讲/01_高等数学篇/第03讲_一元函数微分学的概念.md	277
ZY30-GS-03-X05	CORE_L2	导数定义与可导性	将差商化为导数定义	verified	inherited_v2	配套习题/张宇基础30讲/01_高等数学篇/第03讲_一元函数微分学的概念.md	292
ZY30-GS-03-X06	CORE_L2	导数定义与可导性	提取内层增量并调用已知导数极限	verified	corrected_v3	配套习题/张宇基础30讲/01_高等数学篇/第03讲_一元函数微分学的概念.md	302
ZY30-GS-03-X07	CORE_L2	微分中值定理的应用	对单侧区间使用拉格朗日中值定理后取极限	verified	corrected_v3	配套习题/张宇基础30讲/01_高等数学篇/第03讲_一元函数微分学的概念.md	312
ZY30-GS-03-X08	CORE_L2	导数定义与可导性	先保证连续再由左右差商确定导数	verified	corrected_v3	配套习题/张宇基础30讲/01_高等数学篇/第03讲_一元函数微分学的概念.md	322
ZY30-GS-03-X09	CORE_L2	导数定义与可导性	先保证连续再由左右差商确定导数	verified	corrected_v3	配套习题/张宇基础30讲/01_高等数学篇/第03讲_一元函数微分学的概念.md	332
ZY30-GS-04-L4.01	CORE_L2	一元函数求导	求导法则与复合链式法则	verified	corrected_v3	配套习题/张宇基础30讲/01_高等数学篇/第04讲_一元函数微分学的计算.md	9
ZY30-GS-04-L4.02	CORE_L2	一元函数求导	求导法则与复合链式法则	verified	inherited_v2	配套习题/张宇基础30讲/01_高等数学篇/第04讲_一元函数微分学的计算.md	19
ZY30-GS-04-L4.03	CORE_L2	一元函数求导	求导法则与复合链式法则	verified	inherited_v2	配套习题/张宇基础30讲/01_高等数学篇/第04讲_一元函数微分学的计算.md	29
ZY30-GS-04-L4.04	CORE_L2	一元函数求导	求导法则与复合链式法则	verified	inherited_v2	配套习题/张宇基础30讲/01_高等数学篇/第04讲_一元函数微分学的计算.md	39
ZY30-GS-04-L4.05	CORE_L2	一元函数求导	求导法则与复合链式法则	verified	inherited_v2	配套习题/张宇基础30讲/01_高等数学篇/第04讲_一元函数微分学的计算.md	49
ZY30-GS-04-L4.06	CORE_L2	高阶导数	对绝对值分段求导并检查零点不可导性	verified	corrected_v3	配套习题/张宇基础30讲/01_高等数学篇/第04讲_一元函数微分学的计算.md	59
ZY30-GS-04-L4.07	CORE_L2	反函数的一二阶导数	反函数求导公式与链式法则	verified	inherited_v2	配套习题/张宇基础30讲/01_高等数学篇/第04讲_一元函数微分学的计算.md	69
ZY30-GS-04-L4.08	CORE_L2	隐函数求导	对隐式关系求导并整理	verified	inherited_v2	配套习题/张宇基础30讲/01_高等数学篇/第04讲_一元函数微分学的计算.md	79
ZY30-GS-04-L4.09	CORE_L2	参数方程所确定函数的导数	用参数导数的比值及链式法则	verified	inherited_v2	配套习题/张宇基础30讲/01_高等数学篇/第04讲_一元函数微分学的计算.md	89
ZY30-GS-04-L4.10	CORE_L2	参数方程所确定函数的导数	用参数导数的比值及链式法则	verified	inherited_v2	配套习题/张宇基础30讲/01_高等数学篇/第04讲_一元函数微分学的计算.md	99
ZY30-GS-04-L4.11	CORE_L2	隐函数求导	对隐式关系求导并整理	verified	inherited_v2	配套习题/张宇基础30讲/01_高等数学篇/第04讲_一元函数微分学的计算.md	109
ZY30-GS-04-L4.12	CORE_L2	一元函数求导	对数求导	verified	corrected_v3	配套习题/张宇基础30讲/01_高等数学篇/第04讲_一元函数微分学的计算.md	119
ZY30-GS-04-L4.13	CORE_L2	一元函数求导	对数求导	verified	corrected_v3	配套习题/张宇基础30讲/01_高等数学篇/第04讲_一元函数微分学的计算.md	129
ZY30-GS-04-L4.14	CORE_L2	高阶导数	递推求导或莱布尼茨公式	verified	inherited_v2	配套习题/张宇基础30讲/01_高等数学篇/第04讲_一元函数微分学的计算.md	139
ZY30-GS-04-L4.15	CORE_L2	高阶导数	有理式拆分后递推求导	verified	corrected_v3	配套习题/张宇基础30讲/01_高等数学篇/第04讲_一元函数微分学的计算.md	149
ZY30-GS-04-L4.16	CORE_L2	高阶导数	递推求导或莱布尼茨公式	verified	inherited_v2	配套习题/张宇基础30讲/01_高等数学篇/第04讲_一元函数微分学的计算.md	164
ZY30-GS-04-L4.17	CORE_L2	高阶导数	递推求导或莱布尼茨公式	verified	inherited_v2	配套习题/张宇基础30讲/01_高等数学篇/第04讲_一元函数微分学的计算.md	174
ZY30-GS-04-L4.18	CORE_L2	高阶导数	递推求导或莱布尼茨公式	verified	inherited_v2	配套习题/张宇基础30讲/01_高等数学篇/第04讲_一元函数微分学的计算.md	184
ZY30-GS-04-L4.19	CORE_L2	高阶导数	递推求导或莱布尼茨公式	verified	inherited_v2	配套习题/张宇基础30讲/01_高等数学篇/第04讲_一元函数微分学的计算.md	199
ZY30-GS-04-X01	CORE_L2	一元函数求导	求导法则与复合链式法则	verified	inherited_v2	配套习题/张宇基础30讲/01_高等数学篇/第04讲_一元函数微分学的计算.md	212
ZY30-GS-04-X02	CORE_L2	一元函数求导	求导法则与复合链式法则	verified	inherited_v2	配套习题/张宇基础30讲/01_高等数学篇/第04讲_一元函数微分学的计算.md	227
ZY30-GS-04-X03	CORE_L2	反函数的一二阶导数	反函数求导公式与链式法则	verified	inherited_v2	配套习题/张宇基础30讲/01_高等数学篇/第04讲_一元函数微分学的计算.md	237
ZY30-GS-04-X04	CORE_L2	参数方程所确定函数的导数	用参数导数的比值及链式法则	verified	inherited_v2	配套习题/张宇基础30讲/01_高等数学篇/第04讲_一元函数微分学的计算.md	247
ZY30-GS-04-X05	CORE_L2	高阶导数	反复求导归纳阶数规律	verified	corrected_v3	配套习题/张宇基础30讲/01_高等数学篇/第04讲_一元函数微分学的计算.md	257
ZY30-GS-04-X06	CORE_L2	隐函数求导	对隐式关系求导并整理	verified	inherited_v2	配套习题/张宇基础30讲/01_高等数学篇/第04讲_一元函数微分学的计算.md	267
ZY30-GS-04-X07	CORE_L2	分段商函数导数的连续性	以导数定义和二阶局部展开检验导函数的极限	verified	corrected_v3	配套习题/张宇基础30讲/01_高等数学篇/第04讲_一元函数微分学的计算.md	277
ZY30-GS-04-X08	CORE_L2	高阶导数	提取幂级数中指定阶系数	verified	corrected_v3	配套习题/张宇基础30讲/01_高等数学篇/第04讲_一元函数微分学的计算.md	287
ZY30-GS-05-L5.01	CORE_L2	函数单调性与变换	对函数平方求导后比较绝对值	verified	corrected_v3	配套习题/张宇基础30讲/01_高等数学篇/第05讲_一元函数微分学的几何应用.md	9
ZY30-GS-05-L5.02	CORE_L2	一元函数最值	导数符号与边界比较	verified	inherited_v2	配套习题/张宇基础30讲/01_高等数学篇/第05讲_一元函数微分学的几何应用.md	24
ZY30-GS-05-L5.03	CORE_L2	一元函数最值	导数符号与边界比较	verified	inherited_v2	配套习题/张宇基础30讲/01_高等数学篇/第05讲_一元函数微分学的几何应用.md	39
ZY30-GS-05-L5.04	CORE_L2	一元函数最值	导数符号与边界比较	verified	inherited_v2	配套习题/张宇基础30讲/01_高等数学篇/第05讲_一元函数微分学的几何应用.md	49
ZY30-GS-05-L5.05	CORE_L2	凹凸性与拐点	由微分关系继续求导判断二阶导数变号	verified	corrected_v3	配套习题/张宇基础30讲/01_高等数学篇/第05讲_一元函数微分学的几何应用.md	59
ZY30-GS-05-L5.06	CORE_L2	一元函数最值	绝对值分段比较函数值及两侧凹凸	verified	corrected_v3	配套习题/张宇基础30讲/01_高等数学篇/第05讲_一元函数微分学的几何应用.md	74
ZY30-GS-05-L5.07	CORE_L2	凹凸性与拐点	考查二阶导数及其变号	verified	inherited_v2	配套习题/张宇基础30讲/01_高等数学篇/第05讲_一元函数微分学的几何应用.md	89
ZY30-GS-05-L5.08	CORE_L2	凹凸性与拐点	考查二阶导数及其变号	verified	inherited_v2	配套习题/张宇基础30讲/01_高等数学篇/第05讲_一元函数微分学的几何应用.md	104
ZY30-GS-05-Z2-P151	CORE_L2	一元函数最值	分别统计一二阶导数的变号零点	verified	corrected_v3	配套习题/张宇基础30讲/01_高等数学篇/第05讲_一元函数微分学的几何应用.md	119
ZY30-GS-05-L5.09	CORE_L2	曲线渐近线	以差值极限识别渐近行为	verified	inherited_v2	配套习题/张宇基础30讲/01_高等数学篇/第05讲_一元函数微分学的几何应用.md	134
ZY30-GS-05-L5.10	CORE_L2	由连续函数极值确定数列最大项	先考察连续延拓的极值再比较相邻整数	verified	corrected_v3	配套习题/张宇基础30讲/01_高等数学篇/第05讲_一元函数微分学的几何应用.md	144
ZY30-GS-05-L5.11	CORE_L2	函数及参数曲线图像	综合定义域对称性与导数作图	verified	inherited_v2	配套习题/张宇基础30讲/01_高等数学篇/第05讲_一元函数微分学的几何应用.md	154
ZY30-GS-05-L5.12	CORE_L2	函数及参数曲线图像	综合定义域对称性与导数作图	verified	inherited_v2	配套习题/张宇基础30讲/01_高等数学篇/第05讲_一元函数微分学的几何应用.md	164
ZY30-GS-05-L5.13	CORE_L2	函数及参数曲线图像	综合定义域对称性与导数作图	verified	inherited_v2	配套习题/张宇基础30讲/01_高等数学篇/第05讲_一元函数微分学的几何应用.md	174
ZY30-GS-05-L5.14	CORE_L2	函数及参数曲线图像	综合定义域对称性与导数作图	verified	inherited_v2	配套习题/张宇基础30讲/01_高等数学篇/第05讲_一元函数微分学的几何应用.md	184
ZY30-GS-05-L5.15	CORE_L2	平面曲线曲率	按表示方式计算曲率	verified	inherited_v2	配套习题/张宇基础30讲/01_高等数学篇/第05讲_一元函数微分学的几何应用.md	194
ZY30-GS-05-X01	CORE_L2	一元函数最值	导数符号与边界比较	verified	inherited_v2	配套习题/张宇基础30讲/01_高等数学篇/第05讲_一元函数微分学的几何应用.md	207
ZY30-GS-05-X02	CORE_L2	一元函数最值	导数符号与边界比较	verified	inherited_v2	配套习题/张宇基础30讲/01_高等数学篇/第05讲_一元函数微分学的几何应用.md	222
ZY30-GS-05-X03	CORE_L2	曲线渐近线	以差值极限识别渐近行为	verified	inherited_v2	配套习题/张宇基础30讲/01_高等数学篇/第05讲_一元函数微分学的几何应用.md	237
ZY30-GS-05-X04	CORE_L2	曲线切线与法线	用导数确定切线方向	verified	inherited_v2	配套习题/张宇基础30讲/01_高等数学篇/第05讲_一元函数微分学的几何应用.md	247
ZY30-GS-05-X05	CORE_L2	凹凸性与拐点	考查二阶导数及其变号	verified	inherited_v2	配套习题/张宇基础30讲/01_高等数学篇/第05讲_一元函数微分学的几何应用.md	257
ZY30-GS-05-X06	CORE_L2	一元函数最值	导数符号与边界比较	verified	inherited_v2	配套习题/张宇基础30讲/01_高等数学篇/第05讲_一元函数微分学的几何应用.md	267
ZY30-GS-05-X07	CORE_L2	曲线渐近线	以差值极限识别渐近行为	verified	inherited_v2	配套习题/张宇基础30讲/01_高等数学篇/第05讲_一元函数微分学的几何应用.md	277
ZY30-GS-05-X08	CORE_L2	平面曲线曲率	按表示方式计算曲率	verified	inherited_v2	配套习题/张宇基础30讲/01_高等数学篇/第05讲_一元函数微分学的几何应用.md	287
ZY30-GS-05-X09	CORE_L2	一元函数最值	隐式求导后分类求驻点及二阶符号	verified	corrected_v3	配套习题/张宇基础30讲/01_高等数学篇/第05讲_一元函数微分学的几何应用.md	297
ZY30-GS-06-L6.01	CORE_L2	连续函数零点的存在性与唯一性	辅助函数减去恒等函数后应用介值定理	verified	corrected_v3	配套习题/张宇基础30讲/01_高等数学篇/第06讲_中值定理、微分等式与微分不等式.md	9
ZY30-GS-06-L6.02	CORE_L2	连续函数零点的存在性与唯一性	介值定理与单调性	verified	inherited_v2	配套习题/张宇基础30讲/01_高等数学篇/第06讲_中值定理、微分等式与微分不等式.md	19
ZY30-GS-06-L6.03	CORE_L2	微分中值定理的应用	构造辅助函数并核对定理条件	verified	inherited_v2	配套习题/张宇基础30讲/01_高等数学篇/第06讲_中值定理、微分等式与微分不等式.md	29
ZY30-GS-06-L6.04	CORE_L2	微分中值定理的应用	构造辅助函数并核对定理条件	verified	inherited_v2	配套习题/张宇基础30讲/01_高等数学篇/第06讲_中值定理、微分等式与微分不等式.md	39
ZY30-GS-06-L6.05	CORE_L2	微分中值定理的应用	构造辅助函数并核对定理条件	verified	inherited_v2	配套习题/张宇基础30讲/01_高等数学篇/第06讲_中值定理、微分等式与微分不等式.md	49
ZY30-GS-06-L6.06	CORE_L2	微分中值定理的应用	构造辅助函数并核对定理条件	verified	inherited_v2	配套习题/张宇基础30讲/01_高等数学篇/第06讲_中值定理、微分等式与微分不等式.md	59
ZY30-GS-06-L6.07	CORE_L2	微分中值定理的应用	构造辅助函数并核对定理条件	verified	inherited_v2	配套习题/张宇基础30讲/01_高等数学篇/第06讲_中值定理、微分等式与微分不等式.md	69
ZY30-GS-06-L6.08	CORE_L2	微分中值定理的应用	构造辅助函数并核对定理条件	verified	inherited_v2	配套习题/张宇基础30讲/01_高等数学篇/第06讲_中值定理、微分等式与微分不等式.md	79
ZY30-GS-06-L6.09	CORE_L2	微分中值定理的应用	构造辅助函数并核对定理条件	verified	inherited_v2	配套习题/张宇基础30讲/01_高等数学篇/第06讲_中值定理、微分等式与微分不等式.md	89
ZY30-GS-06-L6.10	CORE_L2	微分中值定理的应用	构造辅助函数并核对定理条件	verified	inherited_v2	配套习题/张宇基础30讲/01_高等数学篇/第06讲_中值定理、微分等式与微分不等式.md	99
ZY30-GS-06-L6.11	CORE_L2	微分中值定理的应用	构造辅助函数并核对定理条件	verified	inherited_v2	配套习题/张宇基础30讲/01_高等数学篇/第06讲_中值定理、微分等式与微分不等式.md	114
ZY30-GS-06-L6.12	CORE_L2	积分不等式与积分中值定理	用凹凸性比较中点值与积分均值	verified	corrected_v3	配套习题/张宇基础30讲/01_高等数学篇/第06讲_中值定理、微分等式与微分不等式.md	124
ZY30-GS-06-L6.13	CORE_L2	微分中值定理的应用	在中点作带余项展开并合并端点条件	verified	corrected_v3	配套习题/张宇基础30讲/01_高等数学篇/第06讲_中值定理、微分等式与微分不等式.md	139
ZY30-GS-06-L6.14	CORE_L2	连续函数零点的存在性与唯一性	介值定理与单调性	verified	inherited_v2	配套习题/张宇基础30讲/01_高等数学篇/第06讲_中值定理、微分等式与微分不等式.md	149
ZY30-GS-06-L6.15	CORE_L2	连续函数零点的存在性与唯一性	介值定理与单调性	verified	inherited_v2	配套习题/张宇基础30讲/01_高等数学篇/第06讲_中值定理、微分等式与微分不等式.md	164
ZY30-GS-06-L6.16	CORE_L2	连续函数零点的存在性与唯一性	介值定理与单调性	verified	inherited_v2	配套习题/张宇基础30讲/01_高等数学篇/第06讲_中值定理、微分等式与微分不等式.md	179
ZY30-GS-06-L6.17	CORE_L2	连续函数零点的存在性与唯一性	介值定理与单调性	verified	inherited_v2	配套习题/张宇基础30讲/01_高等数学篇/第06讲_中值定理、微分等式与微分不等式.md	189
ZY30-GS-06-L6.18	CORE_L2	连续函数零点的存在性与唯一性	介值定理与单调性	verified	inherited_v2	配套习题/张宇基础30讲/01_高等数学篇/第06讲_中值定理、微分等式与微分不等式.md	199
ZY30-GS-06-L6.19	CORE_L2	微分学证明不等式	构造差函数或比值函数分析单调性	verified	inherited_v2	配套习题/张宇基础30讲/01_高等数学篇/第06讲_中值定理、微分等式与微分不等式.md	209
ZY30-GS-06-L6.20	CORE_L2	微分学证明不等式	构造差函数或比值函数分析单调性	verified	inherited_v2	配套习题/张宇基础30讲/01_高等数学篇/第06讲_中值定理、微分等式与微分不等式.md	219
ZY30-GS-06-L6.21	CORE_L2	微分学证明不等式	构造差函数或比值函数分析单调性	verified	inherited_v2	配套习题/张宇基础30讲/01_高等数学篇/第06讲_中值定理、微分等式与微分不等式.md	229
ZY30-GS-06-X01	CORE_L2	连续函数零点的存在性与唯一性	介值定理与单调性	verified	inherited_v2	配套习题/张宇基础30讲/01_高等数学篇/第06讲_中值定理、微分等式与微分不等式.md	242
ZY30-GS-06-X02	CORE_L2	分母非零条件与全局连续性	由分母非零条件转为辅助函数值域	verified	corrected_v3	配套习题/张宇基础30讲/01_高等数学篇/第06讲_中值定理、微分等式与微分不等式.md	257
ZY30-GS-06-X03	CORE_L2	连续函数零点的存在性与唯一性	构造积分原函数并用罗尔定理	verified	corrected_v3	配套习题/张宇基础30讲/01_高等数学篇/第06讲_中值定理、微分等式与微分不等式.md	272
ZY30-GS-06-X04	CORE_L2	微分中值定理的应用	构造辅助函数并核对定理条件	verified	corrected_v3	配套习题/张宇基础30讲/01_高等数学篇/第06讲_中值定理、微分等式与微分不等式.md	282
ZY30-GS-06-X05	CORE_L2	微分中值定理的应用	构造辅助函数并核对定理条件	verified	inherited_v2	配套习题/张宇基础30讲/01_高等数学篇/第06讲_中值定理、微分等式与微分不等式.md	292
ZY30-GS-06-X06	CORE_L2	微分中值定理的应用	构造辅助函数并核对定理条件	verified	corrected_v3	配套习题/张宇基础30讲/01_高等数学篇/第06讲_中值定理、微分等式与微分不等式.md	302
ZY30-GS-06-X07	CORE_L2	微分中值定理的应用	构造辅助函数并核对定理条件	verified	inherited_v2	配套习题/张宇基础30讲/01_高等数学篇/第06讲_中值定理、微分等式与微分不等式.md	312
ZY30-GS-06-X08	CORE_L2	微分中值定理的应用	分别在两端点使用一阶泰勒余项并消去函数值	verified	corrected_v3	配套习题/张宇基础30讲/01_高等数学篇/第06讲_中值定理、微分等式与微分不等式.md	322
ZY30-GS-06-X09	CORE_L2	微分学证明不等式	构造差函数或比值函数分析单调性	verified	inherited_v2	配套习题/张宇基础30讲/01_高等数学篇/第06讲_中值定理、微分等式与微分不等式.md	332
ZY30-GS-06-X10	CORE_L2	微分学证明不等式	构造差函数或比值函数分析单调性	verified	inherited_v2	配套习题/张宇基础30讲/01_高等数学篇/第06讲_中值定理、微分等式与微分不等式.md	342
ZY30-GS-07-L7.01	CORE_L2	相关变化率	对几何关系关于时间求导	verified	inherited_v2	配套习题/张宇基础30讲/01_高等数学篇/第07讲_一元函数微分学的物理应用.md	9
ZY30-GS-07-X01	CORE_L2	相关变化率	对几何关系关于时间求导	verified	inherited_v2	配套习题/张宇基础30讲/01_高等数学篇/第07讲_一元函数微分学的物理应用.md	22
ZY30-GS-07-X03	CORE_L2	相关变化率	对几何关系关于时间求导	verified	inherited_v2	配套习题/张宇基础30讲/01_高等数学篇/第07讲_一元函数微分学的物理应用.md	32
ZY30-GS-08-L8.01	CORE_L2	不定积分与原函数	对积分等式求导后换回自变量	verified	corrected_v3	配套习题/张宇基础30讲/01_高等数学篇/第08讲_一元函数积分学的概念与性质.md	9
ZY30-GS-08-L8.02	CORE_L2	不定积分与原函数	对给定原函数求导并核对分段连接常数	verified	corrected_v3	配套习题/张宇基础30讲/01_高等数学篇/第08讲_一元函数积分学的概念与性质.md	24
ZY30-GS-08-L8.03	CORE_L2	原函数存在性与定积分可积性	区分导数介值性与有界可积条件	verified	inherited_v2	配套习题/张宇基础30讲/01_高等数学篇/第08讲_一元函数积分学的概念与性质.md	39
ZY30-GS-08-L8.04	CORE_L2	定积分表示平面区域面积	反函数围成区域的面积分解	verified	corrected_v3	配套习题/张宇基础30讲/01_高等数学篇/第08讲_一元函数积分学的概念与性质.md	54
ZY30-GS-08-L8.05	CORE_L2	定积分表示平面区域面积	分区建立面积微元	verified	inherited_v2	配套习题/张宇基础30讲/01_高等数学篇/第08讲_一元函数积分学的概念与性质.md	69
ZY30-GS-08-L8.06	CORE_L2	积分定义求和式极限	化为黎曼和或估计误差	verified	inherited_v2	配套习题/张宇基础30讲/01_高等数学篇/第08讲_一元函数积分学的概念与性质.md	84
ZY30-GS-08-L8.07	CORE_L2	积分不等式与积分中值定理	积分性质或辅助函数估计	verified	inherited_v2	配套习题/张宇基础30讲/01_高等数学篇/第08讲_一元函数积分学的概念与性质.md	99
ZY30-GS-08-L8.08	CORE_L2	积分不等式与积分中值定理	积分性质或辅助函数估计	verified	inherited_v2	配套习题/张宇基础30讲/01_高等数学篇/第08讲_一元函数积分学的概念与性质.md	109
ZY30-GS-08-L8.09	CORE_L2	积分不等式与积分中值定理	积分性质或辅助函数估计	verified	inherited_v2	配套习题/张宇基础30讲/01_高等数学篇/第08讲_一元函数积分学的概念与性质.md	119
ZY30-GS-08-L8.10	CORE_L2	积分不等式与积分中值定理	积分性质或辅助函数估计	verified	inherited_v2	配套习题/张宇基础30讲/01_高等数学篇/第08讲_一元函数积分学的概念与性质.md	134
ZY30-GS-08-L8.11	CORE_L2	变限积分求导	依据被积函数图像的符号与单调性判断原函数图像	verified	inherited_v2	配套习题/张宇基础30讲/01_高等数学篇/第08讲_一元函数积分学的概念与性质.md	149
ZY30-GS-08-L8.12	CORE_L2	变限积分求导	区分积分对单点值不敏感与单侧导数	verified	corrected_v3	配套习题/张宇基础30讲/01_高等数学篇/第08讲_一元函数积分学的概念与性质.md	164
ZY30-GS-08-L8.13	CORE_L2	变限积分求导	区分积分对单点值不敏感与单侧导数	verified	corrected_v3	配套习题/张宇基础30讲/01_高等数学篇/第08讲_一元函数积分学的概念与性质.md	179
ZY30-GS-08-L8.14	CORE_L2	一阶稳定线性方程解的有界性与极限	积分因子表示与积分估计	verified	inherited_v2	配套习题/张宇基础30讲/01_高等数学篇/第08讲_一元函数积分学的概念与性质.md	194
ZY30-GS-08-L8.15	CORE_L2	反常积分敛散性与计算	化为端点极限并检查收敛	verified	inherited_v2	配套习题/张宇基础30讲/01_高等数学篇/第08讲_一元函数积分学的概念与性质.md	204
ZY30-GS-08-L8.16	CORE_L2	反常积分敛散性与计算	化为端点极限并检查收敛	verified	inherited_v2	配套习题/张宇基础30讲/01_高等数学篇/第08讲_一元函数积分学的概念与性质.md	219
ZY30-GS-08-L8.17	CORE_L2	反常积分敛散性与计算	化为端点极限并检查收敛	verified	inherited_v2	配套习题/张宇基础30讲/01_高等数学篇/第08讲_一元函数积分学的概念与性质.md	229
ZY30-GS-08-L8.18	CORE_L2	反常积分敛散性与计算	化为端点极限并检查收敛	verified	inherited_v2	配套习题/张宇基础30讲/01_高等数学篇/第08讲_一元函数积分学的概念与性质.md	244
ZY30-GS-08-L8.19	CORE_L2	反常积分敛散性与计算	化为端点极限并检查收敛	verified	inherited_v2	配套习题/张宇基础30讲/01_高等数学篇/第08讲_一元函数积分学的概念与性质.md	259
ZY30-GS-08-X01	CORE_L2	积分不等式与积分中值定理	积分性质或辅助函数估计	verified	inherited_v2	配套习题/张宇基础30讲/01_高等数学篇/第08讲_一元函数积分学的概念与性质.md	277
ZY30-GS-08-X02	CORE_L2	原函数存在性与定积分可积性	区分导数介值性与有界可积条件	verified	inherited_v2	配套习题/张宇基础30讲/01_高等数学篇/第08讲_一元函数积分学的概念与性质.md	292
ZY30-GS-08-X03	CORE_L2	反常积分敛散性与计算	化为端点极限并检查收敛	verified	inherited_v2	配套习题/张宇基础30讲/01_高等数学篇/第08讲_一元函数积分学的概念与性质.md	307
ZY30-GS-08-X04	CORE_L2	积分定义求和式极限	化为黎曼和或估计误差	verified	inherited_v2	配套习题/张宇基础30讲/01_高等数学篇/第08讲_一元函数积分学的概念与性质.md	322
ZY30-GS-08-X05	CORE_L2	积分定义求和式极限	化为黎曼和或估计误差	verified	inherited_v2	配套习题/张宇基础30讲/01_高等数学篇/第08讲_一元函数积分学的概念与性质.md	332
ZY30-GS-08-X06	CORE_L2	变限积分求导	分别用被积函数的单侧极限求单侧导数	verified	corrected_v3	配套习题/张宇基础30讲/01_高等数学篇/第08讲_一元函数积分学的概念与性质.md	342
ZY30-GS-08-X07	CORE_L2	反常积分敛散性与计算	对数换元化为幂函数反常积分	verified	corrected_v3	配套习题/张宇基础30讲/01_高等数学篇/第08讲_一元函数积分学的概念与性质.md	352
ZY30-GS-09-L9.01	CORE_L2	不定积分与原函数	凑微分作变量代换	verified	corrected_v3	配套习题/张宇基础30讲/01_高等数学篇/第09讲_一元函数积分学的计算.md	9
ZY30-GS-09-L9.02	CORE_L2	不定积分与原函数	凑微分作变量代换	verified	corrected_v3	配套习题/张宇基础30讲/01_高等数学篇/第09讲_一元函数积分学的计算.md	19
ZY30-GS-09-L9.03	CORE_L2	不定积分与原函数	三角代换后降幂积分	verified	corrected_v3	配套习题/张宇基础30讲/01_高等数学篇/第09讲_一元函数积分学的计算.md	29
ZY30-GS-09-L9.04	CORE_L2	不定积分与原函数	先换元再作分部积分	verified	corrected_v3	配套习题/张宇基础30讲/01_高等数学篇/第09讲_一元函数积分学的计算.md	39
ZY30-GS-09-L9.05	CORE_L2	不定积分与原函数	先换元再作分部积分	verified	corrected_v3	配套习题/张宇基础30讲/01_高等数学篇/第09讲_一元函数积分学的计算.md	49
ZY30-GS-09-L9.06	CORE_L2	不定积分与原函数	先换元再作分部积分	verified	corrected_v3	配套习题/张宇基础30讲/01_高等数学篇/第09讲_一元函数积分学的计算.md	59
ZY30-GS-09-L9.07	CORE_L2	不定积分与原函数	识别乘积的导数结构	verified	corrected_v3	配套习题/张宇基础30讲/01_高等数学篇/第09讲_一元函数积分学的计算.md	69
ZY30-GS-09-L9.08	CORE_L2	不定积分与原函数	部分分式分解或配方	verified	corrected_v3	配套习题/张宇基础30讲/01_高等数学篇/第09讲_一元函数积分学的计算.md	79
ZY30-GS-09-L9.09	CORE_L2	不定积分与原函数	部分分式分解或配方	verified	corrected_v3	配套习题/张宇基础30讲/01_高等数学篇/第09讲_一元函数积分学的计算.md	89
ZY30-GS-09-L9.10	CORE_L2	不定积分与原函数	部分分式分解或配方	verified	corrected_v3	配套习题/张宇基础30讲/01_高等数学篇/第09讲_一元函数积分学的计算.md	99
ZY30-GS-09-L9.11	CORE_L2	定积分计算	先整理复合函数解析式再积分	verified	corrected_v3	配套习题/张宇基础30讲/01_高等数学篇/第09讲_一元函数积分学的计算.md	109
ZY30-GS-09-L9.12	CORE_L2	积分定义求和式极限	化为黎曼和或估计误差	verified	inherited_v2	配套习题/张宇基础30讲/01_高等数学篇/第09讲_一元函数积分学的计算.md	119
ZY30-GS-09-L9.13	CORE_L2	定积分计算	三角代换并核对反三角主值区间	verified	corrected_v3	配套习题/张宇基础30讲/01_高等数学篇/第09讲_一元函数积分学的计算.md	129
ZY30-GS-09-L9.14	CORE_L2	定积分计算	三角代换并核对反三角主值区间	verified	corrected_v3	配套习题/张宇基础30讲/01_高等数学篇/第09讲_一元函数积分学的计算.md	139
ZY30-GS-09-L9.15	CORE_L2	定积分计算	反三角主值分段结合区间反射	verified	corrected_v3	配套习题/张宇基础30讲/01_高等数学篇/第09讲_一元函数积分学的计算.md	149
ZY30-GS-09-L9.16	CORE_L2	定积分计算	平移或区间反射换元	verified	corrected_v3	配套习题/张宇基础30讲/01_高等数学篇/第09讲_一元函数积分学的计算.md	159
ZY30-GS-09-L9.17	CORE_L2	定积分计算	平移或区间反射换元	verified	corrected_v3	配套习题/张宇基础30讲/01_高等数学篇/第09讲_一元函数积分学的计算.md	169
ZY30-GS-09-L9.18	CORE_L2	定积分计算	平移或区间反射换元	verified	corrected_v3	配套习题/张宇基础30讲/01_高等数学篇/第09讲_一元函数积分学的计算.md	179
ZY30-GS-09-L9.19	CORE_L2	定积分计算	分部积分并对变限函数求导	verified	corrected_v3	配套习题/张宇基础30讲/01_高等数学篇/第09讲_一元函数积分学的计算.md	189
ZY30-GS-09-L9.20	CORE_L2	曲线切线与法线	变限积分求导后确定法线	verified	corrected_v3	配套习题/张宇基础30讲/01_高等数学篇/第09讲_一元函数积分学的计算.md	204
ZY30-GS-09-L9.21	CORE_L2	高阶无穷小与局部展开	按绝对值零点拆分积分并展开	verified	corrected_v3	配套习题/张宇基础30讲/01_高等数学篇/第09讲_一元函数积分学的计算.md	219
ZY30-GS-09-L9.22	CORE_L2	一元函数最值	换元化为单变限积分后求导判别	verified	corrected_v3	配套习题/张宇基础30讲/01_高等数学篇/第09讲_一元函数积分学的计算.md	229
ZY30-GS-09-L9.23	CORE_L2	函数奇偶性的判定	变量反射与原函数常数的核对	verified	corrected_v3	配套习题/张宇基础30讲/01_高等数学篇/第09讲_一元函数积分学的计算.md	244
ZY30-GS-09-L9.24	CORE_L2	函数奇偶性的判定	变量反射与原函数常数的核对	verified	corrected_v3	配套习题/张宇基础30讲/01_高等数学篇/第09讲_一元函数积分学的计算.md	254
ZY30-GS-09-L9.25	CORE_L2	函数周期性及平移关系	计算一个周期内原函数的增量	verified	corrected_v3	配套习题/张宇基础30讲/01_高等数学篇/第09讲_一元函数积分学的计算.md	269
ZY30-GS-09-L9.26	CORE_L2	反常积分敛散性与计算	化为端点极限并检查收敛	verified	inherited_v2	配套习题/张宇基础30讲/01_高等数学篇/第09讲_一元函数积分学的计算.md	279
ZY30-GS-09-L9.27	CORE_L2	反常积分敛散性与计算	化为端点极限并检查收敛	verified	inherited_v2	配套习题/张宇基础30讲/01_高等数学篇/第09讲_一元函数积分学的计算.md	289
ZY30-GS-09-L9.28	CORE_L2	反常积分敛散性与计算	化为端点极限并检查收敛	verified	inherited_v2	配套习题/张宇基础30讲/01_高等数学篇/第09讲_一元函数积分学的计算.md	299
ZY30-GS-09-L9.29	CORE_L2	反常积分敛散性与计算	化为端点极限并检查收敛	verified	inherited_v2	配套习题/张宇基础30讲/01_高等数学篇/第09讲_一元函数积分学的计算.md	309
ZY30-GS-09-X01	CORE_L2	不定积分与原函数	先求导识别被积函数再积分	verified	corrected_v3	配套习题/张宇基础30讲/01_高等数学篇/第09讲_一元函数积分学的计算.md	322
ZY30-GS-09-X02	CORE_L2	定积分计算	将未知积分设为常数并对等式积分	verified	corrected_v3	配套习题/张宇基础30讲/01_高等数学篇/第09讲_一元函数积分学的计算.md	332
ZY30-GS-09-X03	CORE_L2	函数极限的计算与存在性	洛必达法则与变限积分求导	verified	corrected_v3	配套习题/张宇基础30讲/01_高等数学篇/第09讲_一元函数积分学的计算.md	342
ZY30-GS-09-X04	CORE_L2	不定积分与原函数	分部积分	verified	corrected_v3	配套习题/张宇基础30讲/01_高等数学篇/第09讲_一元函数积分学的计算.md	352
ZY30-GS-09-X05	CORE_L2	不定积分与原函数	分部积分	verified	corrected_v3	配套习题/张宇基础30讲/01_高等数学篇/第09讲_一元函数积分学的计算.md	362
ZY30-GS-09-X06	CORE_L2	反常积分敛散性与计算	根式换元化为有理函数积分	verified	corrected_v3	配套习题/张宇基础30讲/01_高等数学篇/第09讲_一元函数积分学的计算.md	372
ZY30-GS-09-X07	CORE_L2	不定积分与原函数	分部积分后作根式换元	verified	corrected_v3	配套习题/张宇基础30讲/01_高等数学篇/第09讲_一元函数积分学的计算.md	382
ZY30-GS-09-X08	CORE_L2	不定积分与原函数	换元后分部积分	verified	corrected_v3	配套习题/张宇基础30讲/01_高等数学篇/第09讲_一元函数积分学的计算.md	392
ZY30-GS-09-X09	CORE_L2	不定积分与原函数	按最大值函数的分界点分段积分并匹配常数	verified	corrected_v3	配套习题/张宇基础30讲/01_高等数学篇/第09讲_一元函数积分学的计算.md	402
ZY30-GS-09-X10	CORE_L2	定积分计算	分段正切换元	verified	corrected_v3	配套习题/张宇基础30讲/01_高等数学篇/第09讲_一元函数积分学的计算.md	412
ZY30-GS-09-X11	CORE_L2	定积分计算	识别指数与根式乘积的导数	verified	corrected_v3	配套习题/张宇基础30讲/01_高等数学篇/第09讲_一元函数积分学的计算.md	422
ZY30-GS-09-X12	CORE_L2	定积分计算	反射换元后作余弦代换	verified	corrected_v3	配套习题/张宇基础30讲/01_高等数学篇/第09讲_一元函数积分学的计算.md	432
ZY30-GS-09-X13	CORE_L2	定积分计算	奇偶分解后作根式换元	verified	corrected_v3	配套习题/张宇基础30讲/01_高等数学篇/第09讲_一元函数积分学的计算.md	442
ZY30-GS-09-X14	CORE_L2	定积分计算	依据分段点拆分积分	verified	corrected_v3	配套习题/张宇基础30讲/01_高等数学篇/第09讲_一元函数积分学的计算.md	452
ZY30-GS-09-X15	CORE_L2	定积分计算	依据分段点拆分积分	verified	corrected_v3	配套习题/张宇基础30讲/01_高等数学篇/第09讲_一元函数积分学的计算.md	462
ZY30-GS-09-X16	CORE_L2	积分方程转化为微分方程	换元去掉参数乘积后求导并回代	verified	corrected_v3	配套习题/张宇基础30讲/01_高等数学篇/第09讲_一元函数积分学的计算.md	472
ZY30-GS-09-X17	CORE_L2	变限积分求导	按绝对值分界点拆分再求导	verified	corrected_v3	配套习题/张宇基础30讲/01_高等数学篇/第09讲_一元函数积分学的计算.md	482
ZY30-GS-10-L10.01	CORE_L2	定积分表示平面区域面积	计算相邻幂函数间面积并将部分和极限化简	verified	corrected_v3	配套习题/张宇基础30讲/01_高等数学篇/第10讲_一元函数积分学的几何应用.md	9
ZY30-GS-10-L10.02	CORE_L2	定积分表示平面区域面积	分区建立面积微元	verified	inherited_v2	配套习题/张宇基础30讲/01_高等数学篇/第10讲_一元函数积分学的几何应用.md	19
ZY30-GS-10-L10.03	CORE_L2	定积分表示平面区域面积	分区建立面积微元	verified	inherited_v2	配套习题/张宇基础30讲/01_高等数学篇/第10讲_一元函数积分学的几何应用.md	29
ZY30-GS-10-L10.04	CORE_L2	定积分表示平面区域面积	分区建立面积微元	verified	inherited_v2	配套习题/张宇基础30讲/01_高等数学篇/第10讲_一元函数积分学的几何应用.md	39
ZY30-GS-10-L10.05	CORE_L2	旋转体体积	截面或壳层积分	verified	inherited_v2	配套习题/张宇基础30讲/01_高等数学篇/第10讲_一元函数积分学的几何应用.md	49
ZY30-GS-10-L10.06	CORE_L2	旋转体体积	联立函数关系后作圆环截面积分	verified	corrected_v3	配套习题/张宇基础30讲/01_高等数学篇/第10讲_一元函数积分学的几何应用.md	59
ZY30-GS-10-L10.07	CORE_L2	无界平面区域的面积与旋转体体积	切线确定边界后分段积分与圆柱壳法	verified	corrected_v3	配套习题/张宇基础30讲/01_高等数学篇/第10讲_一元函数积分学的几何应用.md	69
ZY30-GS-10-L10.08	CORE_L2	定积分计算	利用平移关系换元再求平均值	verified	corrected_v3	配套习题/张宇基础30讲/01_高等数学篇/第10讲_一元函数积分学的几何应用.md	79
ZY30-GS-10-L10.09	CORE_L2	积分表示质心与形心	质量矩除以总质量	verified	inherited_v2	配套习题/张宇基础30讲/01_高等数学篇/第10讲_一元函数积分学的几何应用.md	89
ZY30-GS-10-L10.10	CORE_L2	曲线弧长	弧长微元积分	verified	inherited_v2	配套习题/张宇基础30讲/01_高等数学篇/第10讲_一元函数积分学的几何应用.md	99
ZY30-GS-10-L10.11	CORE_L2	曲线弧长	弧长微元积分	verified	inherited_v2	配套习题/张宇基础30讲/01_高等数学篇/第10讲_一元函数积分学的几何应用.md	109
ZY30-GS-10-L10.12	CORE_L2	旋转曲面的面积	旋转半径乘弧长微元积分	verified	inherited_v2	配套习题/张宇基础30讲/01_高等数学篇/第10讲_一元函数积分学的几何应用.md	119
ZY30-GS-10-L10.13	CORE_L2	旋转曲面的面积	旋转半径乘弧长微元积分	verified	inherited_v2	配套习题/张宇基础30讲/01_高等数学篇/第10讲_一元函数积分学的几何应用.md	129
ZY30-GS-10-L10.14	CORE_L2	旋转体体积	截面或壳层积分	verified	inherited_v2	配套习题/张宇基础30讲/01_高等数学篇/第10讲_一元函数积分学的几何应用.md	139
ZY30-GS-10-X01	CORE_L2	旋转体体积	截面或壳层积分	verified	inherited_v2	配套习题/张宇基础30讲/01_高等数学篇/第10讲_一元函数积分学的几何应用.md	152
ZY30-GS-10-X02	CORE_L2	旋转体体积	圆环截面积分	verified	corrected_v3	配套习题/张宇基础30讲/01_高等数学篇/第10讲_一元函数积分学的几何应用.md	162
ZY30-GS-10-X03	CORE_L2	曲线弧长	弧长微元积分	verified	inherited_v2	配套习题/张宇基础30讲/01_高等数学篇/第10讲_一元函数积分学的几何应用.md	172
ZY30-GS-10-X04	CORE_L2	曲线弧长	弧长微元积分	verified	inherited_v2	配套习题/张宇基础30讲/01_高等数学篇/第10讲_一元函数积分学的几何应用.md	182
ZY30-GS-10-X05	CORE_L2	定积分计算	计算积分均值	verified	corrected_v3	配套习题/张宇基础30讲/01_高等数学篇/第10讲_一元函数积分学的几何应用.md	192
ZY30-GS-10-X06	CORE_L2	一元函数最值	用切点参数建立面积函数后求最值	verified	corrected_v3	配套习题/张宇基础30讲/01_高等数学篇/第10讲_一元函数积分学的几何应用.md	202
ZY30-GS-10-X07	CORE_L2	旋转体体积	建立两轴旋转体积后优化参数	verified	corrected_v3	配套习题/张宇基础30讲/01_高等数学篇/第10讲_一元函数积分学的几何应用.md	212
ZY30-GS-10-X08	CORE_L2	旋转体体积	截面或壳层积分	verified	inherited_v2	配套习题/张宇基础30讲/01_高等数学篇/第10讲_一元函数积分学的几何应用.md	222
ZY30-GS-10-X09	CORE_L2	旋转体体积	截面或壳层积分	verified	inherited_v2	配套习题/张宇基础30讲/01_高等数学篇/第10讲_一元函数积分学的几何应用.md	232
ZY30-GS-11-L11.01	CORE_L2	积分不等式与积分中值定理	加权积分中值定理结合分区一致估计	verified	corrected_v3	配套习题/张宇基础30讲/01_高等数学篇/第11讲_积分等式与积分不等式.md	9
ZY30-GS-11-L11.02	CORE_L2	积分不等式与积分中值定理	积分性质或辅助函数估计	verified	inherited_v2	配套习题/张宇基础30讲/01_高等数学篇/第11讲_积分等式与积分不等式.md	19
ZY30-GS-11-L11.03	CORE_L2	积分不等式与积分中值定理	积分性质或辅助函数估计	verified	inherited_v2	配套习题/张宇基础30讲/01_高等数学篇/第11讲_积分等式与积分不等式.md	29
ZY30-GS-11-L11.04	CORE_L2	积分不等式与积分中值定理	积分性质或辅助函数估计	verified	corrected_v3	配套习题/张宇基础30讲/01_高等数学篇/第11讲_积分等式与积分不等式.md	44
ZY30-GS-11-L11.05	CORE_L2	积分不等式与积分中值定理	积分性质或辅助函数估计	verified	inherited_v2	配套习题/张宇基础30讲/01_高等数学篇/第11讲_积分等式与积分不等式.md	54
ZY30-GS-11-L11.06	CORE_L2	积分不等式与积分中值定理	两次分部积分后用积分绝对值估计	verified	corrected_v3	配套习题/张宇基础30讲/01_高等数学篇/第11讲_积分等式与积分不等式.md	64
ZY30-GS-11-L11.07	CORE_L2	积分不等式与积分中值定理	分区间使用单调函数值与权质量比较	verified	corrected_v3	配套习题/张宇基础30讲/01_高等数学篇/第11讲_积分等式与积分不等式.md	74
ZY30-GS-11-L11.08	CORE_L2	积分不等式与积分中值定理	积分性质或辅助函数估计	verified	inherited_v2	配套习题/张宇基础30讲/01_高等数学篇/第11讲_积分等式与积分不等式.md	84
ZY30-GS-11-L11.09	CORE_L2	积分不等式与积分中值定理	积分性质或辅助函数估计	verified	inherited_v2	配套习题/张宇基础30讲/01_高等数学篇/第11讲_积分等式与积分不等式.md	94
ZY30-GS-11-L11.10	CORE_L2	积分不等式与积分中值定理	积分性质或辅助函数估计	verified	inherited_v2	配套习题/张宇基础30讲/01_高等数学篇/第11讲_积分等式与积分不等式.md	104
ZY30-GS-11-L11.11	CORE_L2	积分不等式与积分中值定理	积分性质或辅助函数估计	verified	inherited_v2	配套习题/张宇基础30讲/01_高等数学篇/第11讲_积分等式与积分不等式.md	114
ZY30-GS-11-X01	CORE_L2	积分不等式与积分中值定理	积分性质或辅助函数估计	verified	inherited_v2	配套习题/张宇基础30讲/01_高等数学篇/第11讲_积分等式与积分不等式.md	127
ZY30-GS-11-X02	CORE_L2	积分不等式与积分中值定理	积分性质或辅助函数估计	verified	inherited_v2	配套习题/张宇基础30讲/01_高等数学篇/第11讲_积分等式与积分不等式.md	137
ZY30-GS-11-X03	CORE_L2	定积分计算	反函数换元配合分部积分	verified	corrected_v3	配套习题/张宇基础30讲/01_高等数学篇/第11讲_积分等式与积分不等式.md	147
ZY30-GS-11-X04	CORE_L2	积分不等式与积分中值定理	积分性质或辅助函数估计	verified	inherited_v2	配套习题/张宇基础30讲/01_高等数学篇/第11讲_积分等式与积分不等式.md	157
ZY30-GS-11-X05	CORE_L2	积分不等式与积分中值定理	积分性质或辅助函数估计	verified	inherited_v2	配套习题/张宇基础30讲/01_高等数学篇/第11讲_积分等式与积分不等式.md	167
ZY30-GS-11-X06	CORE_L2	积分不等式与积分中值定理	积分性质或辅助函数估计	verified	inherited_v2	配套习题/张宇基础30讲/01_高等数学篇/第11讲_积分等式与积分不等式.md	177
ZY30-GS-12-L12.01-M1	CORE_L2	物理量的积分建模	微元法建立累积量	verified	inherited_v2	配套习题/张宇基础30讲/01_高等数学篇/第12讲_一元函数积分学的物理与经济应用.md	9
ZY30-GS-12-L12.02-M1	CORE_L2	物理量的积分建模	微元法建立累积量	verified	inherited_v2	配套习题/张宇基础30讲/01_高等数学篇/第12讲_一元函数积分学的物理与经济应用.md	19
ZY30-GS-12-L12.03-M1	CORE_L2	物理量的积分建模	微元法建立累积量	verified	inherited_v2	配套习题/张宇基础30讲/01_高等数学篇/第12讲_一元函数积分学的物理与经济应用.md	29
ZY30-GS-12-L注-M1	CORE_L2	旋转曲面的面积	旋转半径乘弧长微元积分	verified	inherited_v2	配套习题/张宇基础30讲/01_高等数学篇/第12讲_一元函数积分学的物理与经济应用.md	39
ZY30-GS-12-X01	CORE_L2	物理量的积分建模	微元法建立累积量	verified	inherited_v2	配套习题/张宇基础30讲/01_高等数学篇/第12讲_一元函数积分学的物理与经济应用.md	52
ZY30-GS-12-X03	CORE_L2	物理量的积分建模	微元法建立累积量	verified	inherited_v2	配套习题/张宇基础30讲/01_高等数学篇/第12讲_一元函数积分学的物理与经济应用.md	67
ZY30-GS-13-L13.01	CORE_L2	多元函数极限与连续可微性	路径检验与定义估计	verified	inherited_v2	配套习题/张宇基础30讲/01_高等数学篇/第13讲_多元函数微分学.md	9
ZY30-GS-13-L13.02	CORE_L2	多元函数极限与连续可微性	路径检验与定义估计	verified	inherited_v2	配套习题/张宇基础30讲/01_高等数学篇/第13讲_多元函数微分学.md	24
ZY30-GS-13-L13.03	CORE_L2	偏导数与全微分	逐变量求导并组合微分	verified	inherited_v2	配套习题/张宇基础30讲/01_高等数学篇/第13讲_多元函数微分学.md	34
ZY30-GS-13-L13.04	CORE_L2	偏导数与全微分	逐变量求导并组合微分	verified	inherited_v2	配套习题/张宇基础30讲/01_高等数学篇/第13讲_多元函数微分学.md	49
ZY30-GS-13-L13.05	CORE_L2	偏导数与全微分	逐变量求导并组合微分	verified	inherited_v2	配套习题/张宇基础30讲/01_高等数学篇/第13讲_多元函数微分学.md	64
ZY30-GS-13-L13.06	CORE_L2	偏导数与全微分	逐变量求导并组合微分	verified	inherited_v2	配套习题/张宇基础30讲/01_高等数学篇/第13讲_多元函数微分学.md	74
ZY30-GS-13-L13.07	CORE_L2	偏导数与全微分	逐变量求导并组合微分	verified	inherited_v2	配套习题/张宇基础30讲/01_高等数学篇/第13讲_多元函数微分学.md	84
ZY30-GS-13-L13.08	CORE_L2	偏导数与全微分	逐变量求导并组合微分	verified	inherited_v2	配套习题/张宇基础30讲/01_高等数学篇/第13讲_多元函数微分学.md	99
ZY30-GS-13-L13.09	CORE_L2	偏导数与全微分	逐变量求导并组合微分	verified	inherited_v2	配套习题/张宇基础30讲/01_高等数学篇/第13讲_多元函数微分学.md	114
ZY30-GS-13-L13.10	CORE_L2	偏导数与全微分	逐变量求导并组合微分	verified	inherited_v2	配套习题/张宇基础30讲/01_高等数学篇/第13讲_多元函数微分学.md	129
ZY30-GS-13-L13.11	CORE_L2	偏导数与全微分	逐变量求导并组合微分	verified	inherited_v2	配套习题/张宇基础30讲/01_高等数学篇/第13讲_多元函数微分学.md	139
ZY30-GS-13-L13.12	CORE_L2	多元隐函数求导及存在性	隐函数定理与隐式偏导	verified	inherited_v2	配套习题/张宇基础30讲/01_高等数学篇/第13讲_多元函数微分学.md	149
ZY30-GS-13-L13.13	CORE_L2	多元隐函数求导及存在性	隐函数定理与隐式偏导	verified	inherited_v2	配套习题/张宇基础30讲/01_高等数学篇/第13讲_多元函数微分学.md	159
ZY30-GS-13-L13.14	CORE_L2	多元隐函数求导及存在性	隐函数定理与隐式偏导	verified	inherited_v2	配套习题/张宇基础30讲/01_高等数学篇/第13讲_多元函数微分学.md	174
ZY30-GS-13-L13.15	CORE_L2	多元隐函数求导及存在性	隐函数定理与隐式偏导	verified	inherited_v2	配套习题/张宇基础30讲/01_高等数学篇/第13讲_多元函数微分学.md	189
ZY30-GS-13-L13.16	CORE_L2	多元隐函数求导及存在性	隐函数定理与隐式偏导	verified	inherited_v2	配套习题/张宇基础30讲/01_高等数学篇/第13讲_多元函数微分学.md	199
ZY30-GS-13-L13.17	CORE_L2	多元函数极值	驻点与二阶判别	verified	inherited_v2	配套习题/张宇基础30讲/01_高等数学篇/第13讲_多元函数微分学.md	209
ZY30-GS-13-L13.18	CORE_L2	多元函数极值	驻点与二阶判别	verified	inherited_v2	配套习题/张宇基础30讲/01_高等数学篇/第13讲_多元函数微分学.md	224
ZY30-GS-13-L13.19	CORE_L2	多元函数极值	驻点与二阶判别	verified	inherited_v2	配套习题/张宇基础30讲/01_高等数学篇/第13讲_多元函数微分学.md	239
ZY30-GS-13-L13.20	CORE_L2	条件极值	拉格朗日乘数法	verified	inherited_v2	配套习题/张宇基础30讲/01_高等数学篇/第13讲_多元函数微分学.md	249
ZY30-GS-13-L13.21	CORE_L2	条件极值	拉格朗日乘数法	verified	inherited_v2	配套习题/张宇基础30讲/01_高等数学篇/第13讲_多元函数微分学.md	259
ZY30-GS-13-L13.22	CORE_L2	条件极值	拉格朗日乘数法	verified	inherited_v2	配套习题/张宇基础30讲/01_高等数学篇/第13讲_多元函数微分学.md	269
ZY30-GS-13-X01	CORE_L2	多元函数极限与连续可微性	路径检验与定义估计	verified	inherited_v2	配套习题/张宇基础30讲/01_高等数学篇/第13讲_多元函数微分学.md	282
ZY30-GS-13-X02	CORE_L2	偏导符号与多元函数单调比较	固定一变量分步比较函数值	verified	corrected_v3	配套习题/张宇基础30讲/01_高等数学篇/第13讲_多元函数微分学.md	297
ZY30-GS-13-X03	CORE_L2	多元函数极限与连续可微性	路径检验与定义估计	verified	inherited_v2	配套习题/张宇基础30讲/01_高等数学篇/第13讲_多元函数微分学.md	312
ZY30-GS-13-X04	CORE_L2	偏导数与全微分	逐变量求导并组合微分	verified	inherited_v2	配套习题/张宇基础30讲/01_高等数学篇/第13讲_多元函数微分学.md	327
ZY30-GS-13-X05	CORE_L2	多元函数极值	驻点与二阶判别	verified	inherited_v2	配套习题/张宇基础30讲/01_高等数学篇/第13讲_多元函数微分学.md	342
ZY30-GS-13-X07	CORE_L2	偏导数与全微分	逐变量求导并组合微分	verified	inherited_v2	配套习题/张宇基础30讲/01_高等数学篇/第13讲_多元函数微分学.md	357
ZY30-GS-13-X08	CORE_L2	偏导数与全微分	逐变量求导并组合微分	verified	inherited_v2	配套习题/张宇基础30讲/01_高等数学篇/第13讲_多元函数微分学.md	367
ZY30-GS-13-X09	CORE_L2	多元隐函数求导及存在性	隐函数定理与隐式偏导	verified	inherited_v2	配套习题/张宇基础30讲/01_高等数学篇/第13讲_多元函数微分学.md	377
ZY30-GS-13-X10	CORE_L2	偏导数与全微分	逐变量求导并组合微分	verified	inherited_v2	配套习题/张宇基础30讲/01_高等数学篇/第13讲_多元函数微分学.md	387
ZY30-GS-13-X11	CORE_L2	多元隐函数求导及存在性	隐函数定理与隐式偏导	verified	inherited_v2	配套习题/张宇基础30讲/01_高等数学篇/第13讲_多元函数微分学.md	397
ZY30-GS-13-X12	CORE_L2	多元函数极值	驻点与二阶判别	verified	inherited_v2	配套习题/张宇基础30讲/01_高等数学篇/第13讲_多元函数微分学.md	407
ZY30-GS-13-X13	CORE_L2	多元函数极值	驻点与二阶判别	verified	inherited_v2	配套习题/张宇基础30讲/01_高等数学篇/第13讲_多元函数微分学.md	417
ZY30-GS-13-X14	CORE_L2	条件极值	拉格朗日乘数法	verified	inherited_v2	配套习题/张宇基础30讲/01_高等数学篇/第13讲_多元函数微分学.md	427
ZY30-GS-14-L14.01	CORE_L2	二重积分性质与大小比较	利用区域和被积函数符号及对称性	verified	inherited_v2	配套习题/张宇基础30讲/01_高等数学篇/第14讲_二重积分.md	9
ZY30-GS-14-L14.02	CORE_L2	缩放积分区域求参数函数的右导数	区域缩放与积分中值估计结合右导数定义	verified	corrected_v3	配套习题/张宇基础30讲/01_高等数学篇/第14讲_二重积分.md	24
ZY30-GS-14-L14.03	CORE_L2	二重积分性质与大小比较	利用区域和被积函数符号及对称性	verified	inherited_v2	配套习题/张宇基础30讲/01_高等数学篇/第14讲_二重积分.md	34
ZY30-GS-14-L14.04	CORE_L2	二重积分性质与大小比较	利用区域和被积函数符号及对称性	verified	inherited_v2	配套习题/张宇基础30讲/01_高等数学篇/第14讲_二重积分.md	49
ZY30-GS-14-L14.05	CORE_L2	二重积分计算	按单调正弦支交换积分次序	verified	corrected_v3	配套习题/张宇基础30讲/01_高等数学篇/第14讲_二重积分.md	64
ZY30-GS-14-L14.06	CORE_L2	高阶无穷小与局部展开	积分区域缩放及被积函数的一致小量估计	verified	corrected_v3	配套习题/张宇基础30讲/01_高等数学篇/第14讲_二重积分.md	79
ZY30-GS-14-L14.07	CORE_L2	二重积分计算	交换积分次序后处理反三角主值	verified	corrected_v3	配套习题/张宇基础30讲/01_高等数学篇/第14讲_二重积分.md	89
ZY30-GS-14-L14.08	CORE_L2	二重积分计算	圆盘上的极坐标积分	verified	corrected_v3	配套习题/张宇基础30讲/01_高等数学篇/第14讲_二重积分.md	99
ZY30-GS-14-L14.09	CORE_L2	二重积分计算	极坐标后作正切角变量代换	verified	corrected_v3	配套习题/张宇基础30讲/01_高等数学篇/第14讲_二重积分.md	109
ZY30-GS-14-L14.10	CORE_L2	凹凸性与拐点	先用二重积分对称性简化再对变限积分求导	verified	corrected_v3	配套习题/张宇基础30讲/01_高等数学篇/第14讲_二重积分.md	119
ZY30-GS-14-L14.11	CORE_L2	反常积分敛散性与计算	平方积分化为平面极坐标积分	verified	corrected_v3	配套习题/张宇基础30讲/01_高等数学篇/第14讲_二重积分.md	129
ZY30-GS-14-L14.12	CORE_L2	反常积分敛散性与计算	分部积分归约高斯积分	verified	corrected_v3	配套习题/张宇基础30讲/01_高等数学篇/第14讲_二重积分.md	139
ZY30-GS-14-L14.13	CORE_L2	函数极限的计算与存在性	消去指数主项后用反常积分尾部渐近	verified	corrected_v3	配套习题/张宇基础30讲/01_高等数学篇/第14讲_二重积分.md	149
ZY30-GS-14-L14.14	CORE_L2	二重积分计算	直线圆弧区域的极坐标积分	verified	corrected_v3	配套习题/张宇基础30讲/01_高等数学篇/第14讲_二重积分.md	159
ZY30-GS-14-L14.15	CORE_L2	二重积分计算	变量和与比例坐标变换	verified	corrected_v3	配套习题/张宇基础30讲/01_高等数学篇/第14讲_二重积分.md	169
ZY30-GS-14-L14.16	CORE_L2	旋转体体积	以到斜轴的距离建立旋转体微元积分	verified	corrected_v3	配套习题/张宇基础30讲/01_高等数学篇/第14讲_二重积分.md	179
ZY30-GS-14-L14.17	CORE_L2	积分表示质心与形心	质量矩除以总质量	verified	inherited_v2	配套习题/张宇基础30讲/01_高等数学篇/第14讲_二重积分.md	189
ZY30-GS-14-X01	CORE_L2	积分定义求和式极限	用矩形网格将二重和写成二重积分	verified	corrected_v3	配套习题/张宇基础30讲/01_高等数学篇/第14讲_二重积分.md	202
ZY30-GS-14-X02	CORE_L2	二重积分计算	平移圆盘的极坐标表示	verified	corrected_v3	配套习题/张宇基础30讲/01_高等数学篇/第14讲_二重积分.md	217
ZY30-GS-14-X03	CORE_L2	二重积分计算	由极坐标区域还原直角坐标累次积分	verified	corrected_v3	配套习题/张宇基础30讲/01_高等数学篇/第14讲_二重积分.md	232
ZY30-GS-14-X04	CORE_L2	二重积分计算	扇形区域的极坐标积分	verified	corrected_v3	配套习题/张宇基础30讲/01_高等数学篇/第14讲_二重积分.md	247
ZY30-GS-14-X05	CORE_L2	二重积分计算	平行四边形支持域的差变量换元	verified	corrected_v3	配套习题/张宇基础30讲/01_高等数学篇/第14讲_二重积分.md	262
ZY30-GS-14-X06	CORE_L2	变限积分求导	交换积分次序后对参数求导	verified	corrected_v3	配套习题/张宇基础30讲/01_高等数学篇/第14讲_二重积分.md	272
ZY30-GS-14-X07	CORE_L2	二重积分计算	先作纵变量积分再用奇偶性	verified	corrected_v3	配套习题/张宇基础30讲/01_高等数学篇/第14讲_二重积分.md	282
ZY30-GS-14-X08	CORE_L2	二重积分计算	对称消项后作半圆极坐标积分	verified	corrected_v3	配套习题/张宇基础30讲/01_高等数学篇/第14讲_二重积分.md	292
ZY30-GS-14-X09	CORE_L2	二重积分计算	对角分区结合变量交换对称性	verified	corrected_v3	配套习题/张宇基础30讲/01_高等数学篇/第14讲_二重积分.md	302
ZY30-GS-14-X10	CORE_L2	二重积分计算	极坐标积分反换为直角坐标后先积纵变量	verified	corrected_v3	配套习题/张宇基础30讲/01_高等数学篇/第14讲_二重积分.md	312
ZY30-GS-14-X11	CORE_L2	二重积分计算	还原无界直角坐标域后交换积分次序	verified	corrected_v3	配套习题/张宇基础30讲/01_高等数学篇/第14讲_二重积分.md	322
ZY30-GS-14-X12	CORE_L2	二重积分性质与大小比较	被积函数符号选域后作椭圆尺度变换	verified	corrected_v3	配套习题/张宇基础30讲/01_高等数学篇/第14讲_二重积分.md	332
ZY30-GS-15-L15.01	CORE_L2	由微分方程判定解的局部极值	把驻点条件代入微分方程	verified	inherited_v2	配套习题/张宇基础30讲/01_高等数学篇/第15讲_微分方程.md	9
ZY30-GS-15-L15.02	CORE_L2	微分方程解的局部展开与极限	由初始条件和方程提取低阶导数	verified	inherited_v2	配套习题/张宇基础30讲/01_高等数学篇/第15讲_微分方程.md	24
ZY30-GS-15-L15.03	CORE_L2	不定积分与原函数	辨认原函数或作积分变换	verified	inherited_v2	配套习题/张宇基础30讲/01_高等数学篇/第15讲_微分方程.md	34
ZY30-GS-15-L15.04	CORE_L2	可分离变量微分方程	分离变量积分	verified	inherited_v2	配套习题/张宇基础30讲/01_高等数学篇/第15讲_微分方程.md	44
ZY30-GS-15-L15.05	CORE_L2	可化为可分离变量的微分方程	代换线性组合后分离变量	verified	inherited_v2	配套习题/张宇基础30讲/01_高等数学篇/第15讲_微分方程.md	54
ZY30-GS-15-L15.06	CORE_L2	微分方程建模	把几何或变化率条件转为微分关系	verified	inherited_v2	配套习题/张宇基础30讲/01_高等数学篇/第15讲_微分方程.md	64
ZY30-GS-15-L15.07	CORE_L2	一阶线性微分方程	积分因子法	verified	inherited_v2	配套习题/张宇基础30讲/01_高等数学篇/第15讲_微分方程.md	74
ZY30-GS-15-L15.08	CORE_L2	一阶线性微分方程	积分因子法	verified	inherited_v2	配套习题/张宇基础30讲/01_高等数学篇/第15讲_微分方程.md	84
ZY30-GS-15-L15.09	CORE_L2	一阶稳定线性方程解的有界性与极限	积分因子表示与积分估计	verified	inherited_v2	配套习题/张宇基础30讲/01_高等数学篇/第15讲_微分方程.md	94
ZY30-GS-15-L15.10	CORE_L2	一阶稳定线性方程解的有界性与极限	积分因子表示与积分估计	verified	inherited_v2	配套习题/张宇基础30讲/01_高等数学篇/第15讲_微分方程.md	109
ZY30-GS-15-L15.11-M1	CORE_L2	一阶线性微分方程	积分因子法	verified	inherited_v2	配套习题/张宇基础30讲/01_高等数学篇/第15讲_微分方程.md	119
ZY30-GS-15-L15.12	CORE_L2	可降阶的高阶微分方程	以导数为新未知量降阶	verified	inherited_v2	配套习题/张宇基础30讲/01_高等数学篇/第15讲_微分方程.md	129
ZY30-GS-15-L15.13	CORE_L2	可降阶的高阶微分方程	以导数为新未知量降阶	verified	inherited_v2	配套习题/张宇基础30讲/01_高等数学篇/第15讲_微分方程.md	139
ZY30-GS-15-L15.14-M1	CORE_L2	全微分方程	检验恰当性并构造势函数	verified	inherited_v2	配套习题/张宇基础30讲/01_高等数学篇/第15讲_微分方程.md	149
ZY30-GS-15-L15.15	CORE_L2	常系数齐次线性微分方程	特征方程与初始条件	verified	inherited_v2	配套习题/张宇基础30讲/01_高等数学篇/第15讲_微分方程.md	159
ZY30-GS-15-L15.16	CORE_L2	常系数齐次线性微分方程	特征方程与初始条件	verified	inherited_v2	配套习题/张宇基础30讲/01_高等数学篇/第15讲_微分方程.md	169
ZY30-GS-15-L15.17	CORE_L2	常系数非齐次线性微分方程	齐次通解与待定系数特解	verified	inherited_v2	配套习题/张宇基础30讲/01_高等数学篇/第15讲_微分方程.md	179
ZY30-GS-15-L15.18	CORE_L2	由解反求常系数微分方程	代入或由特征根重数反推系数	verified	inherited_v2	配套习题/张宇基础30讲/01_高等数学篇/第15讲_微分方程.md	189
ZY30-GS-15-L15.19	CORE_L2	由解反求常系数微分方程	代入或由特征根重数反推系数	verified	inherited_v2	配套习题/张宇基础30讲/01_高等数学篇/第15讲_微分方程.md	199
ZY30-GS-15-L15.20-M1	CORE_L2	欧拉型微分方程	对数变量代换	verified	inherited_v2	配套习题/张宇基础30讲/01_高等数学篇/第15讲_微分方程.md	209
ZY30-GS-15-L15.21	CORE_L2	微分方程建模	把几何或变化率条件转为微分关系	verified	inherited_v2	配套习题/张宇基础30讲/01_高等数学篇/第15讲_微分方程.md	219
ZY30-GS-15-L15.22-M1	CORE_L2	微分方程建模	把几何或变化率条件转为微分关系	verified	inherited_v2	配套习题/张宇基础30讲/01_高等数学篇/第15讲_微分方程.md	229
ZY30-GS-15-L15.23-M1	CORE_L2	微分方程建模	把几何或变化率条件转为微分关系	verified	inherited_v2	配套习题/张宇基础30讲/01_高等数学篇/第15讲_微分方程.md	244
ZY30-GS-15-X01	CORE_L2	常系数非齐次线性微分方程	齐次通解与待定系数特解	verified	inherited_v2	配套习题/张宇基础30讲/01_高等数学篇/第15讲_微分方程.md	257
ZY30-GS-15-X02	CORE_L2	线性微分方程解的结构	利用解的叠加与差的性质	verified	inherited_v2	配套习题/张宇基础30讲/01_高等数学篇/第15讲_微分方程.md	272
ZY30-GS-15-X03	CORE_L2	可分离变量微分方程	分离变量积分	verified	inherited_v2	配套习题/张宇基础30讲/01_高等数学篇/第15讲_微分方程.md	282
ZY30-GS-15-X04	CORE_L2	可化为可分离变量的微分方程	代换线性组合后分离变量	verified	inherited_v2	配套习题/张宇基础30讲/01_高等数学篇/第15讲_微分方程.md	292
ZY30-GS-15-X05	CORE_L2	一阶线性微分方程	积分因子法	verified	inherited_v2	配套习题/张宇基础30讲/01_高等数学篇/第15讲_微分方程.md	302
ZY30-GS-15-X06	CORE_L2	可降阶的高阶微分方程	以导数为新未知量降阶	verified	inherited_v2	配套习题/张宇基础30讲/01_高等数学篇/第15讲_微分方程.md	312
ZY30-GS-15-X07	CORE_L2	常系数非齐次线性微分方程	齐次通解与待定系数特解	verified	inherited_v2	配套习题/张宇基础30讲/01_高等数学篇/第15讲_微分方程.md	322
ZY30-GS-15-X08	CORE_L2	欧拉型微分方程	对数变量代换	verified	inherited_v2	配套习题/张宇基础30讲/01_高等数学篇/第15讲_微分方程.md	332
ZY30-GS-15-X09	CORE_L2	由已知解反求常系数线性微分方程	按同题本地解析的常系数口径提取特征根，再用非齐次特解求强迫项	verified	corrected_v3	配套习题/张宇基础30讲/01_高等数学篇/第15讲_微分方程.md	342
ZY30-GS-15-X10	CORE_L2	积分方程转化为微分方程	积分变换后对参数求导	verified	inherited_v2	配套习题/张宇基础30讲/01_高等数学篇/第15讲_微分方程.md	352
ZY30-GS-15-X11	CORE_L2	常系数齐次线性微分方程	特征方程与初始条件	verified	inherited_v2	配套习题/张宇基础30讲/01_高等数学篇/第15讲_微分方程.md	362
ZY30-GS-15-X12	CORE_L2	微分方程建模	把几何或变化率条件转为微分关系	verified	inherited_v2	配套习题/张宇基础30讲/01_高等数学篇/第15讲_微分方程.md	372
ZY30-GS-15-X13	CORE_L2	微分方程建模	把几何或变化率条件转为微分关系	verified	inherited_v2	配套习题/张宇基础30讲/01_高等数学篇/第15讲_微分方程.md	382
ZY30-GS-16-L16.01	CORE_L2	数项级数敛散性	写出部分和并检查子列与通项条件	verified	corrected_v3	配套习题/张宇基础30讲/01_高等数学篇/第16讲_无穷级数.md	9
ZY30-GS-16-L16.02	CORE_L2	数项级数敛散性	写出部分和并检查子列与通项条件	verified	corrected_v3	配套习题/张宇基础30讲/01_高等数学篇/第16讲_无穷级数.md	19
ZY30-GS-16-L16.03	CORE_L2	数项级数敛散性	比值判别	verified	corrected_v3	配套习题/张宇基础30讲/01_高等数学篇/第16讲_无穷级数.md	29
ZY30-GS-16-L16.04	CORE_L2	数项级数敛散性	比较判别及无穷小等价	verified	corrected_v3	配套习题/张宇基础30讲/01_高等数学篇/第16讲_无穷级数.md	39
ZY30-GS-16-L16.05	CORE_L2	数项级数敛散性	比较判别及无穷小等价	verified	corrected_v3	配套习题/张宇基础30讲/01_高等数学篇/第16讲_无穷级数.md	54
ZY30-GS-16-L16.06	CORE_L2	数项级数敛散性	比较判别及无穷小等价	verified	corrected_v3	配套习题/张宇基础30讲/01_高等数学篇/第16讲_无穷级数.md	64
ZY30-GS-16-L16.07	CORE_L2	数项级数敛散性	比较判别及无穷小等价	verified	corrected_v3	配套习题/张宇基础30讲/01_高等数学篇/第16讲_无穷级数.md	74
ZY30-GS-16-L16.08	CORE_L2	数项级数敛散性	比较判别及无穷小等价	verified	corrected_v3	配套习题/张宇基础30讲/01_高等数学篇/第16讲_无穷级数.md	84
ZY30-GS-16-L16.09	CORE_L2	数项级数敛散性	比较判别及无穷小等价	verified	corrected_v3	配套习题/张宇基础30讲/01_高等数学篇/第16讲_无穷级数.md	99
ZY30-GS-16-L16.10	CORE_L2	数项级数敛散性	比较判别及无穷小等价	verified	corrected_v3	配套习题/张宇基础30讲/01_高等数学篇/第16讲_无穷级数.md	109
ZY30-GS-16-L16.11	CORE_L2	数项级数敛散性	比值判别并单独检查临界参数的通项	verified	corrected_v3	配套习题/张宇基础30讲/01_高等数学篇/第16讲_无穷级数.md	119
ZY30-GS-16-L16.12	CORE_L2	数项级数敛散性	拆为可比较的正项并分别估计	verified	corrected_v3	配套习题/张宇基础30讲/01_高等数学篇/第16讲_无穷级数.md	134
ZY30-GS-16-L16.13	CORE_L2	数项级数敛散性	积分判别	verified	corrected_v3	配套习题/张宇基础30讲/01_高等数学篇/第16讲_无穷级数.md	149
ZY30-GS-16-L16.14	CORE_L2	数项级数敛散性	莱布尼茨判别与绝对值级数比较	verified	corrected_v3	配套习题/张宇基础30讲/01_高等数学篇/第16讲_无穷级数.md	159
ZY30-GS-16-L16.15	CORE_L2	数项级数敛散性	莱布尼茨判别与绝对值级数比较	verified	corrected_v3	配套习题/张宇基础30讲/01_高等数学篇/第16讲_无穷级数.md	169
ZY30-GS-16-L16.16	CORE_L2	数项级数敛散性	拆出交错主项和不收敛余项或分析成组部分和	verified	corrected_v3	配套习题/张宇基础30讲/01_高等数学篇/第16讲_无穷级数.md	179
ZY30-GS-16-L16.17	CORE_L2	数项级数敛散性	拆出交错主项和不收敛余项或分析成组部分和	verified	corrected_v3	配套习题/张宇基础30讲/01_高等数学篇/第16讲_无穷级数.md	189
ZY30-GS-16-L16.18	CORE_L2	数项级数敛散性	绝对值估计与比较判别	verified	corrected_v3	配套习题/张宇基础30讲/01_高等数学篇/第16讲_无穷级数.md	204
ZY30-GS-16-L16.19	CORE_L2	数项级数敛散性	绝对值估计与比较判别	verified	corrected_v3	配套习题/张宇基础30讲/01_高等数学篇/第16讲_无穷级数.md	219
ZY30-GS-16-L16.20	CORE_L2	数项级数敛散性	部分和恒等式及反例辨析	verified	corrected_v3	配套习题/张宇基础30讲/01_高等数学篇/第16讲_无穷级数.md	234
ZY30-GS-16-L16.21	CORE_L2	数项级数敛散性	有理化后比较阶次并核对交错单调性	verified	corrected_v3	配套习题/张宇基础30讲/01_高等数学篇/第16讲_无穷级数.md	249
ZY30-GS-16-L16.22	CORE_L2	幂级数的收敛域	求收敛半径并逐端点检查	verified	inherited_v2	配套习题/张宇基础30讲/01_高等数学篇/第16讲_无穷级数.md	259
ZY30-GS-16-L16.23	CORE_L2	幂级数的收敛域	求收敛半径并逐端点检查	verified	inherited_v2	配套习题/张宇基础30讲/01_高等数学篇/第16讲_无穷级数.md	269
ZY30-GS-16-L16.24	CORE_L2	幂级数的收敛域	求收敛半径并逐端点检查	verified	inherited_v2	配套习题/张宇基础30讲/01_高等数学篇/第16讲_无穷级数.md	279
ZY30-GS-16-L16.25	CORE_L2	幂级数的收敛域	求收敛半径并逐端点检查	verified	inherited_v2	配套习题/张宇基础30讲/01_高等数学篇/第16讲_无穷级数.md	294
ZY30-GS-16-L16.26	CORE_L2	幂级数的收敛域	求收敛半径并逐端点检查	verified	inherited_v2	配套习题/张宇基础30讲/01_高等数学篇/第16讲_无穷级数.md	304
ZY30-GS-16-L16.27	CORE_L2	幂级数的收敛域	求收敛半径并逐端点检查	verified	inherited_v2	配套习题/张宇基础30讲/01_高等数学篇/第16讲_无穷级数.md	319
ZY30-GS-16-L16.28	CORE_L2	级数求和与和函数	交换求和或求导建立和函数恒等式	verified	corrected_v3	配套习题/张宇基础30讲/01_高等数学篇/第16讲_无穷级数.md	329
ZY30-GS-16-L16.29	CORE_L2	级数求和与和函数	先解常系数方程再计算积分项并求和	verified	corrected_v3	配套习题/张宇基础30讲/01_高等数学篇/第16讲_无穷级数.md	339
ZY30-GS-16-L16.30	CORE_L2	级数求和与和函数	逐项运算或与已知级数比较	verified	inherited_v2	配套习题/张宇基础30讲/01_高等数学篇/第16讲_无穷级数.md	349
ZY30-GS-16-L16.31	CORE_L2	级数求和与和函数	逐项运算或与已知级数比较	verified	inherited_v2	配套习题/张宇基础30讲/01_高等数学篇/第16讲_无穷级数.md	359
ZY30-GS-16-L16.32	CORE_L2	级数求和与和函数	逐项运算或与已知级数比较	verified	inherited_v2	配套习题/张宇基础30讲/01_高等数学篇/第16讲_无穷级数.md	369
ZY30-GS-16-L16.33	CORE_L2	级数求和与和函数	系数递推转为和函数微分方程	verified	corrected_v3	配套习题/张宇基础30讲/01_高等数学篇/第16讲_无穷级数.md	379
ZY30-GS-16-L16.34	CORE_L2	级数求和与和函数	利用三角积分递推简化系数比再求和	verified	corrected_v3	配套习题/张宇基础30讲/01_高等数学篇/第16讲_无穷级数.md	389
ZY30-GS-16-L16.35	CORE_L2	高阶无穷小与局部展开	分别提取积分与幂级数的首个非零项	verified	corrected_v3	配套习题/张宇基础30讲/01_高等数学篇/第16讲_无穷级数.md	399
ZY30-GS-16-L16.36	CORE_L2	函数的幂级数展开	已知幂级数的代换与运算	verified	inherited_v2	配套习题/张宇基础30讲/01_高等数学篇/第16讲_无穷级数.md	414
ZY30-GS-16-L16.37	CORE_L2	函数的幂级数展开	已知幂级数的代换与运算	verified	inherited_v2	配套习题/张宇基础30讲/01_高等数学篇/第16讲_无穷级数.md	424
ZY30-GS-16-L16.38	CORE_L2	傅里叶级数	系数积分与收敛定理	verified	inherited_v2	配套习题/张宇基础30讲/01_高等数学篇/第16讲_无穷级数.md	434
ZY30-GS-16-L16.39	CORE_L2	傅里叶级数	系数积分与收敛定理	verified	corrected_v3	配套习题/张宇基础30讲/01_高等数学篇/第16讲_无穷级数.md	444
ZY30-GS-16-X01	CORE_L2	数项级数敛散性	按项的性质选择收敛判据	verified	inherited_v2	配套习题/张宇基础30讲/01_高等数学篇/第16讲_无穷级数.md	457
ZY30-GS-16-X02	CORE_L2	数项级数敛散性	按项的性质选择收敛判据	verified	inherited_v2	配套习题/张宇基础30讲/01_高等数学篇/第16讲_无穷级数.md	472
ZY30-GS-16-X03	CORE_L2	数项级数敛散性	按项的性质选择收敛判据	verified	inherited_v2	配套习题/张宇基础30讲/01_高等数学篇/第16讲_无穷级数.md	487
ZY30-GS-16-X04	CORE_L2	数项级数敛散性	展开通项并消除不可求和的低阶项	verified	corrected_v3	配套习题/张宇基础30讲/01_高等数学篇/第16讲_无穷级数.md	502
ZY30-GS-16-X05	CORE_L2	数项级数敛散性	展开通项并消除不可求和的低阶项	verified	corrected_v3	配套习题/张宇基础30讲/01_高等数学篇/第16讲_无穷级数.md	517
ZY30-GS-16-X06	CORE_L2	幂级数的收敛域	求收敛半径并逐端点检查	verified	inherited_v2	配套习题/张宇基础30讲/01_高等数学篇/第16讲_无穷级数.md	527
ZY30-GS-16-X07	CORE_L2	傅里叶级数	系数积分与收敛定理	verified	inherited_v2	配套习题/张宇基础30讲/01_高等数学篇/第16讲_无穷级数.md	537
ZY30-GS-16-X08	CORE_L2	傅里叶级数	系数积分与收敛定理	verified	inherited_v2	配套习题/张宇基础30讲/01_高等数学篇/第16讲_无穷级数.md	547
ZY30-GS-16-X09	CORE_L2	数项级数敛散性	用单调极限与根值判别分类并检查临界反例	verified	corrected_v3	配套习题/张宇基础30讲/01_高等数学篇/第16讲_无穷级数.md	557
ZY30-GS-16-X10	CORE_L2	无穷乘积与对数级数敛散性	对正项无穷乘积取对数后用积分判别	verified	corrected_v3	配套习题/张宇基础30讲/01_高等数学篇/第16讲_无穷级数.md	567
ZY30-GS-16-X11	CORE_L2	数项级数敛散性	展开对数并分离交错项与非交错平方项	verified	corrected_v3	配套习题/张宇基础30讲/01_高等数学篇/第16讲_无穷级数.md	577
ZY30-GS-16-X12	CORE_L2	幂级数的收敛域	分别处理奇偶系数的增长率和端点	verified	corrected_v3	配套习题/张宇基础30讲/01_高等数学篇/第16讲_无穷级数.md	587
ZY30-GS-16-X13	CORE_L2	级数求和与和函数	逐项运算或与已知级数比较	verified	inherited_v2	配套习题/张宇基础30讲/01_高等数学篇/第16讲_无穷级数.md	597
ZY30-GS-16-X14	CORE_L2	级数求和与和函数	逐项运算或与已知级数比较	verified	inherited_v2	配套习题/张宇基础30讲/01_高等数学篇/第16讲_无穷级数.md	607
ZY30-GS-16-X15	CORE_L2	函数的幂级数展开	部分分式后使用几何级数	verified	corrected_v3	配套习题/张宇基础30讲/01_高等数学篇/第16讲_无穷级数.md	617
ZY30-GS-16-X16	CORE_L2	函数的幂级数展开	求微分方程解后按指数级数匹配系数	verified	corrected_v3	配套习题/张宇基础30讲/01_高等数学篇/第16讲_无穷级数.md	627
ZY30-GS-16-X17	CORE_L2	函数的幂级数展开	识别标准函数后在新中心展开	verified	corrected_v3	配套习题/张宇基础30讲/01_高等数学篇/第16讲_无穷级数.md	637
ZY30-GS-17-L17.01	CORE_L2	多元函数极限与连续可微性	将内积化为可微定义中的余项	verified	corrected_v3	配套习题/张宇基础30讲/01_高等数学篇/第17讲_多元函数积分学的预备知识.md	9
ZY30-GS-17-L17.02	CORE_L2	空间直线和平面	向量法建立线面关系	verified	inherited_v2	配套习题/张宇基础30讲/01_高等数学篇/第17讲_多元函数积分学的预备知识.md	19
ZY30-GS-17-L17.03	CORE_L2	空间直线和平面	向量法建立线面关系	verified	inherited_v2	配套习题/张宇基础30讲/01_高等数学篇/第17讲_多元函数积分学的预备知识.md	29
ZY30-GS-17-L17.04	CORE_L2	空间直线和平面	向量法建立线面关系	verified	inherited_v2	配套习题/张宇基础30讲/01_高等数学篇/第17讲_多元函数积分学的预备知识.md	39
ZY30-GS-17-L17.05	CORE_L2	空间曲面与投影	消元或几何构型识别	verified	inherited_v2	配套习题/张宇基础30讲/01_高等数学篇/第17讲_多元函数积分学的预备知识.md	54
ZY30-GS-17-L17.06	CORE_L2	空间直线和平面	用参数导数或梯度确定切向与法向	verified	corrected_v3	配套习题/张宇基础30讲/01_高等数学篇/第17讲_多元函数积分学的预备知识.md	64
ZY30-GS-17-L17.07	CORE_L2	空间直线和平面	用参数导数或梯度确定切向与法向	verified	corrected_v3	配套习题/张宇基础30讲/01_高等数学篇/第17讲_多元函数积分学的预备知识.md	74
ZY30-GS-17-L17.08	CORE_L2	空间直线和平面	用参数导数或梯度确定切向与法向	verified	corrected_v3	配套习题/张宇基础30讲/01_高等数学篇/第17讲_多元函数积分学的预备知识.md	84
ZY30-GS-17-L17.09	CORE_L2	空间曲面与投影	检验沿固定方向平移时两个自变量组合不变	verified	corrected_v3	配套习题/张宇基础30讲/01_高等数学篇/第17讲_多元函数积分学的预备知识.md	94
ZY30-GS-17-L17.10	CORE_L2	方向导数与梯度	梯度与单位方向的内积	verified	inherited_v2	配套习题/张宇基础30讲/01_高等数学篇/第17讲_多元函数积分学的预备知识.md	109
ZY30-GS-17-L17.11	CORE_L2	方向导数与梯度	梯度与单位方向的内积	verified	inherited_v2	配套习题/张宇基础30讲/01_高等数学篇/第17讲_多元函数积分学的预备知识.md	124
ZY30-GS-17-L17.12	CORE_L2	方向导数与梯度	梯度与单位方向的内积	verified	inherited_v2	配套习题/张宇基础30讲/01_高等数学篇/第17讲_多元函数积分学的预备知识.md	139
ZY30-GS-17-L17.13	CORE_L2	散度与旋度	向量场的微分运算	verified	inherited_v2	配套习题/张宇基础30讲/01_高等数学篇/第17讲_多元函数积分学的预备知识.md	149
ZY30-GS-17-X01	CORE_L2	空间直线和平面	向量法建立线面关系	verified	inherited_v2	配套习题/张宇基础30讲/01_高等数学篇/第17讲_多元函数积分学的预备知识.md	162
ZY30-GS-17-X02	CORE_L2	空间直线和平面	向量法建立线面关系	verified	inherited_v2	配套习题/张宇基础30讲/01_高等数学篇/第17讲_多元函数积分学的预备知识.md	177
ZY30-GS-17-X03	CORE_L2	空间直线和平面	向量法建立线面关系	verified	inherited_v2	配套习题/张宇基础30讲/01_高等数学篇/第17讲_多元函数积分学的预备知识.md	192
ZY30-GS-17-X04	CORE_L2	空间向量的数量积与向量积	向量运算与几何关系	verified	inherited_v2	配套习题/张宇基础30讲/01_高等数学篇/第17讲_多元函数积分学的预备知识.md	207
ZY30-GS-17-X05	CORE_L2	空间直线和平面	向量法建立线面关系	verified	inherited_v2	配套习题/张宇基础30讲/01_高等数学篇/第17讲_多元函数积分学的预备知识.md	217
ZY30-GS-17-X06	CORE_L2	空间曲面与投影	消元或几何构型识别	verified	inherited_v2	配套习题/张宇基础30讲/01_高等数学篇/第17讲_多元函数积分学的预备知识.md	227
ZY30-GS-17-X07	CORE_L2	方向导数与梯度	梯度与单位方向的内积	verified	inherited_v2	配套习题/张宇基础30讲/01_高等数学篇/第17讲_多元函数积分学的预备知识.md	237
ZY30-GS-17-X08	CORE_L2	方向导数与梯度	梯度与单位方向的内积	verified	inherited_v2	配套习题/张宇基础30讲/01_高等数学篇/第17讲_多元函数积分学的预备知识.md	247
ZY30-GS-17-X09	CORE_L2	散度与旋度	向量场的微分运算	verified	inherited_v2	配套习题/张宇基础30讲/01_高等数学篇/第17讲_多元函数积分学的预备知识.md	257
ZY30-GS-17-X10	CORE_L2	散度与旋度	向量场的微分运算	verified	inherited_v2	配套习题/张宇基础30讲/01_高等数学篇/第17讲_多元函数积分学的预备知识.md	267
ZY30-GS-18-L18.01	CORE_L2	三重积分计算	分层积分或空间坐标变换	verified	inherited_v2	配套习题/张宇基础30讲/01_高等数学篇/第18讲_多元函数积分学.md	9
ZY30-GS-18-L18.02	CORE_L2	三重积分计算	分层积分或空间坐标变换	verified	inherited_v2	配套习题/张宇基础30讲/01_高等数学篇/第18讲_多元函数积分学.md	19
ZY30-GS-18-L18.03	CORE_L2	三重积分计算	分层积分或空间坐标变换	verified	inherited_v2	配套习题/张宇基础30讲/01_高等数学篇/第18讲_多元函数积分学.md	29
ZY30-GS-18-L18.04	CORE_L2	三重积分计算	分层积分或空间坐标变换	verified	inherited_v2	配套习题/张宇基础30讲/01_高等数学篇/第18讲_多元函数积分学.md	39
ZY30-GS-18-L18.05	CORE_L2	三重积分计算	分层积分或空间坐标变换	verified	inherited_v2	配套习题/张宇基础30讲/01_高等数学篇/第18讲_多元函数积分学.md	49
ZY30-GS-18-L18.06	CORE_L2	三重积分计算	分层积分或空间坐标变换	verified	inherited_v2	配套习题/张宇基础30讲/01_高等数学篇/第18讲_多元函数积分学.md	59
ZY30-GS-18-L18.07	CORE_L2	积分表示质心与形心	质量矩除以总质量	verified	inherited_v2	配套习题/张宇基础30讲/01_高等数学篇/第18讲_多元函数积分学.md	69
ZY30-GS-18-L18.08	CORE_L2	曲线积分	横坐标参数化的第一类曲线积分	verified	corrected_v3	配套习题/张宇基础30讲/01_高等数学篇/第18讲_多元函数积分学.md	79
ZY30-GS-18-L18.09	CORE_L2	曲线积分	平移圆周参数化	verified	corrected_v3	配套习题/张宇基础30讲/01_高等数学篇/第18讲_多元函数积分学.md	89
ZY30-GS-18-L18.10	CORE_L2	曲线积分	球面截圆的坐标对称性	verified	corrected_v3	配套习题/张宇基础30讲/01_高等数学篇/第18讲_多元函数积分学.md	99
ZY30-GS-18-L18.11	CORE_L2	曲线积分	圆周参数化结合二次矩对称性	verified	corrected_v3	配套习题/张宇基础30讲/01_高等数学篇/第18讲_多元函数积分学.md	109
ZY30-GS-18-L18.12	CORE_L2	曲面积分	柱面角度高度参数化	verified	corrected_v3	配套习题/张宇基础30讲/01_高等数学篇/第18讲_多元函数积分学.md	119
ZY30-GS-18-L18.13	CORE_L2	曲面积分	切平面距离与曲面投影面积元联立	verified	corrected_v3	配套习题/张宇基础30讲/01_高等数学篇/第18讲_多元函数积分学.md	129
ZY30-GS-18-L18.14	CORE_L2	曲面积分	投影或参数化计算面积元积分	verified	corrected_v3	配套习题/张宇基础30讲/01_高等数学篇/第18讲_多元函数积分学.md	139
ZY30-GS-18-L18.15	CORE_L2	曲线积分	按绝对值分区使用格林公式	verified	corrected_v3	配套习题/张宇基础30讲/01_高等数学篇/第18讲_多元函数积分学.md	149
ZY30-GS-18-L18.16	CORE_L2	曲线积分	参数化积分后优化曲线参数	verified	corrected_v3	配套习题/张宇基础30讲/01_高等数学篇/第18讲_多元函数积分学.md	159
ZY30-GS-18-L18.17	CORE_L2	曲线积分	按顺时针定向使用格林公式	verified	corrected_v3	配套习题/张宇基础30讲/01_高等数学篇/第18讲_多元函数积分学.md	169
ZY30-GS-18-L18.18	CORE_L2	曲线积分	全微分分离后按两段圆弧积分	verified	corrected_v3	配套习题/张宇基础30讲/01_高等数学篇/第18讲_多元函数积分学.md	179
ZY30-GS-18-L18.19	CORE_L2	曲线积分	含奇点场的圆周参数化	verified	corrected_v3	配套习题/张宇基础30讲/01_高等数学篇/第18讲_多元函数积分学.md	189
ZY30-GS-18-L18.20	CORE_L2	曲线积分与路径无关	检查保守场条件并构造势函数	verified	inherited_v2	配套习题/张宇基础30讲/01_高等数学篇/第18讲_多元函数积分学.md	199
ZY30-GS-18-L18.21	CORE_L2	曲线积分与路径无关	检查保守场条件并构造势函数	verified	inherited_v2	配套习题/张宇基础30讲/01_高等数学篇/第18讲_多元函数积分学.md	209
ZY30-GS-18-L18.22	CORE_L2	曲面积分	分别对侧面和上下底面作投影积分	verified	corrected_v3	配套习题/张宇基础30讲/01_高等数学篇/第18讲_多元函数积分学.md	219
ZY30-GS-18-L18.23	CORE_L2	曲面的定向单位法向量	将曲面梯度归一化并按指定侧选符号	verified	inherited_v2	配套习题/张宇基础30讲/01_高等数学篇/第18讲_多元函数积分学.md	229
ZY30-GS-18-L18.24	CORE_L2	曲面的定向单位法向量	将曲面梯度归一化并按指定侧选符号	verified	inherited_v2	配套习题/张宇基础30讲/01_高等数学篇/第18讲_多元函数积分学.md	239
ZY30-GS-18-L18.25	CORE_L2	曲面积分	曲面图形的上侧投影积分	verified	corrected_v3	配套习题/张宇基础30讲/01_高等数学篇/第18讲_多元函数积分学.md	249
ZY30-GS-18-L18.26	CORE_L2	曲面积分	高斯公式结合圆盘对称性	verified	corrected_v3	配套习题/张宇基础30讲/01_高等数学篇/第18讲_多元函数积分学.md	259
ZY30-GS-18-L18.27	CORE_L2	曲面积分	下半球上侧的投影积分	verified	corrected_v3	配套习题/张宇基础30讲/01_高等数学篇/第18讲_多元函数积分学.md	269
ZY30-GS-18-L18.28	CORE_L2	曲面积分	挖去原点附近小球后使用高斯公式并计算内边界通量	verified	corrected_v3	配套习题/张宇基础30讲/01_高等数学篇/第18讲_多元函数积分学.md	279
ZY30-GS-18-L18.29	CORE_L2	曲面积分	按绝对值分区利用对称性与高斯公式	verified	corrected_v3	配套习题/张宇基础30讲/01_高等数学篇/第18讲_多元函数积分学.md	289
ZY30-GS-18-L18.30	CORE_L2	曲线积分	参数化或选用相应积分定理	verified	inherited_v2	配套习题/张宇基础30讲/01_高等数学篇/第18讲_多元函数积分学.md	299
ZY30-GS-18-X01	CORE_L2	曲线积分	参数化或选用相应积分定理	verified	inherited_v2	配套习题/张宇基础30讲/01_高等数学篇/第18讲_多元函数积分学.md	312
ZY30-GS-18-X02	CORE_L2	曲面积分	球面中心平移与对称性	verified	corrected_v3	配套习题/张宇基础30讲/01_高等数学篇/第18讲_多元函数积分学.md	327
ZY30-GS-18-X03	CORE_L2	曲线积分	空间曲线投影后用格林公式	verified	corrected_v3	配套习题/张宇基础30讲/01_高等数学篇/第18讲_多元函数积分学.md	342
ZY30-GS-18-X04	CORE_L2	曲线积分	圆周约束化简后用格林公式	verified	corrected_v3	配套习题/张宇基础30讲/01_高等数学篇/第18讲_多元函数积分学.md	352
ZY30-GS-18-X05	CORE_L2	曲面积分	球面二次矩对称性	verified	corrected_v3	配套习题/张宇基础30讲/01_高等数学篇/第18讲_多元函数积分学.md	362
ZY30-GS-18-X06	CORE_L2	曲面积分	八面体反射对称性与三角面面积积分	verified	corrected_v3	配套习题/张宇基础30讲/01_高等数学篇/第18讲_多元函数积分学.md	372
ZY30-GS-18-X07	CORE_L2	曲面积分	球面约束化简后使用高斯公式	verified	corrected_v3	配套习题/张宇基础30讲/01_高等数学篇/第18讲_多元函数积分学.md	382
ZY30-GS-18-X08	CORE_L2	三重积分计算	分层积分或空间坐标变换	verified	inherited_v2	配套习题/张宇基础30讲/01_高等数学篇/第18讲_多元函数积分学.md	392
ZY30-GS-18-X09	CORE_L2	曲线积分	提取全微分后补线应用格林公式	verified	corrected_v3	配套习题/张宇基础30讲/01_高等数学篇/第18讲_多元函数积分学.md	402
ZY30-GS-18-X10	CORE_L2	曲面积分	投影到平面并使用曲面法向量	verified	corrected_v3	配套习题/张宇基础30讲/01_高等数学篇/第18讲_多元函数积分学.md	412
ZY30-GS-18-X11	CORE_L2	曲面积分	高斯公式化为三重积分后选择正被积区域	verified	corrected_v3	配套习题/张宇基础30讲/01_高等数学篇/第18讲_多元函数积分学.md	422
ZY30-XD-00-ZL①-P3	CORE_L2	矩阵运算与矩阵方程	利用矩阵运算法则整理	verified	inherited_v2	配套习题/张宇基础30讲/02_线性代数篇/第00讲_零基础课线性代数入门.md	9
ZY30-XD-00-ZL②-P3	CORE_L2	矩阵运算与矩阵方程	利用矩阵运算法则整理	verified	inherited_v2	配套习题/张宇基础30讲/02_线性代数篇/第00讲_零基础课线性代数入门.md	19
ZY30-XD-00-ZL③-P3	CORE_L2	矩阵运算与矩阵方程	利用矩阵运算法则整理	verified	inherited_v2	配套习题/张宇基础30讲/02_线性代数篇/第00讲_零基础课线性代数入门.md	29
ZY30-XD-00-ZL④-P3	CORE_L2	矩阵运算与矩阵方程	利用矩阵运算法则整理	verified	inherited_v2	配套习题/张宇基础30讲/02_线性代数篇/第00讲_零基础课线性代数入门.md	39
ZY30-XD-00-ZL⑤-P3	CORE_L2	矩阵运算与矩阵方程	利用矩阵运算法则整理	verified	inherited_v2	配套习题/张宇基础30讲/02_线性代数篇/第00讲_零基础课线性代数入门.md	49
ZY30-XD-00-ZL⑥-P3	CORE_L2	矩阵运算与矩阵方程	利用矩阵运算法则整理	verified	inherited_v2	配套习题/张宇基础30讲/02_线性代数篇/第00讲_零基础课线性代数入门.md	59
ZY30-XD-00-ZL⑦-P3	CORE_L2	矩阵运算与矩阵方程	利用矩阵运算法则整理	verified	inherited_v2	配套习题/张宇基础30讲/02_线性代数篇/第00讲_零基础课线性代数入门.md	69
ZY30-XD-00-ZL⑧-P3	CORE_L2	矩阵运算与矩阵方程	利用矩阵运算法则整理	verified	inherited_v2	配套习题/张宇基础30讲/02_线性代数篇/第00讲_零基础课线性代数入门.md	79
ZY30-XD-00-ZL①-P4	CORE_L2	矩阵运算与矩阵方程	利用矩阵运算法则整理	verified	inherited_v2	配套习题/张宇基础30讲/02_线性代数篇/第00讲_零基础课线性代数入门.md	89
ZY30-XD-00-ZL②-P4	CORE_L2	矩阵运算与矩阵方程	利用矩阵运算法则整理	verified	inherited_v2	配套习题/张宇基础30讲/02_线性代数篇/第00讲_零基础课线性代数入门.md	99
ZY30-XD-01-L1.01	CORE_L2	行列式计算	行列变换与展开	verified	inherited_v2	配套习题/张宇基础30讲/02_线性代数篇/第01讲_行列式.md	9
ZY30-XD-01-L1.02	CORE_L2	行列式计算	行列变换与展开	verified	inherited_v2	配套习题/张宇基础30讲/02_线性代数篇/第01讲_行列式.md	24
ZY30-XD-01-L1.03	CORE_L2	行列式计算	行列变换与展开	verified	inherited_v2	配套习题/张宇基础30讲/02_线性代数篇/第01讲_行列式.md	34
ZY30-XD-01-L1.04	CORE_L2	行列式计算	行列变换与展开	verified	corrected_v3	配套习题/张宇基础30讲/02_线性代数篇/第01讲_行列式.md	44
ZY30-XD-01-L1.05	CORE_L2	行列式计算	行列变换与展开	verified	inherited_v2	配套习题/张宇基础30讲/02_线性代数篇/第01讲_行列式.md	54
ZY30-XD-01-L1.06	CORE_L2	行列式计算	行列变换与展开	verified	inherited_v2	配套习题/张宇基础30讲/02_线性代数篇/第01讲_行列式.md	64
ZY30-XD-01-L1.07	CORE_L2	行列式计算	行列变换与展开	verified	inherited_v2	配套习题/张宇基础30讲/02_线性代数篇/第01讲_行列式.md	74
ZY30-XD-01-L1.08	CORE_L2	行列式中的参数与多项式系数	展开整理参数多项式	verified	inherited_v2	配套习题/张宇基础30讲/02_线性代数篇/第01讲_行列式.md	89
ZY30-XD-01-L1.09	CORE_L2	行列式中的参数与多项式系数	展开整理参数多项式	verified	inherited_v2	配套习题/张宇基础30讲/02_线性代数篇/第01讲_行列式.md	99
ZY30-XD-01-L1.10	CORE_L2	行列式的多线性性质	按列或行拆分并调整次序	verified	inherited_v2	配套习题/张宇基础30讲/02_线性代数篇/第01讲_行列式.md	109
ZY30-XD-01-L1.11	CORE_L2	向量列组合形成的矩阵行列式	将列组合写成矩阵乘积	verified	inherited_v2	配套习题/张宇基础30讲/02_线性代数篇/第01讲_行列式.md	119
ZY30-XD-01-L1.12	CORE_L2	代数余子式及其组合	按行列展开或替换对应行列	verified	inherited_v2	配套习题/张宇基础30讲/02_线性代数篇/第01讲_行列式.md	129
ZY30-XD-01-L1.13	CORE_L2	齐次线性方程组解的结构	秩零化度与基础解系	verified	inherited_v2	配套习题/张宇基础30讲/02_线性代数篇/第01讲_行列式.md	144
ZY30-XD-01-X01	CORE_L2	行列式中的参数与多项式系数	展开整理参数多项式	verified	inherited_v2	配套习题/张宇基础30讲/02_线性代数篇/第01讲_行列式.md	157
ZY30-XD-01-X02	CORE_L2	代数余子式及其组合	按行列展开或替换对应行列	verified	inherited_v2	配套习题/张宇基础30讲/02_线性代数篇/第01讲_行列式.md	172
ZY30-XD-01-X03	CORE_L2	行列式中的参数与多项式系数	展开整理参数多项式	verified	inherited_v2	配套习题/张宇基础30讲/02_线性代数篇/第01讲_行列式.md	187
ZY30-XD-01-X04	CORE_L2	行列式计算	行列变换与展开	verified	inherited_v2	配套习题/张宇基础30讲/02_线性代数篇/第01讲_行列式.md	197
ZY30-XD-01-X05	CORE_L2	行列式计算	行列变换与展开	verified	inherited_v2	配套习题/张宇基础30讲/02_线性代数篇/第01讲_行列式.md	207
ZY30-XD-01-X06	CORE_L2	行列式计算	行列变换与展开	verified	inherited_v2	配套习题/张宇基础30讲/02_线性代数篇/第01讲_行列式.md	217
ZY30-XD-01-X07	CORE_L2	行列式中的参数与多项式系数	展开整理参数多项式	verified	inherited_v2	配套习题/张宇基础30讲/02_线性代数篇/第01讲_行列式.md	227
ZY30-XD-01-X08	CORE_L2	行列式的多线性性质	按列或行拆分并调整次序	verified	inherited_v2	配套习题/张宇基础30讲/02_线性代数篇/第01讲_行列式.md	237
ZY30-XD-01-X09	CORE_L2	由基向量像求线性变换的行列式	在给定基下建立表示矩阵	verified	inherited_v2	配套习题/张宇基础30讲/02_线性代数篇/第01讲_行列式.md	247
ZY30-XD-01-X10	CORE_L2	齐次线性方程组解的结构	秩零化度与基础解系	verified	inherited_v2	配套习题/张宇基础30讲/02_线性代数篇/第01讲_行列式.md	257
ZY30-XD-01-X11	CORE_L2	齐次线性方程组解的结构	秩零化度与基础解系	verified	inherited_v2	配套习题/张宇基础30讲/02_线性代数篇/第01讲_行列式.md	267
ZY30-XD-02-L2.01	CORE_L2	矩阵运算与矩阵方程	秩一外积幂的标量归约	verified	corrected_v3	配套习题/张宇基础30讲/02_线性代数篇/第02讲_矩阵.md	9
ZY30-XD-02-L2.02	CORE_L2	矩阵运算与矩阵方程	标量矩阵加秩一矩阵的不变子空间分解	verified	corrected_v3	配套习题/张宇基础30讲/02_线性代数篇/第02讲_矩阵.md	19
ZY30-XD-02-L2.03	CORE_L2	矩阵运算与矩阵方程	单位矩阵加幂零矩阵的二项式展开	verified	corrected_v3	配套习题/张宇基础30讲/02_线性代数篇/第02讲_矩阵.md	29
ZY30-XD-02-L2.04	CORE_L2	逆矩阵与可逆条件	由给定恒等式构造乘积逆	verified	corrected_v3	配套习题/张宇基础30讲/02_线性代数篇/第02讲_矩阵.md	39
ZY30-XD-02-L2.05	CORE_L2	逆矩阵与可逆条件	由给定恒等式构造乘积逆	verified	corrected_v3	配套习题/张宇基础30讲/02_线性代数篇/第02讲_矩阵.md	54
ZY30-XD-02-L2.06	CORE_L2	伴随矩阵的性质	伴随恒等式与秩分类	verified	inherited_v2	配套习题/张宇基础30讲/02_线性代数篇/第02讲_矩阵.md	64
ZY30-XD-02-L2.07	CORE_L2	逆矩阵与可逆条件	初等变换或逆矩阵恒等式	verified	inherited_v2	配套习题/张宇基础30讲/02_线性代数篇/第02讲_矩阵.md	74
ZY30-XD-02-L2.08	CORE_L2	逆矩阵与可逆条件	初等变换或逆矩阵恒等式	verified	inherited_v2	配套习题/张宇基础30讲/02_线性代数篇/第02讲_矩阵.md	84
ZY30-XD-02-L2.09	CORE_L2	伴随矩阵的性质	伴随恒等式与秩分类	verified	inherited_v2	配套习题/张宇基础30讲/02_线性代数篇/第02讲_矩阵.md	94
ZY30-XD-02-L2.10	CORE_L2	伴随矩阵的性质	伴随恒等式与秩分类	verified	inherited_v2	配套习题/张宇基础30讲/02_线性代数篇/第02讲_矩阵.md	104
ZY30-XD-02-L2.11	CORE_L2	伴随矩阵的性质	伴随恒等式与秩分类	verified	inherited_v2	配套习题/张宇基础30讲/02_线性代数篇/第02讲_矩阵.md	119
ZY30-XD-02-L2.12	CORE_L2	逆矩阵与可逆条件	初等变换或逆矩阵恒等式	verified	inherited_v2	配套习题/张宇基础30讲/02_线性代数篇/第02讲_矩阵.md	129
ZY30-XD-02-L2.13	CORE_L2	逆矩阵与可逆条件	初等变换或逆矩阵恒等式	verified	inherited_v2	配套习题/张宇基础30讲/02_线性代数篇/第02讲_矩阵.md	139
ZY30-XD-02-L2.14	CORE_L2	矩阵运算与矩阵方程	将初等列变换依次写成右乘矩阵	verified	corrected_v3	配套习题/张宇基础30讲/02_线性代数篇/第02讲_矩阵.md	149
ZY30-XD-02-L2.15	CORE_L2	逆矩阵与可逆条件	分块求逆并保持块乘法次序	verified	corrected_v3	配套习题/张宇基础30讲/02_线性代数篇/第02讲_矩阵.md	164
ZY30-XD-02-L2.16	CORE_L2	逆矩阵与可逆条件	分块求逆并保持块乘法次序	verified	corrected_v3	配套习题/张宇基础30讲/02_线性代数篇/第02讲_矩阵.md	174
ZY30-XD-02-L2.17	CORE_L2	矩阵运算与矩阵方程	用伴随矩阵恢复可逆性并整理矩阵方程	verified	corrected_v3	配套习题/张宇基础30讲/02_线性代数篇/第02讲_矩阵.md	184
ZY30-XD-02-L2.18	CORE_L2	矩阵的秩	先比较秩再用同步初等行变换构造左乘可逆矩阵	verified	corrected_v3	配套习题/张宇基础30讲/02_线性代数篇/第02讲_矩阵.md	194
ZY30-XD-02-L2.19	CORE_L2	矩阵的秩	行变换与子式判别	verified	inherited_v2	配套习题/张宇基础30讲/02_线性代数篇/第02讲_矩阵.md	204
ZY30-XD-02-L2.20	CORE_L2	矩阵的秩	行变换与子式判别	verified	inherited_v2	配套习题/张宇基础30讲/02_线性代数篇/第02讲_矩阵.md	219
ZY30-XD-02-X01	CORE_L2	矩阵运算与矩阵方程	利用矩阵运算法则整理	verified	inherited_v2	配套习题/张宇基础30讲/02_线性代数篇/第02讲_矩阵.md	237
ZY30-XD-02-X02	CORE_L2	矩阵运算与矩阵方程	利用矩阵运算法则整理	verified	inherited_v2	配套习题/张宇基础30讲/02_线性代数篇/第02讲_矩阵.md	252
ZY30-XD-02-X03	CORE_L2	逆矩阵与可逆条件	初等变换或逆矩阵恒等式	verified	inherited_v2	配套习题/张宇基础30讲/02_线性代数篇/第02讲_矩阵.md	267
ZY30-XD-02-X04	CORE_L2	矩阵运算与矩阵方程	按行列变换分别写出左右乘的初等矩阵	verified	corrected_v3	配套习题/张宇基础30讲/02_线性代数篇/第02讲_矩阵.md	282
ZY30-XD-02-X05	CORE_L2	伴随矩阵的性质	伴随恒等式与秩分类	verified	inherited_v2	配套习题/张宇基础30讲/02_线性代数篇/第02讲_矩阵.md	297
ZY30-XD-02-X06	CORE_L2	矩阵的秩	利用乘积为零约束列空间与零空间维数	verified	corrected_v3	配套习题/张宇基础30讲/02_线性代数篇/第02讲_矩阵.md	312
ZY30-XD-02-X07	CORE_L2	矩阵运算与矩阵方程	具体秩一矩阵的外积幂归约	verified	corrected_v3	配套习题/张宇基础30讲/02_线性代数篇/第02讲_矩阵.md	327
ZY30-XD-02-X08	CORE_L2	矩阵运算与矩阵方程	低次幂恒等式的奇偶递推	verified	corrected_v3	配套习题/张宇基础30讲/02_线性代数篇/第02讲_矩阵.md	337
ZY30-XD-02-X09	CORE_L2	逆矩阵与可逆条件	矩阵多项式恒等式构造逆	verified	corrected_v3	配套习题/张宇基础30讲/02_线性代数篇/第02讲_矩阵.md	347
ZY30-XD-02-X10	CORE_L2	逆矩阵与可逆条件	矩阵多项式恒等式构造逆	verified	corrected_v3	配套习题/张宇基础30讲/02_线性代数篇/第02讲_矩阵.md	357
ZY30-XD-02-X11	CORE_L2	伴随矩阵的性质	联立伴随恒等式及秩分类再核对行向量长度	verified	corrected_v3	配套习题/张宇基础30讲/02_线性代数篇/第02讲_矩阵.md	367
ZY30-XD-02-X12	CORE_L2	矩阵的秩	行变换与子式判别	verified	inherited_v2	配套习题/张宇基础30讲/02_线性代数篇/第02讲_矩阵.md	377
ZY30-XD-02-X13	CORE_L2	矩阵运算与矩阵方程	展开秩一投影的转置和平方	verified	corrected_v3	配套习题/张宇基础30讲/02_线性代数篇/第02讲_矩阵.md	387
ZY30-XD-02-X14	CORE_L2	矩阵运算与矩阵方程	按乘法次序移项并构造逆矩阵	verified	corrected_v3	配套习题/张宇基础30讲/02_线性代数篇/第02讲_矩阵.md	397
ZY30-XD-02-X15	CORE_L2	矩阵运算与矩阵方程	按乘法次序移项并构造逆矩阵	verified	corrected_v3	配套习题/张宇基础30讲/02_线性代数篇/第02讲_矩阵.md	407
ZY30-XD-03-L3.01	CORE_L2	向量的线性表示	建立列向量系数方程	verified	corrected_v3	配套习题/张宇基础30讲/02_线性代数篇/第03讲_向量组.md	9
ZY30-XD-03-L3.02	CORE_L2	向量的线性表示	建立列向量系数方程	verified	corrected_v3	配套习题/张宇基础30讲/02_线性代数篇/第03讲_向量组.md	19
ZY30-XD-03-L3.03	CORE_L2	向量组线性相关性	线性组合关系或矩阵秩	verified	inherited_v2	配套习题/张宇基础30讲/02_线性代数篇/第03讲_向量组.md	29
ZY30-XD-03-L3.04	CORE_L2	向量组线性相关性	线性组合关系或矩阵秩	verified	inherited_v2	配套习题/张宇基础30讲/02_线性代数篇/第03讲_向量组.md	44
ZY30-XD-03-L3.05	CORE_L2	向量组线性相关性	线性组合关系或矩阵秩	verified	inherited_v2	配套习题/张宇基础30讲/02_线性代数篇/第03讲_向量组.md	59
ZY30-XD-03-L3.06	CORE_L2	向量组线性相关性	对线性关系施加适当矩阵幂逐个消去系数	verified	inherited_v2	配套习题/张宇基础30讲/02_线性代数篇/第03讲_向量组.md	69
ZY30-XD-03-L3.07	CORE_L2	极大无关组与基	求秩并选择独立向量	verified	inherited_v2	配套习题/张宇基础30讲/02_线性代数篇/第03讲_向量组.md	79
ZY30-XD-03-L3.08	CORE_L2	矩阵运算与矩阵方程	由列向量线性表示求分解系数后乘回	verified	corrected_v3	配套习题/张宇基础30讲/02_线性代数篇/第03讲_向量组.md	94
ZY30-XD-03-L3.09	CORE_L2	矩阵的秩	比较列空间的生成关系	verified	corrected_v3	配套习题/张宇基础30讲/02_线性代数篇/第03讲_向量组.md	109
ZY30-XD-03-L3.10	CORE_L2	矩阵的秩	比较列空间的生成关系	verified	corrected_v3	配套习题/张宇基础30讲/02_线性代数篇/第03讲_向量组.md	119
ZY30-XD-03-L3.11	CORE_L2	伴随矩阵的性质	按矩阵秩分三类并利用非零子式	verified	corrected_v3	配套习题/张宇基础30讲/02_线性代数篇/第03讲_向量组.md	129
ZY30-XD-03-L3.12	CORE_L2	向量组等价性	分别比较矩阵秩与列空间避免混淆	verified	corrected_v3	配套习题/张宇基础30讲/02_线性代数篇/第03讲_向量组.md	139
ZY30-XD-03-L3.13-M1	CORE_L2	基变换与向量坐标	建立两组基的矩阵关系后变换坐标	verified	corrected_v3	配套习题/张宇基础30讲/02_线性代数篇/第03讲_向量组.md	149
ZY30-XD-03-L3.14-M1	CORE_L2	向量空间的标准正交基	先选极大无关组再施密特正交化并单位化	verified	inherited_v2	配套习题/张宇基础30讲/02_线性代数篇/第03讲_向量组.md	159
ZY30-XD-03-X01	CORE_L2	向量组线性相关性	线性组合关系或矩阵秩	verified	inherited_v2	配套习题/张宇基础30讲/02_线性代数篇/第03讲_向量组.md	172
ZY30-XD-03-X02	CORE_L2	向量组线性相关性	线性组合关系或矩阵秩	verified	inherited_v2	配套习题/张宇基础30讲/02_线性代数篇/第03讲_向量组.md	187
ZY30-XD-03-X03	CORE_L2	向量的线性表示	建立列向量系数方程	verified	inherited_v2	配套习题/张宇基础30讲/02_线性代数篇/第03讲_向量组.md	202
ZY30-XD-03-X04	CORE_L2	向量组线性相关性	在原独立向量组下检查系数矩阵行列式	verified	corrected_v3	配套习题/张宇基础30讲/02_线性代数篇/第03讲_向量组.md	217
ZY30-XD-03-X05	CORE_L2	向量组等价性	比较列空间或双向线性表示	verified	inherited_v2	配套习题/张宇基础30讲/02_线性代数篇/第03讲_向量组.md	232
ZY30-XD-03-X06	CORE_L2	向量组等价性	比较列空间或双向线性表示	verified	inherited_v2	配套习题/张宇基础30讲/02_线性代数篇/第03讲_向量组.md	247
ZY30-XD-03-X07	CORE_L2	向量组线性相关性	线性组合关系或矩阵秩	verified	inherited_v2	配套习题/张宇基础30讲/02_线性代数篇/第03讲_向量组.md	262
ZY30-XD-03-X08	CORE_L2	向量的线性表示	建立列向量系数方程	verified	corrected_v3	配套习题/张宇基础30讲/02_线性代数篇/第03讲_向量组.md	272
ZY30-XD-03-X09	CORE_L2	极大无关组与基	求秩并选择独立向量	verified	inherited_v2	配套习题/张宇基础30讲/02_线性代数篇/第03讲_向量组.md	282
ZY30-XD-03-X10	CORE_L2	向量组等价性	比较列空间或双向线性表示	verified	inherited_v2	配套习题/张宇基础30讲/02_线性代数篇/第03讲_向量组.md	292
ZY30-XD-03-X11	CORE_L2	向量组线性相关性	对线性组合分别与每个正交向量作内积	verified	corrected_v3	配套习题/张宇基础30讲/02_线性代数篇/第03讲_向量组.md	302
ZY30-XD-03-X12	CORE_L2	基变换与坐标约束	基变换及相同坐标约束	verified	corrected_v3	配套习题/张宇基础30讲/02_线性代数篇/第03讲_向量组.md	312
ZY30-XD-04-L4.01	CORE_L2	齐次线性方程组解的结构	秩零化度与基础解系	verified	inherited_v2	配套习题/张宇基础30讲/02_线性代数篇/第04讲_线性方程组.md	9
ZY30-XD-04-L4.02	CORE_L2	空间向量的数量积与向量积	叉积求公共垂向后单位化	verified	corrected_v3	配套习题/张宇基础30讲/02_线性代数篇/第04讲_线性方程组.md	19
ZY30-XD-04-L4.03	CORE_L2	齐次线性方程组解的结构	秩零化度与基础解系	verified	inherited_v2	配套习题/张宇基础30讲/02_线性代数篇/第04讲_线性方程组.md	29
ZY30-XD-04-L4.04	CORE_L2	齐次线性方程组解的结构	秩零化度与基础解系	verified	inherited_v2	配套习题/张宇基础30讲/02_线性代数篇/第04讲_线性方程组.md	44
ZY30-XD-04-L4.05	CORE_L2	齐次线性方程组解的结构	秩零化度与基础解系	verified	inherited_v2	配套习题/张宇基础30讲/02_线性代数篇/第04讲_线性方程组.md	59
ZY30-XD-04-L4.06	CORE_L2	线性方程组的解与参数	比较系数矩阵与增广矩阵的秩	verified	inherited_v2	配套习题/张宇基础30讲/02_线性代数篇/第04讲_线性方程组.md	74
ZY30-XD-04-L4.07	CORE_L2	线性方程组的解与参数	比较系数矩阵与增广矩阵的秩	verified	inherited_v2	配套习题/张宇基础30讲/02_线性代数篇/第04讲_线性方程组.md	89
ZY30-XD-04-L4.08	CORE_L2	线性方程组的解与参数	比较系数矩阵与增广矩阵的秩	verified	corrected_v3	配套习题/张宇基础30讲/02_线性代数篇/第04讲_线性方程组.md	104
ZY30-XD-04-L4.09	CORE_L2	线性方程组的解与参数	比较系数矩阵与增广矩阵的秩	verified	inherited_v2	配套习题/张宇基础30讲/02_线性代数篇/第04讲_线性方程组.md	114
ZY30-XD-04-L4.10	CORE_L2	线性方程组的解与参数	比较系数矩阵与增广矩阵的秩	verified	inherited_v2	配套习题/张宇基础30讲/02_线性代数篇/第04讲_线性方程组.md	124
ZY30-XD-04-L4.11	CORE_L2	线性方程组的解与参数	比较系数矩阵与增广矩阵的秩	verified	inherited_v2	配套习题/张宇基础30讲/02_线性代数篇/第04讲_线性方程组.md	134
ZY30-XD-04-L4.12	CORE_L2	齐次线性方程组解的结构	秩零化度与基础解系	verified	corrected_v3	配套习题/张宇基础30讲/02_线性代数篇/第04讲_线性方程组.md	149
ZY30-XD-04-L4.13	CORE_L2	齐次线性方程组解的结构	秩零化度与基础解系	verified	corrected_v3	配套习题/张宇基础30讲/02_线性代数篇/第04讲_线性方程组.md	159
ZY30-XD-04-L4.14	CORE_L2	齐次线性方程组解的结构	秩零化度与基础解系	verified	inherited_v2	配套习题/张宇基础30讲/02_线性代数篇/第04讲_线性方程组.md	169
ZY30-XD-04-L4.15	CORE_L2	齐次线性方程组解的结构	秩零化度与基础解系	verified	inherited_v2	配套习题/张宇基础30讲/02_线性代数篇/第04讲_线性方程组.md	179
ZY30-XD-04-X01	CORE_L2	线性方程组的解与参数	比较系数矩阵与增广矩阵的秩	verified	inherited_v2	配套习题/张宇基础30讲/02_线性代数篇/第04讲_线性方程组.md	192
ZY30-XD-04-X02	CORE_L2	线性方程组的解与参数	比较系数矩阵与增广矩阵的秩	verified	inherited_v2	配套习题/张宇基础30讲/02_线性代数篇/第04讲_线性方程组.md	207
ZY30-XD-04-X03	CORE_L2	齐次线性方程组解的结构	秩零化度与基础解系	verified	inherited_v2	配套习题/张宇基础30讲/02_线性代数篇/第04讲_线性方程组.md	222
ZY30-XD-04-X04	CORE_L2	齐次线性方程组解的结构	秩零化度与基础解系	verified	inherited_v2	配套习题/张宇基础30讲/02_线性代数篇/第04讲_线性方程组.md	237
ZY30-XD-04-X05	CORE_L2	线性方程组的解与参数	比较系数矩阵与增广矩阵的秩	verified	inherited_v2	配套习题/张宇基础30讲/02_线性代数篇/第04讲_线性方程组.md	252
ZY30-XD-04-X06	CORE_L2	线性方程组的解与参数	比较系数矩阵与增广矩阵的秩	verified	inherited_v2	配套习题/张宇基础30讲/02_线性代数篇/第04讲_线性方程组.md	267
ZY30-XD-04-X07	CORE_L2	线性方程组的解与参数	比较系数矩阵与增广矩阵的秩	verified	inherited_v2	配套习题/张宇基础30讲/02_线性代数篇/第04讲_线性方程组.md	277
ZY30-XD-04-X08	CORE_L2	线性方程组的解与参数	比较系数矩阵与增广矩阵的秩	verified	inherited_v2	配套习题/张宇基础30讲/02_线性代数篇/第04讲_线性方程组.md	287
ZY30-XD-04-X09	CORE_L2	线性方程组的解与参数	求仿射解集并用矩阵幂作用证明向量无关	verified	corrected_v3	配套习题/张宇基础30讲/02_线性代数篇/第04讲_线性方程组.md	297
ZY30-XD-04-X10	CORE_L2	线性方程组的解与参数	先求通解再要求整个仿射解集满足另一方程组	verified	corrected_v3	配套习题/张宇基础30讲/02_线性代数篇/第04讲_线性方程组.md	307
ZY30-XD-05-L5.01	CORE_L2	特征值与特征向量	特征方程与特征子空间	verified	inherited_v2	配套习题/张宇基础30讲/02_线性代数篇/第05讲_特征值与特征向量.md	9
ZY30-XD-05-L5.02	CORE_L2	特征值与特征向量	特征方程与特征子空间	verified	inherited_v2	配套习题/张宇基础30讲/02_线性代数篇/第05讲_特征值与特征向量.md	19
ZY30-XD-05-L5.03	CORE_L2	特征值与特征向量	特征方程与特征子空间	verified	corrected_v3	配套习题/张宇基础30讲/02_线性代数篇/第05讲_特征值与特征向量.md	29
ZY30-XD-05-L5.04	CORE_L2	特征值与特征向量	特征方程与特征子空间	verified	inherited_v2	配套习题/张宇基础30讲/02_线性代数篇/第05讲_特征值与特征向量.md	39
ZY30-XD-05-L5.05	CORE_L2	特征值与特征向量	特征方程与特征子空间	verified	inherited_v2	配套习题/张宇基础30讲/02_线性代数篇/第05讲_特征值与特征向量.md	49
ZY30-XD-05-L5.06	CORE_L2	相似矩阵与对角化	用特征向量构造变换基	verified	inherited_v2	配套习题/张宇基础30讲/02_线性代数篇/第05讲_特征值与特征向量.md	59
ZY30-XD-05-L5.07	CORE_L2	相似矩阵与对角化	用特征向量构造变换基	verified	inherited_v2	配套习题/张宇基础30讲/02_线性代数篇/第05讲_特征值与特征向量.md	74
ZY30-XD-05-L5.08	CORE_L2	相似矩阵与对角化	用特征向量构造变换基	verified	inherited_v2	配套习题/张宇基础30讲/02_线性代数篇/第05讲_特征值与特征向量.md	84
ZY30-XD-05-L5.09	CORE_L2	相似矩阵与对角化	用特征向量构造变换基	verified	inherited_v2	配套习题/张宇基础30讲/02_线性代数篇/第05讲_特征值与特征向量.md	99
ZY30-XD-05-L5.10	CORE_L2	相似矩阵与对角化	用特征向量构造变换基	verified	inherited_v2	配套习题/张宇基础30讲/02_线性代数篇/第05讲_特征值与特征向量.md	114
ZY30-XD-05-L5.11	CORE_L2	相似矩阵与对角化	用特征向量构造变换基	verified	inherited_v2	配套习题/张宇基础30讲/02_线性代数篇/第05讲_特征值与特征向量.md	124
ZY30-XD-05-L5.12	CORE_L2	相似矩阵与对角化	循环基表示结合矩阵多项式	verified	corrected_v3	配套习题/张宇基础30讲/02_线性代数篇/第05讲_特征值与特征向量.md	139
ZY30-XD-05-L5.13	CORE_L2	相似矩阵与对角化	用特征向量构造变换基	verified	inherited_v2	配套习题/张宇基础30讲/02_线性代数篇/第05讲_特征值与特征向量.md	149
ZY30-XD-05-L5.14	CORE_L2	相似矩阵与对角化	构造在给定基下的矩阵并转化特征向量	verified	corrected_v3	配套习题/张宇基础30讲/02_线性代数篇/第05讲_特征值与特征向量.md	164
ZY30-XD-05-L5.15	CORE_L2	特征值与特征向量	特征方程与特征子空间	verified	inherited_v2	配套习题/张宇基础30讲/02_线性代数篇/第05讲_特征值与特征向量.md	174
ZY30-XD-05-L5.16	CORE_L2	特征值与特征向量	特征方程与特征子空间	verified	inherited_v2	配套习题/张宇基础30讲/02_线性代数篇/第05讲_特征值与特征向量.md	184
ZY30-XD-05-L5.17	CORE_L2	相似矩阵与对角化	重特征值的几何重数条件与对角化求幂	verified	corrected_v3	配套习题/张宇基础30讲/02_线性代数篇/第05讲_特征值与特征向量.md	194
ZY30-XD-05-L5.18	CORE_L2	正交变换与实对称矩阵	正交化特征向量	verified	inherited_v2	配套习题/张宇基础30讲/02_线性代数篇/第05讲_特征值与特征向量.md	204
ZY30-XD-05-L5.19	CORE_L2	相似矩阵与对角化	用特征向量构造变换基	verified	inherited_v2	配套习题/张宇基础30讲/02_线性代数篇/第05讲_特征值与特征向量.md	214
ZY30-XD-05-X01	CORE_L2	特征值与特征向量	特征方程与特征子空间	verified	inherited_v2	配套习题/张宇基础30讲/02_线性代数篇/第05讲_特征值与特征向量.md	227
ZY30-XD-05-X02	CORE_L2	特征值与特征向量	特征方程与特征子空间	verified	inherited_v2	配套习题/张宇基础30讲/02_线性代数篇/第05讲_特征值与特征向量.md	242
ZY30-XD-05-X03	CORE_L2	相似矩阵与对角化	用特征向量构造变换基	verified	inherited_v2	配套习题/张宇基础30讲/02_线性代数篇/第05讲_特征值与特征向量.md	257
ZY30-XD-05-X04	CORE_L2	相似矩阵与对角化	用特征向量构造变换基	verified	inherited_v2	配套习题/张宇基础30讲/02_线性代数篇/第05讲_特征值与特征向量.md	272
ZY30-XD-05-X05	CORE_L2	特征值与特征向量	谱映射结合伴随矩阵特征值关系	verified	corrected_v3	配套习题/张宇基础30讲/02_线性代数篇/第05讲_特征值与特征向量.md	287
ZY30-XD-05-X06	CORE_L2	特征值与特征向量	谱映射结合伴随矩阵特征值关系	verified	corrected_v3	配套习题/张宇基础30讲/02_线性代数篇/第05讲_特征值与特征向量.md	297
ZY30-XD-05-X07	CORE_L2	相似矩阵与对角化	用特征向量构造变换基	verified	inherited_v2	配套习题/张宇基础30讲/02_线性代数篇/第05讲_特征值与特征向量.md	307
ZY30-XD-05-X08	CORE_L2	相似矩阵与对角化	用特征向量构造变换基	verified	inherited_v2	配套习题/张宇基础30讲/02_线性代数篇/第05讲_特征值与特征向量.md	317
ZY30-XD-05-X09	CORE_L2	特征值与特征向量	特征方程与特征子空间	verified	inherited_v2	配套习题/张宇基础30讲/02_线性代数篇/第05讲_特征值与特征向量.md	327
ZY30-XD-05-X10	CORE_L2	特征值与特征向量	特征方程与特征子空间	verified	inherited_v2	配套习题/张宇基础30讲/02_线性代数篇/第05讲_特征值与特征向量.md	337
ZY30-XD-05-X11	CORE_L2	相似矩阵与对角化	用特征向量构造变换基	verified	corrected_v3	配套习题/张宇基础30讲/02_线性代数篇/第05讲_特征值与特征向量.md	347
ZY30-XD-05-X12	CORE_L2	相似矩阵与对角化	用特征向量构造变换基	verified	corrected_v3	配套习题/张宇基础30讲/02_线性代数篇/第05讲_特征值与特征向量.md	357
ZY30-XD-05-X13	CORE_L2	正交变换与实对称矩阵	正交化特征向量	verified	inherited_v2	配套习题/张宇基础30讲/02_线性代数篇/第05讲_特征值与特征向量.md	367
ZY30-XD-05-X14	CORE_L2	正交变换与实对称矩阵	正交化特征向量	verified	inherited_v2	配套习题/张宇基础30讲/02_线性代数篇/第05讲_特征值与特征向量.md	377
ZY30-XD-05-X15	CORE_L2	矩阵运算与矩阵方程	按分块结构分别对角化或用幂零展开求幂	verified	corrected_v3	配套习题/张宇基础30讲/02_线性代数篇/第05讲_特征值与特征向量.md	387
ZY30-XD-06-L6.01	CORE_L2	二次型与对称矩阵的对应	二次项系数到对称矩阵的转换	verified	corrected_v3	配套习题/张宇基础30讲/02_线性代数篇/第06讲_二次型.md	9
ZY30-XD-06-L6.02	CORE_L2	二次型化标准形	配方法与可逆线性变换	verified	corrected_v3	配套习题/张宇基础30讲/02_线性代数篇/第06讲_二次型.md	19
ZY30-XD-06-L6.03	CORE_L2	二次型化规范形	配方法与可逆线性变换	verified	corrected_v3	配套习题/张宇基础30讲/02_线性代数篇/第06讲_二次型.md	29
ZY30-XD-06-L6.04	CORE_L2	二次型化标准形	实对称矩阵的正交对角化	verified	corrected_v3	配套习题/张宇基础30讲/02_线性代数篇/第06讲_二次型.md	39
ZY30-XD-06-L6.05	CORE_L2	二次型化标准形	正交基的列置换与符号变换	verified	corrected_v3	配套习题/张宇基础30讲/02_线性代数篇/第06讲_二次型.md	49
ZY30-XD-06-L6.06	CORE_L2	正交合同变换与谱不变量	匹配两对称矩阵的谱后组合正交基	verified	corrected_v3	配套习题/张宇基础30讲/02_线性代数篇/第06讲_二次型.md	64
ZY30-XD-06-L6.07	CORE_L2	二次型惯性指数与参数	用惯性指数及合同不变量判定	verified	corrected_v3	配套习题/张宇基础30讲/02_线性代数篇/第06讲_二次型.md	74
ZY30-XD-06-L6.08	CORE_L2	实对称矩阵的合同判定	用惯性指数及合同不变量判定	verified	corrected_v3	配套习题/张宇基础30讲/02_线性代数篇/第06讲_二次型.md	84
ZY30-XD-06-L6.09	CORE_L2	同步行列置换下的合同与相似关系	用正交置换矩阵表示同步行列互换	verified	corrected_v3	配套习题/张宇基础30讲/02_线性代数篇/第06讲_二次型.md	99
ZY30-XD-06-L6.10	CORE_L2	二次型与矩阵的正定性	顺序主子式或特征值判别	verified	inherited_v2	配套习题/张宇基础30讲/02_线性代数篇/第06讲_二次型.md	114
ZY30-XD-06-L6.11	CORE_L2	二次型与矩阵的正定性	顺序主子式或特征值判别	verified	inherited_v2	配套习题/张宇基础30讲/02_线性代数篇/第06讲_二次型.md	124
ZY30-XD-06-L6.12	CORE_L2	二次型与矩阵的正定性	顺序主子式或特征值判别	verified	inherited_v2	配套习题/张宇基础30讲/02_线性代数篇/第06讲_二次型.md	134
ZY30-XD-06-X01	CORE_L2	二次型规范形与惯性指数	配方法或合同变换	verified	corrected_v3	配套习题/张宇基础30讲/02_线性代数篇/第06讲_二次型.md	152
ZY30-XD-06-X02	CORE_L2	二次型矩阵的合同分类	比较二階实对称矩阵的惯性指数	verified	corrected_v3	配套习题/张宇基础30讲/02_线性代数篇/第06讲_二次型.md	167
ZY30-XD-06-X03	CORE_L2	二次型与矩阵的正定性	顺序主子式或特征值判别	verified	inherited_v2	配套习题/张宇基础30讲/02_线性代数篇/第06讲_二次型.md	182
ZY30-XD-06-X04	CORE_L2	二次型矩阵的秩与参数	子式下界与行列式约束判秩	verified	corrected_v3	配套习题/张宇基础30讲/02_线性代数篇/第06讲_二次型.md	197
ZY30-XD-06-X05	CORE_L2	平方和二次型的秩	Gram矩阵秩归约到线性形式系数矩阵	verified	corrected_v3	配套习题/张宇基础30讲/02_线性代数篇/第06讲_二次型.md	207
ZY30-XD-06-X06	CORE_L2	二次型正惯性指数	配方识别正平方项数	verified	corrected_v3	配套习题/张宇基础30讲/02_线性代数篇/第06讲_二次型.md	217
ZY30-XD-06-X07	CORE_L2	二次型与矩阵的正定性	顺序主子式或特征值判别	verified	inherited_v2	配套习题/张宇基础30讲/02_线性代数篇/第06讲_二次型.md	227
ZY30-XD-06-X08	CORE_L2	二次型矩阵的对称化	分离矩阵的对称与反对称部分	verified	corrected_v3	配套习题/张宇基础30讲/02_线性代数篇/第06讲_二次型.md	237
ZY30-XD-06-X09	CORE_L2	二次型化标准形	由秩迹行列式或已知特征空间恢复谱分解	verified	corrected_v3	配套习题/张宇基础30讲/02_线性代数篇/第06讲_二次型.md	247
ZY30-XD-06-X10	CORE_L2	二次型谱与二次曲面分类	由秩迹行列式或已知特征空间恢复谱分解	verified	corrected_v3	配套习题/张宇基础30讲/02_线性代数篇/第06讲_二次型.md	257
ZY30-XD-06-X11	CORE_L2	二次型化标准形	给定谱匹配后构造正交变换	verified	corrected_v3	配套习题/张宇基础30讲/02_线性代数篇/第06讲_二次型.md	267
ZY30-XD-06-X12	CORE_L2	实对称投影矩阵的恢复与正定性	零特征方向投影恢复矩阵后判定正定	verified	corrected_v3	配套习题/张宇基础30讲/02_线性代数篇/第06讲_二次型.md	277
ZY30-XD-06-X13	CORE_L2	二次型与矩阵的正定性	将正定性化为所有特征值严格为正并分类参数	verified	corrected_v3	配套习题/张宇基础30讲/02_线性代数篇/第06讲_二次型.md	287
ZY30-GL-01-L1.01	CORE_L2	古典概型与组合计数	计数等可能样本点	verified	inherited_v2	配套习题/张宇基础30讲/03_概率论与数理统计篇/第01讲_随机事件与概率.md	9
ZY30-GL-01-L1.02	CORE_L2	古典概型与组合计数	计数等可能样本点	verified	corrected_v3	配套习题/张宇基础30讲/03_概率论与数理统计篇/第01讲_随机事件与概率.md	19
ZY30-GL-01-L1.03	CORE_L2	有放回与无放回抽样概率	二项与超几何计数及抽样位置对称性	verified	corrected_v3	配套习题/张宇基础30讲/03_概率论与数理统计篇/第01讲_随机事件与概率.md	29
ZY30-GL-01-L1.04	CORE_L2	几何概型	把事件化为几何区域的测度比	verified	inherited_v2	配套习题/张宇基础30讲/03_概率论与数理统计篇/第01讲_随机事件与概率.md	39
ZY30-GL-01-L1.05	CORE_L2	概率性质与事件关系	概率公理和加法公式	verified	inherited_v2	配套习题/张宇基础30讲/03_概率论与数理统计篇/第01讲_随机事件与概率.md	49
ZY30-GL-01-L1.06	CORE_L2	概率性质与事件关系	概率公理和加法公式	verified	inherited_v2	配套习题/张宇基础30讲/03_概率论与数理统计篇/第01讲_随机事件与概率.md	64
ZY30-GL-01-L1.07	CORE_L2	条件概率及乘法公式	转换条件事件并计算交事件	verified	inherited_v2	配套习题/张宇基础30讲/03_概率论与数理统计篇/第01讲_随机事件与概率.md	79
ZY30-GL-01-L1.08	CORE_L2	条件概率及乘法公式	转换条件事件并计算交事件	verified	inherited_v2	配套习题/张宇基础30讲/03_概率论与数理统计篇/第01讲_随机事件与概率.md	89
ZY30-GL-01-L1.09	CORE_L2	古典概型与组合计数	排列计数与容斥	verified	corrected_v3	配套习题/张宇基础30讲/03_概率论与数理统计篇/第01讲_随机事件与概率.md	99
ZY30-GL-01-L1.10	CORE_L2	全概率公式	按完备事件组分解	verified	inherited_v2	配套习题/张宇基础30讲/03_概率论与数理统计篇/第01讲_随机事件与概率.md	109
ZY30-GL-01-L1.11	CORE_L2	全概率公式	按完备事件组分解	verified	corrected_v3	配套习题/张宇基础30讲/03_概率论与数理统计篇/第01讲_随机事件与概率.md	119
ZY30-GL-01-L1.12	CORE_L2	贝叶斯公式与后验预测	更新来源概率再进行条件计算	verified	inherited_v2	配套习题/张宇基础30讲/03_概率论与数理统计篇/第01讲_随机事件与概率.md	129
ZY30-GL-01-L1.13	CORE_L2	随机事件独立性	核对交事件概率的乘积条件	verified	inherited_v2	配套习题/张宇基础30讲/03_概率论与数理统计篇/第01讲_随机事件与概率.md	139
ZY30-GL-01-L1.14	CORE_L2	独立重复试验的事件概率	二项计数与指定次序分解	verified	inherited_v2	配套习题/张宇基础30讲/03_概率论与数理统计篇/第01讲_随机事件与概率.md	154
ZY30-GL-01-L1.15	CORE_L2	独立重复试验的事件概率	二项计数与指定次序分解	verified	inherited_v2	配套习题/张宇基础30讲/03_概率论与数理统计篇/第01讲_随机事件与概率.md	164
ZY30-GL-01-X01	CORE_L2	随机事件的集合运算	事件集合反例与完整分解辨析	verified	corrected_v3	配套习题/张宇基础30讲/03_概率论与数理统计篇/第01讲_随机事件与概率.md	182
ZY30-GL-01-X02	CORE_L2	概率性质与事件关系	概率公理和加法公式	verified	inherited_v2	配套习题/张宇基础30讲/03_概率论与数理统计篇/第01讲_随机事件与概率.md	197
ZY30-GL-01-X03	CORE_L2	古典概型与组合计数	计数等可能样本点	verified	inherited_v2	配套习题/张宇基础30讲/03_概率论与数理统计篇/第01讲_随机事件与概率.md	212
ZY30-GL-01-X04	CORE_L2	古典概型与组合计数	计数等可能样本点	verified	inherited_v2	配套习题/张宇基础30讲/03_概率论与数理统计篇/第01讲_随机事件与概率.md	227
ZY30-GL-01-X05	CORE_L2	随机事件独立性	核对交事件概率的乘积条件	verified	inherited_v2	配套习题/张宇基础30讲/03_概率论与数理统计篇/第01讲_随机事件与概率.md	242
ZY30-GL-01-X06	CORE_L2	几何概型	把事件化为几何区域的测度比	verified	inherited_v2	配套习题/张宇基础30讲/03_概率论与数理统计篇/第01讲_随机事件与概率.md	257
ZY30-GL-01-X07	CORE_L2	几何概型	把事件化为几何区域的测度比	verified	inherited_v2	配套习题/张宇基础30讲/03_概率论与数理统计篇/第01讲_随机事件与概率.md	267
ZY30-GL-01-X08	CORE_L2	概率性质与事件关系	概率公理和加法公式	verified	inherited_v2	配套习题/张宇基础30讲/03_概率论与数理统计篇/第01讲_随机事件与概率.md	277
ZY30-GL-01-X09	CORE_L2	概率性质与事件关系	概率公理和加法公式	verified	inherited_v2	配套习题/张宇基础30讲/03_概率论与数理统计篇/第01讲_随机事件与概率.md	287
ZY30-GL-01-X10	CORE_L2	条件概率及乘法公式	转换条件事件并计算交事件	verified	inherited_v2	配套习题/张宇基础30讲/03_概率论与数理统计篇/第01讲_随机事件与概率.md	297
ZY30-GL-01-X11	CORE_L2	概率性质与事件关系	概率公理和加法公式	verified	inherited_v2	配套习题/张宇基础30讲/03_概率论与数理统计篇/第01讲_随机事件与概率.md	307
ZY30-GL-01-X12	CORE_L2	随机事件独立性	对立事件与独立性	verified	corrected_v3	配套习题/张宇基础30讲/03_概率论与数理统计篇/第01讲_随机事件与概率.md	317
ZY30-GL-01-X13	CORE_L2	条件概率及乘法公式	转换条件事件并计算交事件	verified	inherited_v2	配套习题/张宇基础30讲/03_概率论与数理统计篇/第01讲_随机事件与概率.md	327
ZY30-GL-01-X14	CORE_L2	随机事件的集合运算	事件分解与集合恒等式	verified	inherited_v2	配套习题/张宇基础30讲/03_概率论与数理统计篇/第01讲_随机事件与概率.md	337
ZY30-GL-01-X15	CORE_L2	随机事件的集合运算	事件分解与集合恒等式	verified	inherited_v2	配套习题/张宇基础30讲/03_概率论与数理统计篇/第01讲_随机事件与概率.md	347
ZY30-GL-01-X16	CORE_L2	随机事件的集合运算	事件分解与集合恒等式	verified	corrected_v3	配套习题/张宇基础30讲/03_概率论与数理统计篇/第01讲_随机事件与概率.md	357
ZY30-GL-01-X17	CORE_L2	贝叶斯公式与后验预测	保留未知先验参数的贝叶斯更新	verified	corrected_v3	配套习题/张宇基础30讲/03_概率论与数理统计篇/第01讲_随机事件与概率.md	367
ZY30-GL-01-X18	CORE_L2	贝叶斯公式与后验预测	更新来源概率再进行条件计算	verified	inherited_v2	配套习题/张宇基础30讲/03_概率论与数理统计篇/第01讲_随机事件与概率.md	377
ZY30-GL-01-X19	CORE_L2	全概率公式	按完备事件组分解	verified	inherited_v2	配套习题/张宇基础30讲/03_概率论与数理统计篇/第01讲_随机事件与概率.md	387
ZY30-GL-02-L2.01	CORE_L2	分布函数与概率分布	依据分布定义求概率	verified	inherited_v2	配套习题/张宇基础30讲/03_概率论与数理统计篇/第02讲_一维随机变量及其分布.md	9
ZY30-GL-02-L2.02	CORE_L2	分布函数与概率分布	依据分布定义求概率	verified	inherited_v2	配套习题/张宇基础30讲/03_概率论与数理统计篇/第02讲_一维随机变量及其分布.md	19
ZY30-GL-02-L2.03	CORE_L2	分布函数与概率分布	依据分布定义求概率	verified	inherited_v2	配套习题/张宇基础30讲/03_概率论与数理统计篇/第02讲_一维随机变量及其分布.md	34
ZY30-GL-02-L2.04	CORE_L2	分布函数与概率分布	由分布函数与密度关系解一阶方程并检查支持集	verified	corrected_v3	配套习题/张宇基础30讲/03_概率论与数理统计篇/第02讲_一维随机变量及其分布.md	44
ZY30-GL-02-L2.05	CORE_L2	概率密度及归一化	密度积分	verified	inherited_v2	配套习题/张宇基础30讲/03_概率论与数理统计篇/第02讲_一维随机变量及其分布.md	54
ZY30-GL-02-L2.06	CORE_L2	常见概率分布的概率计算	泊松零计数反解参数后计算质量概率	verified	corrected_v3	配套习题/张宇基础30讲/03_概率论与数理统计篇/第02讲_一维随机变量及其分布.md	64
ZY30-GL-02-L2.07	CORE_L2	独立重复试验的负二项计数	先求单次成功概率再建立负二项试验计数	verified	corrected_v3	配套习题/张宇基础30讲/03_概率论与数理统计篇/第02讲_一维随机变量及其分布.md	79
ZY30-GL-02-L2.08	CORE_L2	常见概率分布的概率计算	标准化或使用分布质量函数	verified	inherited_v2	配套习题/张宇基础30讲/03_概率论与数理统计篇/第02讲_一维随机变量及其分布.md	89
ZY30-GL-02-L2.09	CORE_L2	常见概率分布的概率计算	标准化或使用分布质量函数	verified	corrected_v3	配套习题/张宇基础30讲/03_概率论与数理统计篇/第02讲_一维随机变量及其分布.md	99
ZY30-GL-02-L2.10	CORE_L2	常见概率分布的概率计算	标准化或使用分布质量函数	verified	inherited_v2	配套习题/张宇基础30讲/03_概率论与数理统计篇/第02讲_一维随机变量及其分布.md	109
ZY30-GL-02-L2.11	CORE_L2	常见概率分布的概率计算	标准化或使用分布质量函数	verified	inherited_v2	配套习题/张宇基础30讲/03_概率论与数理统计篇/第02讲_一维随机变量及其分布.md	119
ZY30-GL-02-L2.12	CORE_L2	常见概率分布的概率计算	标准化或使用分布质量函数	verified	inherited_v2	配套习题/张宇基础30讲/03_概率论与数理统计篇/第02讲_一维随机变量及其分布.md	134
ZY30-GL-02-L2.13	CORE_L2	分布函数与概率分布	混合原子质量与区间条件密度	verified	corrected_v3	配套习题/张宇基础30讲/03_概率论与数理统计篇/第02讲_一维随机变量及其分布.md	149
ZY30-GL-02-L2.14	CORE_L2	随机变量函数的分布	分布函数法或变量变换	verified	inherited_v2	配套习题/张宇基础30讲/03_概率论与数理统计篇/第02讲_一维随机变量及其分布.md	159
ZY30-GL-02-L2.15	CORE_L2	随机变量函数的分布		needs_review	corrected_v3	配套习题/张宇基础30讲/03_概率论与数理统计篇/第02讲_一维随机变量及其分布.md	169
ZY30-GL-02-L2.16	CORE_L2	随机变量函数的分布	分布函数法或变量变换	verified	corrected_v3	配套习题/张宇基础30讲/03_概率论与数理统计篇/第02讲_一维随机变量及其分布.md	179
ZY30-GL-02-L2.17	CORE_L2	随机变量函数的分布	分布函数法或变量变换	verified	inherited_v2	配套习题/张宇基础30讲/03_概率论与数理统计篇/第02讲_一维随机变量及其分布.md	189
ZY30-GL-02-L2.18	CORE_L2	随机变量函数的分布	分段赔付函数与泊松次数下的条件二项混合	verified	corrected_v3	配套习题/张宇基础30讲/03_概率论与数理统计篇/第02讲_一维随机变量及其分布.md	199
ZY30-GL-02-X01	CORE_L2	分布函数与概率分布	依据分布定义求概率	verified	inherited_v2	配套习题/张宇基础30讲/03_概率论与数理统计篇/第02讲_一维随机变量及其分布.md	212
ZY30-GL-02-X02	CORE_L2	常见概率分布的概率计算	标准化或使用分布质量函数	verified	inherited_v2	配套习题/张宇基础30讲/03_概率论与数理统计篇/第02讲_一维随机变量及其分布.md	227
ZY30-GL-02-X03	CORE_L2	常见概率分布的概率计算	标准化或使用分布质量函数	verified	inherited_v2	配套习题/张宇基础30讲/03_概率论与数理统计篇/第02讲_一维随机变量及其分布.md	242
ZY30-GL-02-X04	CORE_L2	分布函数与概率分布	依据分布定义求概率	verified	inherited_v2	配套习题/张宇基础30讲/03_概率论与数理统计篇/第02讲_一维随机变量及其分布.md	257
ZY30-GL-02-X05	CORE_L2	分布函数与概率分布	依据分布定义求概率	verified	inherited_v2	配套习题/张宇基础30讲/03_概率论与数理统计篇/第02讲_一维随机变量及其分布.md	267
ZY30-GL-02-X06	CORE_L2	分布函数与概率分布	依据分布定义求概率	verified	inherited_v2	配套习题/张宇基础30讲/03_概率论与数理统计篇/第02讲_一维随机变量及其分布.md	277
ZY30-GL-02-X07	CORE_L2	概率密度及归一化	密度积分	verified	inherited_v2	配套习题/张宇基础30讲/03_概率论与数理统计篇/第02讲_一维随机变量及其分布.md	287
ZY30-GL-02-X08	CORE_L2	常见概率分布的概率计算	标准化或使用分布质量函数	verified	inherited_v2	配套习题/张宇基础30讲/03_概率论与数理统计篇/第02讲_一维随机变量及其分布.md	297
ZY30-GL-02-X09	CORE_L2	独立重复试验的事件概率	二项计数与指定次序分解	verified	inherited_v2	配套习题/张宇基础30讲/03_概率论与数理统计篇/第02讲_一维随机变量及其分布.md	307
ZY30-GL-02-X10	CORE_L2	独立重复试验的事件概率	二项计数与指定次序分解	verified	inherited_v2	配套习题/张宇基础30讲/03_概率论与数理统计篇/第02讲_一维随机变量及其分布.md	317
ZY30-GL-02-X11	CORE_L2	随机事件独立性	核对交事件概率的乘积条件	verified	inherited_v2	配套习题/张宇基础30讲/03_概率论与数理统计篇/第02讲_一维随机变量及其分布.md	327
ZY30-GL-02-X12	CORE_L2	随机变量函数的分布	分布函数法或变量变换	verified	inherited_v2	配套习题/张宇基础30讲/03_概率论与数理统计篇/第02讲_一维随机变量及其分布.md	337
ZY30-GL-02-X13	CORE_L2	分布函数与概率分布	归一化的概率族与条件概率	verified	corrected_v3	配套习题/张宇基础30讲/03_概率论与数理统计篇/第02讲_一维随机变量及其分布.md	347
ZY30-GL-02-X14	CORE_L2	分布函数与概率分布	依据分布定义求概率	verified	inherited_v2	配套习题/张宇基础30讲/03_概率论与数理统计篇/第02讲_一维随机变量及其分布.md	357
ZY30-GL-02-X15	CORE_L2	分布函数与概率分布	依据分布定义求概率	verified	corrected_v3	配套习题/张宇基础30讲/03_概率论与数理统计篇/第02讲_一维随机变量及其分布.md	367
ZY30-GL-02-X16	CORE_L2	随机变量函数的分布	分布函数法或变量变换	verified	corrected_v3	配套习题/张宇基础30讲/03_概率论与数理统计篇/第02讲_一维随机变量及其分布.md	377
ZY30-GL-02-X17	CORE_L2	随机变量函数的分布	分布函数法或变量变换	verified	corrected_v3	配套习题/张宇基础30讲/03_概率论与数理统计篇/第02讲_一维随机变量及其分布.md	387
ZY30-GL-02-X18	CORE_L2	随机变量函数的分布	分布函数法或变量变换	verified	inherited_v2	配套习题/张宇基础30讲/03_概率论与数理统计篇/第02讲_一维随机变量及其分布.md	397
ZY30-GL-03-L3.01	CORE_L2	联合分布与边缘分布	在联合支持集上积分或求和	verified	corrected_v3	配套习题/张宇基础30讲/03_概率论与数理统计篇/第03讲_多维随机变量及其分布.md	9
ZY30-GL-03-L3.02	CORE_L2	随机事件独立性	核对交事件概率的乘积条件	verified	inherited_v2	配套习题/张宇基础30讲/03_概率论与数理统计篇/第03讲_多维随机变量及其分布.md	19
ZY30-GL-03-L3.03	CORE_L2	联合分布与边缘分布	在联合支持集上积分或求和	verified	corrected_v3	配套习题/张宇基础30讲/03_概率论与数理统计篇/第03讲_多维随机变量及其分布.md	34
ZY30-GL-03-L3.04	CORE_L2	联合分布与边缘分布	在联合支持集上积分或求和	verified	corrected_v3	配套习题/张宇基础30讲/03_概率论与数理统计篇/第03讲_多维随机变量及其分布.md	44
ZY30-GL-03-L3.05	CORE_L2	联合分布与边缘分布	在联合支持集上积分或求和	verified	inherited_v2	配套习题/张宇基础30讲/03_概率论与数理统计篇/第03讲_多维随机变量及其分布.md	54
ZY30-GL-03-L3.06	CORE_L2	随机变量的独立性	用函数依赖与不满足概率乘积的事件证明不独立	verified	corrected_v3	配套习题/张宇基础30讲/03_概率论与数理统计篇/第03讲_多维随机变量及其分布.md	64
ZY30-GL-03-L3.07	CORE_L2	随机变量函数的分布	分布函数法或变量变换	verified	inherited_v2	配套习题/张宇基础30讲/03_概率论与数理统计篇/第03讲_多维随机变量及其分布.md	74
ZY30-GL-03-L3.08	CORE_L2	随机变量函数的分布	分布函数法或变量变换	verified	corrected_v3	配套习题/张宇基础30讲/03_概率论与数理统计篇/第03讲_多维随机变量及其分布.md	84
ZY30-GL-03-L3.09	CORE_L2	随机变量函数的分布	分布函数法或变量变换	verified	inherited_v2	配套习题/张宇基础30讲/03_概率论与数理统计篇/第03讲_多维随机变量及其分布.md	94
ZY30-GL-03-L3.10	CORE_L2	随机变量函数的分布	分布函数法或变量变换	verified	corrected_v3	配套习题/张宇基础30讲/03_概率论与数理统计篇/第03讲_多维随机变量及其分布.md	104
ZY30-GL-03-L3.11	CORE_L2	随机变量函数的分布	最大值事件的分布函数乘积	verified	corrected_v3	配套习题/张宇基础30讲/03_概率论与数理统计篇/第03讲_多维随机变量及其分布.md	114
ZY30-GL-03-L3.12	CORE_L2	随机变量函数的分布	径向变换并结合对称性检查矩及独立性	verified	corrected_v3	配套习题/张宇基础30讲/03_概率论与数理统计篇/第03讲_多维随机变量及其分布.md	124
ZY30-GL-03-X01	CORE_L2	概率密度及归一化	核对归一化必要条件与充分条件区别	verified	corrected_v3	配套习题/张宇基础30讲/03_概率论与数理统计篇/第03讲_多维随机变量及其分布.md	137
ZY30-GL-03-X02	CORE_L2	联合分布与边缘分布	由零概率区域及边缘质量恢复联合分布	verified	corrected_v3	配套习题/张宇基础30讲/03_概率论与数理统计篇/第03讲_多维随机变量及其分布.md	152
ZY30-GL-03-X03	CORE_L2	随机变量函数的分布	分布函数法或变量变换	verified	inherited_v2	配套习题/张宇基础30讲/03_概率论与数理统计篇/第03讲_多维随机变量及其分布.md	167
ZY30-GL-03-X04	CORE_L2	随机变量函数的分布	分布函数法或变量变换	verified	inherited_v2	配套习题/张宇基础30讲/03_概率论与数理统计篇/第03讲_多维随机变量及其分布.md	182
ZY30-GL-03-X05	CORE_L2	联合分布函数合法性与边缘极限	先检验联合分布函数必要条件再核对边缘极限	verified	corrected_v3	配套习题/张宇基础30讲/03_概率论与数理统计篇/第03讲_多维随机变量及其分布.md	197
ZY30-GL-03-X06	CORE_L2	联合分布与边缘分布	在联合支持集上积分或求和	verified	inherited_v2	配套习题/张宇基础30讲/03_概率论与数理统计篇/第03讲_多维随机变量及其分布.md	207
ZY30-GL-03-X07	CORE_L2	随机变量函数的分布	分布函数法或变量变换	verified	inherited_v2	配套习题/张宇基础30讲/03_概率论与数理统计篇/第03讲_多维随机变量及其分布.md	217
ZY30-GL-03-X08	CORE_L2	随机变量函数的分布	分布函数法或变量变换	verified	inherited_v2	配套习题/张宇基础30讲/03_概率论与数理统计篇/第03讲_多维随机变量及其分布.md	227
ZY30-GL-03-X09	CORE_L2	随机变量的独立性	比较联合分布与边缘乘积	verified	inherited_v2	配套习题/张宇基础30讲/03_概率论与数理统计篇/第03讲_多维随机变量及其分布.md	237
ZY30-GL-03-X10	CORE_L2	联合分布与边缘分布	在联合支持集上积分或求和	verified	corrected_v3	配套习题/张宇基础30讲/03_概率论与数理统计篇/第03讲_多维随机变量及其分布.md	247
ZY30-GL-03-X11	CORE_L2	随机变量函数的分布	分布函数法或变量变换	verified	corrected_v3	配套习题/张宇基础30讲/03_概率论与数理统计篇/第03讲_多维随机变量及其分布.md	257
ZY30-GL-03-X12	CORE_L2	联合分布与边缘分布	在联合支持集上积分或求和	verified	corrected_v3	配套习题/张宇基础30讲/03_概率论与数理统计篇/第03讲_多维随机变量及其分布.md	267
ZY30-GL-03-X13	CORE_L2	联合分布与边缘分布	在联合支持集上积分或求和	verified	corrected_v3	配套习题/张宇基础30讲/03_概率论与数理统计篇/第03讲_多维随机变量及其分布.md	277
ZY30-GL-03-X14	CORE_L2	联合分布与边缘分布	在联合支持集上积分或求和	verified	inherited_v2	配套习题/张宇基础30讲/03_概率论与数理统计篇/第03讲_多维随机变量及其分布.md	287
ZY30-GL-03-X15	CORE_L2	全概率公式	按离散变量取值分组计算条件概率	verified	corrected_v3	配套习题/张宇基础30讲/03_概率论与数理统计篇/第03讲_多维随机变量及其分布.md	297
ZY30-GL-03-X16	CORE_L2	随机变量函数的分布	分布函数法或变量变换	verified	inherited_v2	配套习题/张宇基础30讲/03_概率论与数理统计篇/第03讲_多维随机变量及其分布.md	307
ZY30-GL-03-X17	CORE_L2	随机变量函数的分布	分布函数法或变量变换	verified	inherited_v2	配套习题/张宇基础30讲/03_概率论与数理统计篇/第03讲_多维随机变量及其分布.md	317
ZY30-GL-03-X18	CORE_L2	随机变量函数的分布	分布函数法或变量变换	verified	inherited_v2	配套习题/张宇基础30讲/03_概率论与数理统计篇/第03讲_多维随机变量及其分布.md	327
ZY30-GL-04-L4.01	CORE_L2	方差与协方差	中心矩或二阶矩关系	verified	inherited_v2	配套习题/张宇基础30讲/03_概率论与数理统计篇/第04讲_随机变量的数字特征.md	9
ZY30-GL-04-L4.02	CORE_L2	数学期望及随机变量函数的期望	按分布求和或积分	verified	inherited_v2	配套习题/张宇基础30讲/03_概率论与数理统计篇/第04讲_随机变量的数字特征.md	19
ZY30-GL-04-L4.03	CORE_L2	数学期望及随机变量函数的期望	按分布求和或积分	verified	inherited_v2	配套习题/张宇基础30讲/03_概率论与数理统计篇/第04讲_随机变量的数字特征.md	29
ZY30-GL-04-L4.04	CORE_L2	数学期望及随机变量函数的期望	按分布求和或积分	verified	inherited_v2	配套习题/张宇基础30讲/03_概率论与数理统计篇/第04讲_随机变量的数字特征.md	44
ZY30-GL-04-L4.05	CORE_L2	数学期望及随机变量函数的期望	按分布求和或积分	verified	inherited_v2	配套习题/张宇基础30讲/03_概率论与数理统计篇/第04讲_随机变量的数字特征.md	54
ZY30-GL-04-L4.06	CORE_L2	随机变量函数的分布	分布函数法或变量变换	verified	inherited_v2	配套习题/张宇基础30讲/03_概率论与数理统计篇/第04讲_随机变量的数字特征.md	64
ZY30-GL-04-L4.07	CORE_L2	相关系数与线性相关	先按联合支持约束建立分布再求矩与变换分布	verified	corrected_v3	配套习题/张宇基础30讲/03_概率论与数理统计篇/第04讲_随机变量的数字特征.md	74
ZY30-GL-04-L4.08	CORE_L2	数学期望及随机变量函数的期望	对到达时间差的绝对值分区积分	verified	corrected_v3	配套习题/张宇基础30讲/03_概率论与数理统计篇/第04讲_随机变量的数字特征.md	84
ZY30-GL-04-L4.09	CORE_L2	相关系数与线性相关	协方差标准化	verified	inherited_v2	配套习题/张宇基础30讲/03_概率论与数理统计篇/第04讲_随机变量的数字特征.md	94
ZY30-GL-04-L4.10	CORE_L2	相关系数与线性相关	协方差标准化	verified	inherited_v2	配套习题/张宇基础30讲/03_概率论与数理统计篇/第04讲_随机变量的数字特征.md	109
ZY30-GL-04-L4.11	CORE_L2	切比雪夫不等式及概率界	计算均值方差后使用切比雪夫不等式	verified	inherited_v2	配套习题/张宇基础30讲/03_概率论与数理统计篇/第04讲_随机变量的数字特征.md	124
ZY30-GL-04-L4.12	CORE_L2	数学期望及随机变量函数的期望	按分布求和或积分	verified	corrected_v3	配套习题/张宇基础30讲/03_概率论与数理统计篇/第04讲_随机变量的数字特征.md	134
ZY30-GL-04-X01	CORE_L2	数学期望及随机变量函数的期望	按分布求和或积分	verified	inherited_v2	配套习题/张宇基础30讲/03_概率论与数理统计篇/第04讲_随机变量的数字特征.md	147
ZY30-GL-04-X02	CORE_L2	相关系数与线性相关	协方差标准化	verified	inherited_v2	配套习题/张宇基础30讲/03_概率论与数理统计篇/第04讲_随机变量的数字特征.md	162
ZY30-GL-04-X03	CORE_L2	相关系数与线性相关	协方差标准化	verified	inherited_v2	配套习题/张宇基础30讲/03_概率论与数理统计篇/第04讲_随机变量的数字特征.md	177
ZY30-GL-04-X04	CORE_L2	相关系数与线性相关	协方差标准化	verified	inherited_v2	配套习题/张宇基础30讲/03_概率论与数理统计篇/第04讲_随机变量的数字特征.md	192
ZY30-GL-04-X05	CORE_L2	方差与协方差	中心矩或二阶矩关系	verified	inherited_v2	配套习题/张宇基础30讲/03_概率论与数理统计篇/第04讲_随机变量的数字特征.md	207
ZY30-GL-04-X06	CORE_L2	方差与协方差	中心矩或二阶矩关系	verified	inherited_v2	配套习题/张宇基础30讲/03_概率论与数理统计篇/第04讲_随机变量的数字特征.md	217
ZY30-GL-04-X07	CORE_L2	数学期望及随机变量函数的期望	按分布求和或积分	verified	inherited_v2	配套习题/张宇基础30讲/03_概率论与数理统计篇/第04讲_随机变量的数字特征.md	227
ZY30-GL-04-X08	CORE_L2	数学期望及随机变量函数的期望	按分布求和或积分	verified	inherited_v2	配套习题/张宇基础30讲/03_概率论与数理统计篇/第04讲_随机变量的数字特征.md	237
ZY30-GL-04-X09	CORE_L2	数学期望及随机变量函数的期望	按分布求和或积分	verified	inherited_v2	配套习题/张宇基础30讲/03_概率论与数理统计篇/第04讲_随机变量的数字特征.md	247
ZY30-GL-04-X10	CORE_L2	数学期望及随机变量函数的期望	按分布求和或积分	verified	inherited_v2	配套习题/张宇基础30讲/03_概率论与数理统计篇/第04讲_随机变量的数字特征.md	257
ZY30-GL-04-X11	CORE_L2	切比雪夫不等式及概率界	计算均值方差后使用切比雪夫不等式	verified	inherited_v2	配套习题/张宇基础30讲/03_概率论与数理统计篇/第04讲_随机变量的数字特征.md	267
ZY30-GL-04-X12	CORE_L2	联合分布与边缘分布	由协方差与边缘分布联立求联合概率	verified	corrected_v3	配套习题/张宇基础30讲/03_概率论与数理统计篇/第04讲_随机变量的数字特征.md	277
ZY30-GL-04-X13	CORE_L2	相关系数与线性相关	协方差标准化	verified	corrected_v3	配套习题/张宇基础30讲/03_概率论与数理统计篇/第04讲_随机变量的数字特征.md	287
ZY30-GL-04-X14	CORE_L2	相关系数与线性相关	协方差标准化	verified	corrected_v3	配套习题/张宇基础30讲/03_概率论与数理统计篇/第04讲_随机变量的数字特征.md	297
ZY30-GL-05-L5.01	CORE_L2	大数定律与依概率收敛	核对均值方差及收敛条件	verified	inherited_v2	配套习题/张宇基础30讲/03_概率论与数理统计篇/第05讲_大数定律与中心极限定理.md	9
ZY30-GL-05-L5.02-M3	CORE_L2	经验分布函数	累计样本频数	verified	inherited_v2	配套习题/张宇基础30讲/03_概率论与数理统计篇/第05讲_大数定律与中心极限定理.md	24
ZY30-GL-05-L5.03	CORE_L2	大数定律与依概率收敛	核对均值方差及收敛条件	verified	inherited_v2	配套习题/张宇基础30讲/03_概率论与数理统计篇/第05讲_大数定律与中心极限定理.md	34
ZY30-GL-05-L5.04	CORE_L2	中心极限定理与正态近似	中心化标准化	verified	inherited_v2	配套习题/张宇基础30讲/03_概率论与数理统计篇/第05讲_大数定律与中心极限定理.md	49
ZY30-GL-05-L5.05	CORE_L2	中心极限定理与正态近似	中心化标准化	verified	inherited_v2	配套习题/张宇基础30讲/03_概率论与数理统计篇/第05讲_大数定律与中心极限定理.md	64
ZY30-GL-05-L5.06	CORE_L2	中心极限定理与正态近似	中心化标准化	verified	inherited_v2	配套习题/张宇基础30讲/03_概率论与数理统计篇/第05讲_大数定律与中心极限定理.md	79
ZY30-GL-05-X01	CORE_L2	中心极限定理与正态近似	中心化标准化	verified	inherited_v2	配套习题/张宇基础30讲/03_概率论与数理统计篇/第05讲_大数定律与中心极限定理.md	92
ZY30-GL-05-X02	CORE_L2	中心极限定理与正态近似	中心化标准化	verified	inherited_v2	配套习题/张宇基础30讲/03_概率论与数理统计篇/第05讲_大数定律与中心极限定理.md	107
ZY30-GL-05-X03	CORE_L2	中心极限定理与正态近似	中心化标准化	verified	inherited_v2	配套习题/张宇基础30讲/03_概率论与数理统计篇/第05讲_大数定律与中心极限定理.md	122
ZY30-GL-05-X04	CORE_L2	大数定律与依概率收敛	核对均值方差及收敛条件	verified	inherited_v2	配套习题/张宇基础30讲/03_概率论与数理统计篇/第05讲_大数定律与中心极限定理.md	132
ZY30-GL-05-X05	CORE_L2	中心极限定理与正态近似	中心化标准化	verified	inherited_v2	配套习题/张宇基础30讲/03_概率论与数理统计篇/第05讲_大数定律与中心极限定理.md	142
ZY30-GL-06-L6.01	CORE_L2	方差与协方差	中心矩或二阶矩关系	verified	inherited_v2	配套习题/张宇基础30讲/03_概率论与数理统计篇/第06讲_数理统计.md	9
ZY30-GL-06-L6.02	CORE_L2	估计量的无偏性与有效性	比较期望方差或均方误差	verified	inherited_v2	配套习题/张宇基础30讲/03_概率论与数理统计篇/第06讲_数理统计.md	19
ZY30-GL-06-L6.03	CORE_L2	统计量及抽样分布	标准统计量构造与独立性	verified	inherited_v2	配套习题/张宇基础30讲/03_概率论与数理统计篇/第06讲_数理统计.md	34
ZY30-GL-06-L6.04	CORE_L2	统计量及抽样分布	标准统计量构造与独立性	verified	inherited_v2	配套习题/张宇基础30讲/03_概率论与数理统计篇/第06讲_数理统计.md	44
ZY30-GL-06-L6.05	CORE_L2	统计量及抽样分布	标准统计量构造与独立性	verified	inherited_v2	配套习题/张宇基础30讲/03_概率论与数理统计篇/第06讲_数理统计.md	59
ZY30-GL-06-L6.06	CORE_L2	统计量及抽样分布	标准统计量构造与独立性	verified	inherited_v2	配套习题/张宇基础30讲/03_概率论与数理统计篇/第06讲_数理统计.md	74
ZY30-GL-06-L6.07	CORE_L2	矩估计与最大似然估计	分别建立矩方程及似然极值条件	verified	inherited_v2	配套习题/张宇基础30讲/03_概率论与数理统计篇/第06讲_数理统计.md	89
ZY30-GL-06-L6.08	CORE_L2	最大似然估计	先解分布方程再构造似然并处理开放参数边界	verified	corrected_v3	配套习题/张宇基础30讲/03_概率论与数理统计篇/第06讲_数理统计.md	99
ZY30-GL-06-L6.09	CORE_L2	矩估计与最大似然估计	分别建立矩方程及似然极值条件	verified	corrected_v3	配套习题/张宇基础30讲/03_概率论与数理统计篇/第06讲_数理统计.md	109
ZY30-GL-06-L6.10-M1	CORE_L2	估计量的无偏性与有效性	比较期望方差或均方误差	verified	inherited_v2	配套习题/张宇基础30讲/03_概率论与数理统计篇/第06讲_数理统计.md	119
ZY30-GL-06-L6.10-M3	CORE_L2	估计量的无偏性与有效性	比较期望方差或均方误差	verified	inherited_v2	配套习题/张宇基础30讲/03_概率论与数理统计篇/第06讲_数理统计.md	134
ZY30-GL-06-L6.11	CORE_L2	估计量的无偏性与有效性	比较期望方差或均方误差	verified	inherited_v2	配套习题/张宇基础30讲/03_概率论与数理统计篇/第06讲_数理统计.md	149
ZY30-GL-06-L6.12	CORE_L2	估计量的无偏性与有效性	比较期望方差或均方误差	verified	inherited_v2	配套习题/张宇基础30讲/03_概率论与数理统计篇/第06讲_数理统计.md	159
ZY30-GL-06-L6.13	CORE_L2	参数置信区间	构造枢轴量并反解区间	verified	inherited_v2	配套习题/张宇基础30讲/03_概率论与数理统计篇/第06讲_数理统计.md	169
ZY30-GL-06-L6.14	CORE_L2	参数置信区间	构造枢轴量并反解区间	verified	inherited_v2	配套习题/张宇基础30讲/03_概率论与数理统计篇/第06讲_数理统计.md	184
ZY30-GL-06-L6.15	CORE_L2	参数假设检验	统计量与拒绝域	verified	corrected_v3	配套习题/张宇基础30讲/03_概率论与数理统计篇/第06讲_数理统计.md	194
ZY30-GL-06-L6.16-M1	CORE_L2	参数假设检验	统计量与拒绝域	verified	inherited_v2	配套习题/张宇基础30讲/03_概率论与数理统计篇/第06讲_数理统计.md	204
ZY30-GL-06-L6.17-M1	CORE_L2	参数假设检验	统计量与拒绝域	verified	inherited_v2	配套习题/张宇基础30讲/03_概率论与数理统计篇/第06讲_数理统计.md	219
ZY30-GL-06-X01	CORE_L2	统计量及抽样分布	标准统计量构造与独立性	verified	inherited_v2	配套习题/张宇基础30讲/03_概率论与数理统计篇/第06讲_数理统计.md	237
ZY30-GL-06-X02	CORE_L2	统计量及抽样分布	标准统计量构造与独立性	verified	inherited_v2	配套习题/张宇基础30讲/03_概率论与数理统计篇/第06讲_数理统计.md	252
ZY30-GL-06-X03	CORE_L2	统计量及抽样分布	标准统计量构造与独立性	verified	inherited_v2	配套习题/张宇基础30讲/03_概率论与数理统计篇/第06讲_数理统计.md	267
ZY30-GL-06-X04	CORE_L2	统计量及抽样分布	标准统计量构造与独立性	verified	inherited_v2	配套习题/张宇基础30讲/03_概率论与数理统计篇/第06讲_数理统计.md	282
ZY30-GL-06-X05	CORE_L2	最大似然估计	构造似然并比较极值	verified	inherited_v2	配套习题/张宇基础30讲/03_概率论与数理统计篇/第06讲_数理统计.md	297
ZY30-GL-06-X06	CORE_L2	参数置信区间	构造枢轴量并反解区间	verified	inherited_v2	配套习题/张宇基础30讲/03_概率论与数理统计篇/第06讲_数理统计.md	312
ZY30-GL-06-X07	CORE_L2	参数假设检验	统计量与拒绝域	verified	inherited_v2	配套习题/张宇基础30讲/03_概率论与数理统计篇/第06讲_数理统计.md	327
ZY30-GL-06-X08	CORE_L2	估计量的无偏性与有效性	比较期望方差或均方误差	verified	inherited_v2	配套习题/张宇基础30讲/03_概率论与数理统计篇/第06讲_数理统计.md	342
ZY30-GL-06-X09	CORE_L2	矩估计	总体矩与样本矩匹配	verified	corrected_v3	配套习题/张宇基础30讲/03_概率论与数理统计篇/第06讲_数理统计.md	352
ZY30-GL-06-X10	CORE_L2	矩估计与最大似然估计	分别建立矩方程及似然极值条件	verified	inherited_v2	配套习题/张宇基础30讲/03_概率论与数理统计篇/第06讲_数理统计.md	362
ZY30-GL-06-X11	CORE_L2	最大似然估计	变量函数的极大似然不变性并核对开放边界是否取得最大值	verified	corrected_v3	配套习题/张宇基础30讲/03_概率论与数理统计篇/第06讲_数理统计.md	372
ZY30-GL-06-X12	CORE_L2	估计量的无偏性与有效性	比较期望方差或均方误差	verified	inherited_v2	配套习题/张宇基础30讲/03_概率论与数理统计篇/第06讲_数理统计.md	382
ZY1000-JC-GL01-T01	L1_FIRST	随机事件的集合运算	事件分解与集合恒等式	verified	inherited_v2	配套习题/张宇1000题/01_基础篇/概率论与数理统计/第01章_随机事件与概率.md	7
ZY1000-JC-GL01-T02	L1_FIRST	随机事件的集合运算	事件分解与集合恒等式	verified	inherited_v2	配套习题/张宇1000题/01_基础篇/概率论与数理统计/第01章_随机事件与概率.md	22
ZY1000-JC-GL01-T03	L1_FIRST	概率性质与事件关系	概率公理和加法公式	verified	inherited_v2	配套习题/张宇1000题/01_基础篇/概率论与数理统计/第01章_随机事件与概率.md	37
ZY1000-JC-GL01-T04	L1_FIRST	条件概率及乘法公式	条件于终点后对等概率路径计数	verified	corrected_v3	配套习题/张宇1000题/01_基础篇/概率论与数理统计/第01章_随机事件与概率.md	52
ZY1000-JC-GL01-T05	L1_FIRST	条件概率及乘法公式	转换条件事件并计算交事件	verified	inherited_v2	配套习题/张宇1000题/01_基础篇/概率论与数理统计/第01章_随机事件与概率.md	67
ZY1000-JC-GL01-T06	L1_FIRST	条件概率及乘法公式	转换条件事件并计算交事件	verified	inherited_v2	配套习题/张宇1000题/01_基础篇/概率论与数理统计/第01章_随机事件与概率.md	82
ZY1000-JC-GL01-T09	L1_FIRST	条件概率及乘法公式	转换条件事件并计算交事件	verified	inherited_v2	配套习题/张宇1000题/01_基础篇/概率论与数理统计/第01章_随机事件与概率.md	97
ZY1000-JC-GL01-T11	L1_FIRST	条件概率及乘法公式	转换条件事件并计算交事件	verified	inherited_v2	配套习题/张宇1000题/01_基础篇/概率论与数理统计/第01章_随机事件与概率.md	112
ZY1000-JC-GL02-T02	L1_FIRST	常见概率分布的概率计算	标准化或使用分布质量函数	verified	inherited_v2	配套习题/张宇1000题/01_基础篇/概率论与数理统计/第02章_一维随机变量及其分布.md	7
ZY1000-JC-GL02-T03	L1_FIRST	随机变量函数的分布	分布函数法或变量变换	verified	inherited_v2	配套习题/张宇1000题/01_基础篇/概率论与数理统计/第02章_一维随机变量及其分布.md	22
ZY1000-JC-GL02-T04	L1_FIRST	独立重复试验的事件概率	二项计数与指定次序分解	verified	inherited_v2	配套习题/张宇1000题/01_基础篇/概率论与数理统计/第02章_一维随机变量及其分布.md	37
ZY1000-JC-GL02-T05	L1_FIRST	常见概率分布的概率计算	标准化或使用分布质量函数	verified	inherited_v2	配套习题/张宇1000题/01_基础篇/概率论与数理统计/第02章_一维随机变量及其分布.md	52
ZY1000-JC-GL02-T06	L1_FIRST	常见概率分布的概率计算	标准化或使用分布质量函数	verified	inherited_v2	配套习题/张宇1000题/01_基础篇/概率论与数理统计/第02章_一维随机变量及其分布.md	67
ZY1000-JC-GL02-T07	L1_FIRST	随机变量函数的分布	分布函数法或变量变换	verified	inherited_v2	配套习题/张宇1000题/01_基础篇/概率论与数理统计/第02章_一维随机变量及其分布.md	82
ZY1000-JC-GL02-T08	L1_FIRST	常见概率分布的概率计算	标准化或使用分布质量函数	verified	inherited_v2	配套习题/张宇1000题/01_基础篇/概率论与数理统计/第02章_一维随机变量及其分布.md	97
ZY1000-JC-GL03-T01	L1_FIRST	随机变量函数的分布	变换支持集与二项分布条件辨析	verified	corrected_v3	配套习题/张宇1000题/01_基础篇/概率论与数理统计/第03章_多维随机变量及其分布.md	7
ZY1000-JC-GL03-T02	L1_FIRST	全概率公式	按完备事件组分解	verified	inherited_v2	配套习题/张宇1000题/01_基础篇/概率论与数理统计/第03章_多维随机变量及其分布.md	22
ZY1000-JC-GL03-T03	L1_FIRST	全概率公式	按完备事件组分解	verified	inherited_v2	配套习题/张宇1000题/01_基础篇/概率论与数理统计/第03章_多维随机变量及其分布.md	37
ZY1000-JC-GL03-T07	L1_FIRST	随机变量函数的分布	分布函数法或变量变换	verified	inherited_v2	配套习题/张宇1000题/01_基础篇/概率论与数理统计/第03章_多维随机变量及其分布.md	52
ZY1000-JC-GL04-T02	L1_FIRST	数学期望及随机变量函数的期望	按分布求和或积分	verified	inherited_v2	配套习题/张宇1000题/01_基础篇/概率论与数理统计/第04章_随机变量的数字特征.md	7
ZY1000-JC-GL04-T03	L1_FIRST	方差与协方差	中心矩或二阶矩关系	needs_review	corrected_v3	配套习题/张宇1000题/01_基础篇/概率论与数理统计/第04章_随机变量的数字特征.md	22
ZY1000-JC-GL04-T04	L1_FIRST	数学期望及随机变量函数的期望	按分布求和或积分	verified	inherited_v2	配套习题/张宇1000题/01_基础篇/概率论与数理统计/第04章_随机变量的数字特征.md	37
ZY1000-JC-GL04-T05	L1_FIRST	数学期望及随机变量函数的期望	超几何分布的期望求和	verified	corrected_v3	配套习题/张宇1000题/01_基础篇/概率论与数理统计/第04章_随机变量的数字特征.md	52
ZY1000-JC-GL04-T10	L1_FIRST	数学期望及随机变量函数的期望	按分布求和或积分	verified	inherited_v2	配套习题/张宇1000题/01_基础篇/概率论与数理统计/第04章_随机变量的数字特征.md	67
ZY1000-JC-GL04-T11	L1_FIRST	数学期望及随机变量函数的期望	按分布求和或积分	verified	inherited_v2	配套习题/张宇1000题/01_基础篇/概率论与数理统计/第04章_随机变量的数字特征.md	82
ZY1000-JC-GL04-T12	L1_FIRST	相关系数与线性相关	协方差标准化	verified	inherited_v2	配套习题/张宇1000题/01_基础篇/概率论与数理统计/第04章_随机变量的数字特征.md	97
ZY1000-JC-GL04-T13	L1_FIRST	相关系数与线性相关	协方差标准化	verified	inherited_v2	配套习题/张宇1000题/01_基础篇/概率论与数理统计/第04章_随机变量的数字特征.md	112
ZY1000-JC-GL04-T14	L1_FIRST	相关系数与线性相关	协方差标准化	verified	inherited_v2	配套习题/张宇1000题/01_基础篇/概率论与数理统计/第04章_随机变量的数字特征.md	127
ZY1000-JC-GL04-T15	L1_FIRST	随机变量的独立性	比较联合分布与边缘乘积	verified	inherited_v2	配套习题/张宇1000题/01_基础篇/概率论与数理统计/第04章_随机变量的数字特征.md	142
ZY1000-JC-GL04-T16	L1_FIRST	相关系数与线性相关	协方差标准化	verified	inherited_v2	配套习题/张宇1000题/01_基础篇/概率论与数理统计/第04章_随机变量的数字特征.md	157
ZY1000-JC-GL04-T17	L1_FIRST	相关系数与线性相关	协方差标准化	verified	inherited_v2	配套习题/张宇1000题/01_基础篇/概率论与数理统计/第04章_随机变量的数字特征.md	172
ZY1000-JC-GL04-T18	L1_FIRST	相关系数与线性相关	协方差标准化	verified	inherited_v2	配套习题/张宇1000题/01_基础篇/概率论与数理统计/第04章_随机变量的数字特征.md	187
ZY1000-JC-GL05-T03	L1_FIRST	中心极限定理与正态近似	中心化标准化	verified	inherited_v2	配套习题/张宇1000题/01_基础篇/概率论与数理统计/第05章_大数定律与中心极限定理.md	7
ZY1000-JC-GL05-T04	L1_FIRST	中心极限定理与正态近似	中心化标准化	verified	inherited_v2	配套习题/张宇1000题/01_基础篇/概率论与数理统计/第05章_大数定律与中心极限定理.md	22
ZY1000-JC-GL05-T05	L1_FIRST	中心极限定理与正态近似	中心化标准化	verified	inherited_v2	配套习题/张宇1000题/01_基础篇/概率论与数理统计/第05章_大数定律与中心极限定理.md	37
ZY1000-JC-GL06-T01	L1_FIRST	统计量及抽样分布	标准统计量构造与独立性	verified	inherited_v2	配套习题/张宇1000题/01_基础篇/概率论与数理统计/第06章_数理统计.md	7
ZY1000-JC-GL06-T02	L1_FIRST	统计量及抽样分布	标准统计量构造与独立性	verified	inherited_v2	配套习题/张宇1000题/01_基础篇/概率论与数理统计/第06章_数理统计.md	22
ZY1000-JC-GL06-T03	L1_FIRST	统计量及抽样分布	标准统计量构造与独立性	verified	inherited_v2	配套习题/张宇1000题/01_基础篇/概率论与数理统计/第06章_数理统计.md	37
ZY1000-JC-GL06-T04	L1_FIRST	统计量及抽样分布	标准统计量构造与独立性	verified	inherited_v2	配套习题/张宇1000题/01_基础篇/概率论与数理统计/第06章_数理统计.md	52
ZY1000-JC-GL06-T05	L1_FIRST	统计量及抽样分布	标准统计量构造与独立性	verified	inherited_v2	配套习题/张宇1000题/01_基础篇/概率论与数理统计/第06章_数理统计.md	67
ZY1000-JC-GL06-T06	L1_FIRST	数学期望及随机变量函数的期望	按分布求和或积分	verified	inherited_v2	配套习题/张宇1000题/01_基础篇/概率论与数理统计/第06章_数理统计.md	82
ZY1000-JC-GL06-T07	L1_FIRST	估计量的无偏性与有效性	比较期望方差或均方误差	verified	inherited_v2	配套习题/张宇1000题/01_基础篇/概率论与数理统计/第06章_数理统计.md	97
ZY1000-JC-GL06-T08	L1_FIRST	最大似然估计	构造似然并比较极值	verified	inherited_v2	配套习题/张宇1000题/01_基础篇/概率论与数理统计/第06章_数理统计.md	112
ZY1000-JC-GL06-T14	L1_FIRST	最大似然估计	构造似然并比较极值	verified	inherited_v2	配套习题/张宇1000题/01_基础篇/概率论与数理统计/第06章_数理统计.md	127
ZY1000-JC-GL06-T16	L1_FIRST	估计量的无偏性与有效性	比较期望方差或均方误差	verified	inherited_v2	配套习题/张宇1000题/01_基础篇/概率论与数理统计/第06章_数理统计.md	142
ZY1000-JC-GL06-T17	L1_FIRST	估计量的无偏性与有效性	比较期望方差或均方误差	verified	inherited_v2	配套习题/张宇1000题/01_基础篇/概率论与数理统计/第06章_数理统计.md	157
ZY1000-JC-GL06-T18	L1_FIRST	估计量的无偏性与有效性	比较期望方差或均方误差	verified	inherited_v2	配套习题/张宇1000题/01_基础篇/概率论与数理统计/第06章_数理统计.md	172
ZY1000-JC-GL06-T21	L1_FIRST	参数假设检验	统计量与拒绝域	verified	inherited_v2	配套习题/张宇1000题/01_基础篇/概率论与数理统计/第06章_数理统计.md	187
ZY1000-JC-GL06-T22	L1_FIRST	参数假设检验	统计量与拒绝域	verified	inherited_v2	配套习题/张宇1000题/01_基础篇/概率论与数理统计/第06章_数理统计.md	202
ZY1000-JC-GL06-T23	L1_FIRST	参数假设检验	统计量与拒绝域	verified	inherited_v2	配套习题/张宇1000题/01_基础篇/概率论与数理统计/第06章_数理统计.md	217
ZY1000-JC-GS00-T01	L1_FIRST	三角恒等式与角度变换	和差角及诱导公式	verified	inherited_v2	配套习题/张宇1000题/01_基础篇/第00章_零基础.md	7
ZY1000-JC-GS00-T02	L1_FIRST	数学归纳法与递推不等式	验证初值并构造归纳步骤	verified	inherited_v2	配套习题/张宇1000题/01_基础篇/第00章_零基础.md	22
ZY1000-JC-GS00-T03	L1_FIRST	数学归纳法与递推不等式	验证初值并构造归纳步骤	verified	inherited_v2	配套习题/张宇1000题/01_基础篇/第00章_零基础.md	32
ZY1000-JC-GS00-T04	L1_FIRST	初等代数运算	代数恒等变形	verified	inherited_v2	配套习题/张宇1000题/01_基础篇/第00章_零基础.md	47
ZY1000-JC-GS00-T05	L1_FIRST	初等代数运算	将上下两行视为多项式分式，因式分解并约去公共因子	verified	corrected_v3	配套习题/张宇1000题/01_基础篇/第00章_零基础.md	58
ZY1000-JC-GS00-T06	L1_FIRST	函数关系式求解析式	换元并联立函数关系	verified	inherited_v2	配套习题/张宇1000题/01_基础篇/第00章_零基础.md	69
ZY1000-JC-GS00-T07	L1_FIRST	端点相等的利普希茨函数振幅估计	利用端点相等和利普希茨界取两条路径的最小上界	verified	corrected_v3	配套习题/张宇1000题/01_基础篇/第00章_零基础.md	96
ZY1000-JC-GS00-T08	L1_FIRST	一元函数最值	导数符号与边界比较	verified	inherited_v2	配套习题/张宇1000题/01_基础篇/第00章_零基础.md	116
ZY1000-JC-GS00-T09	L1_FIRST	条件极值	拉格朗日乘数法	verified	inherited_v2	配套习题/张宇1000题/01_基础篇/第00章_零基础.md	128
ZY1000-JC-GS00-T10	L1_FIRST	函数及参数曲线图像	综合定义域对称性与导数作图	verified	inherited_v2	配套习题/张宇1000题/01_基础篇/第00章_零基础.md	138
ZY1000-JC-GS00-T11	L1_FIRST	函数关系式求解析式	换元并联立函数关系	verified	inherited_v2	配套习题/张宇1000题/01_基础篇/第00章_零基础.md	155
ZY1000-JC-GS00-T12	L1_FIRST	三角恒等式与角度变换	和差角及诱导公式	verified	inherited_v2	配套习题/张宇1000题/01_基础篇/第00章_零基础.md	170
ZY1000-JC-GS00-T13	L1_FIRST	区间估计与二次多项式差	多项式差因式分解结合区间界	verified	corrected_v3	配套习题/张宇1000题/01_基础篇/第00章_零基础.md	188
ZY1000-JC-GS00-T14	L1_FIRST	数列通项与有限和	相邻部分和作差及错位相减	verified	corrected_v3	配套习题/张宇1000题/01_基础篇/第00章_零基础.md	203
ZY1000-JC-GS00-T15	L1_FIRST	函数及参数曲线图像	综合定义域对称性与导数作图	verified	inherited_v2	配套习题/张宇1000题/01_基础篇/第00章_零基础.md	219
ZY1000-JC-GS00-T16	L1_FIRST	平面曲线方程与坐标变换	消去参数并执行坐标伸缩	needs_review	corrected_v3	配套习题/张宇1000题/01_基础篇/第00章_零基础.md	232
ZY1000-JC-GS01-T01	L1_FIRST	函数奇偶性的判定	比较相反自变量处的函数值	verified	inherited_v2	配套习题/张宇1000题/01_基础篇/第01章_函数极限与连续.md	7
ZY1000-JC-GS01-T02	L1_FIRST	函数周期性及平移关系	迭代平移关系	verified	inherited_v2	配套习题/张宇1000题/01_基础篇/第01章_函数极限与连续.md	22
ZY1000-JC-GS01-T03	L1_FIRST	反函数及定义域	限制单调区间后反解自变量	verified	inherited_v2	配套习题/张宇1000题/01_基础篇/第01章_函数极限与连续.md	37
ZY1000-JC-GS01-T04	L1_FIRST	函数周期性及平移关系	迭代平移关系	verified	inherited_v2	配套习题/张宇1000题/01_基础篇/第01章_函数极限与连续.md	52
ZY1000-JC-GS01-T05	L1_FIRST	高阶无穷小与局部展开	局部展开并比较首个非零项	verified	inherited_v2	配套习题/张宇1000题/01_基础篇/第01章_函数极限与连续.md	64
ZY1000-JC-GS01-T06	L1_FIRST	左右极限及极限存在性	分别计算左右极限	verified	inherited_v2	配套习题/张宇1000题/01_基础篇/第01章_函数极限与连续.md	79
ZY1000-JC-GS01-T07	L1_FIRST	高阶无穷小与局部展开	局部展开并比较首个非零项	verified	inherited_v2	配套习题/张宇1000题/01_基础篇/第01章_函数极限与连续.md	95
ZY1000-JC-GS01-T08	L1_FIRST	高阶无穷小与局部展开	局部展开并比较首个非零项	verified	inherited_v2	配套习题/张宇1000题/01_基础篇/第01章_函数极限与连续.md	107
ZY1000-JC-GS01-T09	L1_FIRST	高阶无穷小与局部展开	局部展开并比较首个非零项	verified	inherited_v2	配套习题/张宇1000题/01_基础篇/第01章_函数极限与连续.md	131
ZY1000-JC-GS01-T10	L1_FIRST	函数极限的计算与存在性	辨认极限类型并核对运算法则	verified	inherited_v2	配套习题/张宇1000题/01_基础篇/第01章_函数极限与连续.md	150
ZY1000-JC-GS01-T11	L1_FIRST	函数极限的计算与存在性	辨认极限类型并核对运算法则	verified	inherited_v2	配套习题/张宇1000题/01_基础篇/第01章_函数极限与连续.md	164
ZY1000-JC-GS01-T12	L1_FIRST	函数极限的计算与存在性	辨认极限类型并核对运算法则	verified	inherited_v2	配套习题/张宇1000题/01_基础篇/第01章_函数极限与连续.md	177
ZY1000-JC-GS01-T13	L1_FIRST	高阶无穷小与局部展开	局部展开并比较首个非零项	verified	inherited_v2	配套习题/张宇1000题/01_基础篇/第01章_函数极限与连续.md	192
ZY1000-JC-GS01-T14	L1_FIRST	高阶无穷小与局部展开	局部展开并比较首个非零项	verified	inherited_v2	配套习题/张宇1000题/01_基础篇/第01章_函数极限与连续.md	204
ZY1000-JC-GS01-T15	L1_FIRST	幂指函数的极限	取对数化为乘积极限	verified	inherited_v2	配套习题/张宇1000题/01_基础篇/第01章_函数极限与连续.md	217
ZY1000-JC-GS01-T16	L1_FIRST	幂指函数的极限	取对数化为乘积极限	verified	inherited_v2	配套习题/张宇1000题/01_基础篇/第01章_函数极限与连续.md	234
ZY1000-JC-GS01-T17	L1_FIRST	高阶无穷小与局部展开	局部展开并比较首个非零项	verified	inherited_v2	配套习题/张宇1000题/01_基础篇/第01章_函数极限与连续.md	249
ZY1000-JC-GS01-T18	L1_FIRST	函数关系式求解析式	将待求极限视为常数并取极限联立	verified	corrected_v3	配套习题/张宇1000题/01_基础篇/第01章_函数极限与连续.md	262
ZY1000-JC-GS01-T19	L1_FIRST	分段函数连续性与参数条件	匹配单侧极限和函数值	verified	inherited_v2	配套习题/张宇1000题/01_基础篇/第01章_函数极限与连续.md	277
ZY1000-JC-GS01-T20	L1_FIRST	分段函数连续性与参数条件	匹配单侧极限和函数值	verified	inherited_v2	配套习题/张宇1000题/01_基础篇/第01章_函数极限与连续.md	292
ZY1000-JC-GS01-T21	L1_FIRST	间断点的定位与分类	逐个考查可疑点的单侧极限	verified	inherited_v2	配套习题/张宇1000题/01_基础篇/第01章_函数极限与连续.md	307
ZY1000-JC-GS01-T22	L1_FIRST	间断点的定位与分类	逐个考查可疑点的单侧极限	verified	inherited_v2	配套习题/张宇1000题/01_基础篇/第01章_函数极限与连续.md	327
ZY1000-JC-GS01-T23	L1_FIRST	间断点的定位与分类	逐个考查可疑点的单侧极限	verified	inherited_v2	配套习题/张宇1000题/01_基础篇/第01章_函数极限与连续.md	345
ZY1000-JC-GS02-T01	L1_FIRST	幂指函数的极限	取对数化为乘积极限	verified	inherited_v2	配套习题/张宇1000题/01_基础篇/第02章_数列极限.md	7
ZY1000-JC-GS02-T02	L1_FIRST	高阶无穷小与局部展开	局部展开并比较首个非零项	verified	inherited_v2	配套习题/张宇1000题/01_基础篇/第02章_数列极限.md	25
ZY1000-JC-GS02-T03	L1_FIRST	数列极限与收敛性	利用有界性夹逼求和项	verified	corrected_v3	配套习题/张宇1000题/01_基础篇/第02章_数列极限.md	40
ZY1000-JC-GS02-T04	L1_FIRST	数列极限与收敛性	算术几何均值不等式给下界并证明迭代单调	verified	corrected_v3	配套习题/张宇1000题/01_基础篇/第02章_数列极限.md	54
ZY1000-JC-GS02-T05	L1_FIRST	数列极限与收敛性	按参数绝对值与单位界分类	verified	corrected_v3	配套习题/张宇1000题/01_基础篇/第02章_数列极限.md	66
ZY1000-JC-GS02-T06	L1_FIRST	数列极限与收敛性	按参数绝对值与单位界分类	verified	corrected_v3	配套习题/张宇1000题/01_基础篇/第02章_数列极限.md	78
ZY1000-JC-GS02-T07	L1_FIRST	数列极限与收敛性	估计数列或建立递推极限关系	verified	inherited_v2	配套习题/张宇1000题/01_基础篇/第02章_数列极限.md	89
ZY1000-JC-GS02-T08	L1_FIRST	数列极限与收敛性	估计数列或建立递推极限关系	verified	inherited_v2	配套习题/张宇1000题/01_基础篇/第02章_数列极限.md	104
ZY1000-JC-GS02-T09	L1_FIRST	数列极限与收敛性	估计数列或建立递推极限关系	verified	inherited_v2	配套习题/张宇1000题/01_基础篇/第02章_数列极限.md	115
ZY1000-JC-GS02-T10	L1_FIRST	数列极限与收敛性	用指数关系的非负项夹逼数列极限	verified	corrected_v3	配套习题/张宇1000题/01_基础篇/第02章_数列极限.md	127
ZY1000-JC-GS02-T11	L1_FIRST	函数单调性与变换	依据定义比较自变量和函数值次序	verified	inherited_v2	配套习题/张宇1000题/01_基础篇/第02章_数列极限.md	139
ZY1000-JC-GS02-T12	L1_FIRST	数列极限与收敛性	估计数列或建立递推极限关系	verified	inherited_v2	配套习题/张宇1000题/01_基础篇/第02章_数列极限.md	150
ZY1000-JC-GS03-T01	L1_FIRST	导数定义与可导性	将差商化为导数定义	verified	inherited_v2	配套习题/张宇1000题/01_基础篇/第03章_一元函数微分学的概念.md	7
ZY1000-JC-GS03-T02	L1_FIRST	导数定义与可导性	以反证法对非零可导因子作商	verified	corrected_v3	配套习题/张宇1000题/01_基础篇/第03章_一元函数微分学的概念.md	23
ZY1000-JC-GS03-T03	L1_FIRST	导数定义与可导性	将差商化为导数定义	verified	inherited_v2	配套习题/张宇1000题/01_基础篇/第03章_一元函数微分学的概念.md	39
ZY1000-JC-GS03-T04	L1_FIRST	导数定义与可导性	将差商化为导数定义	needs_review	corrected_v3	配套习题/张宇1000题/01_基础篇/第03章_一元函数微分学的概念.md	62
ZY1000-JC-GS03-T05	L1_FIRST	导数定义与可导性	将差商化为导数定义	verified	inherited_v2	配套习题/张宇1000题/01_基础篇/第03章_一元函数微分学的概念.md	79
ZY1000-JC-GS03-T06	L1_FIRST	导数定义与可导性	将差商化为导数定义	verified	inherited_v2	配套习题/张宇1000题/01_基础篇/第03章_一元函数微分学的概念.md	95
ZY1000-JC-GS03-T07	L1_FIRST	导数定义与可导性	将差商化为导数定义	verified	inherited_v2	配套习题/张宇1000题/01_基础篇/第03章_一元函数微分学的概念.md	111
ZY1000-JC-GS03-T08	L1_FIRST	曲线切线与法线	用导数确定切线方向	verified	inherited_v2	配套习题/张宇1000题/01_基础篇/第03章_一元函数微分学的概念.md	124
ZY1000-JC-GS03-T09	L1_FIRST	微分及函数增量的线性主部	使用可微定义分离线性项	verified	inherited_v2	配套习题/张宇1000题/01_基础篇/第03章_一元函数微分学的概念.md	142
ZY1000-JC-GS03-T10	L1_FIRST	导数定义与可导性	将差商化为导数定义	verified	inherited_v2	配套习题/张宇1000题/01_基础篇/第03章_一元函数微分学的概念.md	160
ZY1000-JC-GS03-T11	L1_FIRST	导数定义与可导性	将差商化为导数定义	verified	inherited_v2	配套习题/张宇1000题/01_基础篇/第03章_一元函数微分学的概念.md	178
ZY1000-JC-GS03-T12	L1_FIRST	导数定义与可导性	将差商化为导数定义	verified	inherited_v2	配套习题/张宇1000题/01_基础篇/第03章_一元函数微分学的概念.md	191
ZY1000-JC-GS03-T13	L1_FIRST	导数定义与可导性	将差商化为导数定义	verified	inherited_v2	配套习题/张宇1000题/01_基础篇/第03章_一元函数微分学的概念.md	203
ZY1000-JC-GS03-T14	L1_FIRST	导数定义与可导性	将差商化为导数定义	verified	inherited_v2	配套习题/张宇1000题/01_基础篇/第03章_一元函数微分学的概念.md	219
ZY1000-JC-GS03-T15	L1_FIRST	函数列逐点极限与分段可导条件	先求函数列逐点极限再匹配左右函数值与导数	verified	corrected_v3	配套习题/张宇1000题/01_基础篇/第03章_一元函数微分学的概念.md	230
ZY1000-JC-GS04-T01	L1_FIRST	一元函数求导	求导法则与复合链式法则	verified	inherited_v2	配套习题/张宇1000题/01_基础篇/第04章_一元函数微分学的计算.md	7
ZY1000-JC-GS04-T02	L1_FIRST	一元函数求导	求导法则与复合链式法则	verified	inherited_v2	配套习题/张宇1000题/01_基础篇/第04章_一元函数微分学的计算.md	24
ZY1000-JC-GS04-T03	L1_FIRST	一元函数求导	求导法则与复合链式法则	verified	inherited_v2	配套习题/张宇1000题/01_基础篇/第04章_一元函数微分学的计算.md	35
ZY1000-JC-GS04-T04	L1_FIRST	一元函数求导	求导法则与复合链式法则	verified	inherited_v2	配套习题/张宇1000题/01_基础篇/第04章_一元函数微分学的计算.md	46
ZY1000-JC-GS04-T05	L1_FIRST	反函数的一二阶导数	反函数求导公式与链式法则	verified	inherited_v2	配套习题/张宇1000题/01_基础篇/第04章_一元函数微分学的计算.md	65
ZY1000-JC-GS04-T06	L1_FIRST	一元函数求导	求导法则与复合链式法则	verified	inherited_v2	配套习题/张宇1000题/01_基础篇/第04章_一元函数微分学的计算.md	78
ZY1000-JC-GS04-T07	L1_FIRST	参数方程所确定函数的导数	用参数导数的比值及链式法则	verified	inherited_v2	配套习题/张宇1000题/01_基础篇/第04章_一元函数微分学的计算.md	90
ZY1000-JC-GS04-T08	L1_FIRST	参数方程所确定函数的导数	用参数导数的比值及链式法则	verified	inherited_v2	配套习题/张宇1000题/01_基础篇/第04章_一元函数微分学的计算.md	101
ZY1000-JC-GS04-T09	L1_FIRST	高阶导数	递推求导或莱布尼茨公式	verified	inherited_v2	配套习题/张宇1000题/01_基础篇/第04章_一元函数微分学的计算.md	118
ZY1000-JC-GS04-T10	L1_FIRST	高阶导数	递推求导或莱布尼茨公式	verified	inherited_v2	配套习题/张宇1000题/01_基础篇/第04章_一元函数微分学的计算.md	129
ZY1000-JC-GS04-T11	L1_FIRST	高阶导数	递推求导或莱布尼茨公式	verified	inherited_v2	配套习题/张宇1000题/01_基础篇/第04章_一元函数微分学的计算.md	144
ZY1000-JC-GS04-T12	L1_FIRST	一元函数求导	求导法则与复合链式法则	verified	inherited_v2	配套习题/张宇1000题/01_基础篇/第04章_一元函数微分学的计算.md	155
ZY1000-JC-GS04-T13	L1_FIRST	一元函数求导	求导法则与复合链式法则	verified	inherited_v2	配套习题/张宇1000题/01_基础篇/第04章_一元函数微分学的计算.md	172
ZY1000-JC-GS04-T14	L1_FIRST	一元函数求导	求导法则与复合链式法则	verified	inherited_v2	配套习题/张宇1000题/01_基础篇/第04章_一元函数微分学的计算.md	189
ZY1000-JC-GS04-T15	L1_FIRST	曲线切线与法线	用导数确定切线方向	verified	inherited_v2	配套习题/张宇1000题/01_基础篇/第04章_一元函数微分学的计算.md	200
ZY1000-JC-GS04-T16	L1_FIRST	参数方程所确定函数的导数	用参数导数的比值及链式法则	verified	inherited_v2	配套习题/张宇1000题/01_基础篇/第04章_一元函数微分学的计算.md	213
ZY1000-JC-GS04-T17	L1_FIRST	高阶导数	递推求导或莱布尼茨公式	verified	inherited_v2	配套习题/张宇1000题/01_基础篇/第04章_一元函数微分学的计算.md	228
ZY1000-JC-GS04-T18	L1_FIRST	高阶导数	递推求导或莱布尼茨公式	verified	inherited_v2	配套习题/张宇1000题/01_基础篇/第04章_一元函数微分学的计算.md	239
ZY1000-JC-GS05-T01	L1_FIRST	一元函数最值	导数符号与边界比较	verified	inherited_v2	配套习题/张宇1000题/01_基础篇/第05章_一元函数微分学的几何应用.md	7
ZY1000-JC-GS05-T02	L1_FIRST	一元函数最值	导数符号与边界比较	verified	inherited_v2	配套习题/张宇1000题/01_基础篇/第05章_一元函数微分学的几何应用.md	19
ZY1000-JC-GS05-T03	L1_FIRST	一元函数最值	导数符号与边界比较	verified	inherited_v2	配套习题/张宇1000题/01_基础篇/第05章_一元函数微分学的几何应用.md	30
ZY1000-JC-GS05-T04	L1_FIRST	一元函数最值	导数符号与边界比较	verified	inherited_v2	配套习题/张宇1000题/01_基础篇/第05章_一元函数微分学的几何应用.md	50
ZY1000-JC-GS05-T05	L1_FIRST	凹凸性与拐点	考查二阶导数及其变号	verified	inherited_v2	配套习题/张宇1000题/01_基础篇/第05章_一元函数微分学的几何应用.md	64
ZY1000-JC-GS05-T06	L1_FIRST	凹凸性与拐点	考查二阶导数及其变号	verified	inherited_v2	配套习题/张宇1000题/01_基础篇/第05章_一元函数微分学的几何应用.md	81
ZY1000-JC-GS05-T07	L1_FIRST	曲线渐近线	以差值极限识别渐近行为	verified	inherited_v2	配套习题/张宇1000题/01_基础篇/第05章_一元函数微分学的几何应用.md	92
ZY1000-JC-GS05-T08	L1_FIRST	曲线渐近线	以差值极限识别渐近行为	verified	inherited_v2	配套习题/张宇1000题/01_基础篇/第05章_一元函数微分学的几何应用.md	109
ZY1000-JC-GS05-T09	L1_FIRST	平面曲线曲率	按表示方式计算曲率	verified	inherited_v2	配套习题/张宇1000题/01_基础篇/第05章_一元函数微分学的几何应用.md	129
ZY1000-JC-GS05-T10	L1_FIRST	平面曲线曲率	按表示方式计算曲率	verified	inherited_v2	配套习题/张宇1000题/01_基础篇/第05章_一元函数微分学的几何应用.md	140
ZY1000-JC-GS05-T11	L1_FIRST	函数单调性与变换	对商求导并用二阶导数控制分子	verified	corrected_v3	配套习题/张宇1000题/01_基础篇/第05章_一元函数微分学的几何应用.md	158
ZY1000-JC-GS05-T12	L1_FIRST	一元函数最值	导数符号与边界比较	verified	inherited_v2	配套习题/张宇1000题/01_基础篇/第05章_一元函数微分学的几何应用.md	178
ZY1000-JC-GS05-T13	L1_FIRST	正实数延拓确定数列最大项	对数延拓与整数候选比较	verified	corrected_v3	配套习题/张宇1000题/01_基础篇/第05章_一元函数微分学的几何应用.md	198
ZY1000-JC-GS05-T14	L1_FIRST	一元函数最值	导数符号与边界比较	verified	inherited_v2	配套习题/张宇1000题/01_基础篇/第05章_一元函数微分学的几何应用.md	213
ZY1000-JC-GS05-T15	L1_FIRST	曲线渐近线	以差值极限识别渐近行为	verified	inherited_v2	配套习题/张宇1000题/01_基础篇/第05章_一元函数微分学的几何应用.md	227
ZY1000-JC-GS05-T16	L1_FIRST	微分学证明不等式	凸函数切线与弦线估计	verified	corrected_v3	配套习题/张宇1000题/01_基础篇/第05章_一元函数微分学的几何应用.md	241
ZY1000-JC-GS05-T17	L1_FIRST	由微分方程判定解的局部极值	把驻点条件代入微分方程	verified	inherited_v2	配套习题/张宇1000题/01_基础篇/第05章_一元函数微分学的几何应用.md	254
ZY1000-JC-GS05-T18	L1_FIRST	一元函数最值	导数符号与边界比较	verified	inherited_v2	配套习题/张宇1000题/01_基础篇/第05章_一元函数微分学的几何应用.md	267
ZY1000-JC-GS05-T19	L1_FIRST	一元函数最值	导数符号与边界比较	verified	inherited_v2	配套习题/张宇1000题/01_基础篇/第05章_一元函数微分学的几何应用.md	279
ZY1000-JC-GS05-T20	L1_FIRST	曲线渐近线	以差值极限识别渐近行为	verified	inherited_v2	配套习题/张宇1000题/01_基础篇/第05章_一元函数微分学的几何应用.md	303
ZY1000-JC-GS05-T21	L1_FIRST	曲线渐近线	以差值极限识别渐近行为	verified	inherited_v2	配套习题/张宇1000题/01_基础篇/第05章_一元函数微分学的几何应用.md	319
ZY1000-JC-GS05-T22	L1_FIRST	曲线渐近线	以差值极限识别渐近行为	verified	inherited_v2	配套习题/张宇1000题/01_基础篇/第05章_一元函数微分学的几何应用.md	333
ZY1000-JC-GS05-T23	L1_FIRST	曲线渐近线	以差值极限识别渐近行为	verified	inherited_v2	配套习题/张宇1000题/01_基础篇/第05章_一元函数微分学的几何应用.md	345
ZY1000-JC-GS05-T24	L1_FIRST	平面曲线曲率	按表示方式计算曲率	verified	inherited_v2	配套习题/张宇1000题/01_基础篇/第05章_一元函数微分学的几何应用.md	360
ZY1000-JC-GS06-T01	L1_FIRST	连续函数零点的存在性与唯一性	介值定理与单调性	verified	inherited_v2	配套习题/张宇1000题/01_基础篇/第06章_一元函数微分学的中值定理与微分等式不等式.md	7
ZY1000-JC-GS06-T02	L1_FIRST	一元函数最值	导数符号与边界比较	verified	inherited_v2	配套习题/张宇1000题/01_基础篇/第06章_一元函数微分学的中值定理与微分等式不等式.md	22
ZY1000-JC-GS06-T03	L1_FIRST	连续函数零点的存在性与唯一性	介值定理与单调性	verified	inherited_v2	配套习题/张宇1000题/01_基础篇/第06章_一元函数微分学的中值定理与微分等式不等式.md	38
ZY1000-JC-GS06-T04	L1_FIRST	连续函数零点的存在性与唯一性	介值定理与单调性	verified	inherited_v2	配套习题/张宇1000题/01_基础篇/第06章_一元函数微分学的中值定理与微分等式不等式.md	59
ZY1000-JC-GS06-T05	L1_FIRST	高阶无穷小与局部展开	局部展开并比较首个非零项	verified	inherited_v2	配套习题/张宇1000题/01_基础篇/第06章_一元函数微分学的中值定理与微分等式不等式.md	77
ZY1000-JC-GS06-T06	L1_FIRST	微分学证明不等式	构造差函数或比值函数分析单调性	verified	inherited_v2	配套习题/张宇1000题/01_基础篇/第06章_一元函数微分学的中值定理与微分等式不等式.md	91
ZY1000-JC-GS06-T07	L1_FIRST	微分学证明不等式	构造差函数或比值函数分析单调性	verified	inherited_v2	配套习题/张宇1000题/01_基础篇/第06章_一元函数微分学的中值定理与微分等式不等式.md	105
ZY1000-JC-GS06-T08	L1_FIRST	微分学证明不等式	构造差函数或比值函数分析单调性	verified	inherited_v2	配套习题/张宇1000题/01_基础篇/第06章_一元函数微分学的中值定理与微分等式不等式.md	121
ZY1000-JC-GS06-T09	L1_FIRST	微分中值定理的应用	构造辅助函数并核对定理条件	verified	inherited_v2	配套习题/张宇1000题/01_基础篇/第06章_一元函数微分学的中值定理与微分等式不等式.md	132
ZY1000-JC-GS06-T10	L1_FIRST	导数定义与可导性	将差商化为导数定义	verified	inherited_v2	配套习题/张宇1000题/01_基础篇/第06章_一元函数微分学的中值定理与微分等式不等式.md	155
ZY1000-JC-GS06-T11	L1_FIRST	导数定义与可导性	将差商化为导数定义	verified	inherited_v2	配套习题/张宇1000题/01_基础篇/第06章_一元函数微分学的中值定理与微分等式不等式.md	171
ZY1000-JC-GS06-T12	L1_FIRST	高阶无穷小与局部展开	一阶泰勒公式及余项估计	verified	corrected_v3	配套习题/张宇1000题/01_基础篇/第06章_一元函数微分学的中值定理与微分等式不等式.md	187
ZY1000-JC-GS06-T13	L1_FIRST	连续函数零点的存在性与唯一性	介值定理与单调性	verified	inherited_v2	配套习题/张宇1000题/01_基础篇/第06章_一元函数微分学的中值定理与微分等式不等式.md	200
ZY1000-JC-GS06-T14	L1_FIRST	函数单调性与变换	对函数与自变量的比值求导	verified	corrected_v3	配套习题/张宇1000题/01_基础篇/第06章_一元函数微分学的中值定理与微分等式不等式.md	211
ZY1000-JC-GS06-T15	L1_FIRST	连续函数零点的存在性与唯一性	介值定理与单调性	verified	inherited_v2	配套习题/张宇1000题/01_基础篇/第06章_一元函数微分学的中值定理与微分等式不等式.md	225
ZY1000-JC-GS06-T16	L1_FIRST	间断点的定位与分类	将间断点计数化为分母零点个数	verified	corrected_v3	配套习题/张宇1000题/01_基础篇/第06章_一元函数微分学的中值定理与微分等式不等式.md	239
ZY1000-JC-GS06-T17	L1_FIRST	函数单调性与变换	对正函数之比求导并比较两端点	verified	corrected_v3	配套习题/张宇1000题/01_基础篇/第06章_一元函数微分学的中值定理与微分等式不等式.md	259
ZY1000-JC-GS06-T18	L1_FIRST	微分学证明不等式	构造差函数或比值函数分析单调性	verified	inherited_v2	配套习题/张宇1000题/01_基础篇/第06章_一元函数微分学的中值定理与微分等式不等式.md	272
ZY1000-JC-GS06-T19	L1_FIRST	连续函数零点的存在性与唯一性	介值定理与单调性	verified	inherited_v2	配套习题/张宇1000题/01_基础篇/第06章_一元函数微分学的中值定理与微分等式不等式.md	286
ZY1000-JC-GS06-T20	L1_FIRST	微分中值定理的应用	柯西中值定理与平方函数配对	verified	corrected_v3	配套习题/张宇1000题/01_基础篇/第06章_一元函数微分学的中值定理与微分等式不等式.md	296
ZY1000-JC-GS06-T21	L1_FIRST	连续函数零点的存在性与唯一性	构造多项式积分原函数并用罗尔定理	verified	corrected_v3	配套习题/张宇1000题/01_基础篇/第06章_一元函数微分学的中值定理与微分等式不等式.md	308
ZY1000-JC-GS06-T22	L1_FIRST	微分中值定理的应用	分段中值定理结合导数介值性	verified	corrected_v3	配套习题/张宇1000题/01_基础篇/第06章_一元函数微分学的中值定理与微分等式不等式.md	326
ZY1000-JC-GS07-T01	L1_FIRST	相关变化率	对几何关系关于时间求导	verified	inherited_v2	配套习题/张宇1000题/01_基础篇/第07章_一元函数微分学的物理应用.md	7
ZY1000-JC-GS07-T02	L1_FIRST	凹凸性与拐点	根据图像凹凸判断一阶导数的变化	verified	corrected_v3	配套习题/张宇1000题/01_基础篇/第07章_一元函数微分学的物理应用.md	21
ZY1000-JC-GS07-T03	L1_FIRST	相关变化率	对几何关系关于时间求导	verified	inherited_v2	配套习题/张宇1000题/01_基础篇/第07章_一元函数微分学的物理应用.md	35
ZY1000-JC-GS07-T04	L1_FIRST	相关变化率	对几何关系关于时间求导	verified	inherited_v2	配套习题/张宇1000题/01_基础篇/第07章_一元函数微分学的物理应用.md	48
ZY1000-JC-GS07-T05	L1_FIRST	相关变化率	对几何关系关于时间求导	verified	inherited_v2	配套习题/张宇1000题/01_基础篇/第07章_一元函数微分学的物理应用.md	63
ZY1000-JC-GS08-T01	L1_FIRST	积分定义求和式极限	化为黎曼和或估计误差	verified	inherited_v2	配套习题/张宇1000题/01_基础篇/第08章_一元函数积分学的概念与性质.md	7
ZY1000-JC-GS08-T02	L1_FIRST	积分定义求和式极限	化为黎曼和或估计误差	verified	inherited_v2	配套习题/张宇1000题/01_基础篇/第08章_一元函数积分学的概念与性质.md	49
ZY1000-JC-GS08-T03	L1_FIRST	定积分表示平面区域面积	用带符号面积累计相对位移并统计过零	verified	corrected_v3	配套习题/张宇1000题/01_基础篇/第08章_一元函数积分学的概念与性质.md	64
ZY1000-JC-GS08-T04	L1_FIRST	积分不等式与积分中值定理	积分性质或辅助函数估计	verified	inherited_v2	配套习题/张宇1000题/01_基础篇/第08章_一元函数积分学的概念与性质.md	84
ZY1000-JC-GS08-T05	L1_FIRST	积分不等式与积分中值定理	积分性质或辅助函数估计	verified	inherited_v2	配套习题/张宇1000题/01_基础篇/第08章_一元函数积分学的概念与性质.md	108
ZY1000-JC-GS08-T06	L1_FIRST	积分不等式与积分中值定理	积分性质或辅助函数估计	verified	inherited_v2	配套习题/张宇1000题/01_基础篇/第08章_一元函数积分学的概念与性质.md	136
ZY1000-JC-GS08-T07	L1_FIRST	积分不等式与积分中值定理	积分性质或辅助函数估计	verified	inherited_v2	配套习题/张宇1000题/01_基础篇/第08章_一元函数积分学的概念与性质.md	154
ZY1000-JC-GS08-T08	L1_FIRST	定积分计算	原函数求导识别被积函数	verified	corrected_v3	配套习题/张宇1000题/01_基础篇/第08章_一元函数积分学的概念与性质.md	203
ZY1000-JC-GS08-T09	L1_FIRST	积分定义求和式极限	化为黎曼和或估计误差	verified	inherited_v2	配套习题/张宇1000题/01_基础篇/第08章_一元函数积分学的概念与性质.md	223
ZY1000-JC-GS08-T10	L1_FIRST	周期奇偶约束下的积分函数性质	平移增量归约后判定被积函数奇偶性	verified	corrected_v3	配套习题/张宇1000题/01_基础篇/第08章_一元函数积分学的概念与性质.md	237
ZY1000-JC-GS08-T11	L1_FIRST	变限积分求导	结合奇偶性及符号判定积分函数性质	verified	corrected_v3	配套习题/张宇1000题/01_基础篇/第08章_一元函数积分学的概念与性质.md	268
ZY1000-JC-GS08-T12	L1_FIRST	定积分表示平面区域面积	反函数积分的面积互补与凹凸界	verified	corrected_v3	配套习题/张宇1000题/01_基础篇/第08章_一元函数积分学的概念与性质.md	286
ZY1000-JC-GS08-T13	L1_FIRST	反常积分敛散性与计算	化为端点极限并检查收敛	verified	inherited_v2	配套习题/张宇1000题/01_基础篇/第08章_一元函数积分学的概念与性质.md	315
ZY1000-JC-GS08-T14	L1_FIRST	反常积分敛散性与计算	化为端点极限并检查收敛	verified	inherited_v2	配套习题/张宇1000题/01_基础篇/第08章_一元函数积分学的概念与性质.md	333
ZY1000-JC-GS08-T15	L1_FIRST	反常积分敛散性与计算	化为端点极限并检查收敛	verified	inherited_v2	配套习题/张宇1000题/01_基础篇/第08章_一元函数积分学的概念与性质.md	352
ZY1000-JC-GS08-T16	L1_FIRST	积分定义求和式极限	化为黎曼和或估计误差	verified	inherited_v2	配套习题/张宇1000题/01_基础篇/第08章_一元函数积分学的概念与性质.md	368
ZY1000-JC-GS08-T17	L1_FIRST	积分定义求和式极限	化为黎曼和或估计误差	verified	inherited_v2	配套习题/张宇1000题/01_基础篇/第08章_一元函数积分学的概念与性质.md	381
ZY1000-JC-GS08-T18	L1_FIRST	积分不等式与积分中值定理	积分性质或辅助函数估计	verified	inherited_v2	配套习题/张宇1000题/01_基础篇/第08章_一元函数积分学的概念与性质.md	395
ZY1000-JC-GS08-T19	L1_FIRST	函数奇偶性的判定	积分函数的奇偶性与被积函数的反射关系	verified	corrected_v3	配套习题/张宇1000题/01_基础篇/第08章_一元函数积分学的概念与性质.md	414
ZY1000-JC-GS08-T20	L1_FIRST	定积分计算	用奇偶性消去部分项再比较符号	verified	corrected_v3	配套习题/张宇1000题/01_基础篇/第08章_一元函数积分学的概念与性质.md	441
ZY1000-JC-GS08-T21	L1_FIRST	反常积分敛散性与计算	化为端点极限并检查收敛	verified	inherited_v2	配套习题/张宇1000题/01_基础篇/第08章_一元函数积分学的概念与性质.md	467
ZY1000-JC-GS08-T22	L1_FIRST	变限积分求导	微积分基本定理与链式法则	verified	inherited_v2	配套习题/张宇1000题/01_基础篇/第08章_一元函数积分学的概念与性质.md	485
ZY1000-JC-GS08-T23	L1_FIRST	原函数存在性与定积分可积性	区分导数介值性与有界可积条件	verified	inherited_v2	配套习题/张宇1000题/01_基础篇/第08章_一元函数积分学的概念与性质.md	500
ZY1000-JC-GS08-T24	L1_FIRST	反常积分敛散性与计算	化为端点极限并检查收敛	verified	inherited_v2	配套习题/张宇1000题/01_基础篇/第08章_一元函数积分学的概念与性质.md	531
ZY1000-JC-GS08-T25	L1_FIRST	积分不等式与积分中值定理	积分性质或辅助函数估计	verified	inherited_v2	配套习题/张宇1000题/01_基础篇/第08章_一元函数积分学的概念与性质.md	551
ZY1000-JC-GS09-T01	L1_FIRST	多种被积函数的不定积分	按各被积函数分别作有理分解、换元或分部积分	needs_review	corrected_v3	配套习题/张宇1000题/01_基础篇/第09章_一元函数积分学的计算.md	7
ZY1000-JC-GS09-T02	L1_FIRST	不定积分与原函数	辨认原函数或作积分变换	verified	inherited_v2	配套习题/张宇1000题/01_基础篇/第09章_一元函数积分学的计算.md	68
ZY1000-JC-GS09-T03	L1_FIRST	不定积分与原函数	辨认原函数或作积分变换	verified	inherited_v2	配套习题/张宇1000题/01_基础篇/第09章_一元函数积分学的计算.md	89
ZY1000-JC-GS09-T04	L1_FIRST	不定积分与原函数	辨认原函数或作积分变换	verified	inherited_v2	配套习题/张宇1000题/01_基础篇/第09章_一元函数积分学的计算.md	101
ZY1000-JC-GS09-T05	L1_FIRST	不定积分与原函数	辨认原函数或作积分变换	verified	inherited_v2	配套习题/张宇1000题/01_基础篇/第09章_一元函数积分学的计算.md	115
ZY1000-JC-GS09-T06	L1_FIRST	定积分计算	积分变换与牛顿莱布尼茨公式	verified	inherited_v2	配套习题/张宇1000题/01_基础篇/第09章_一元函数积分学的计算.md	125
ZY1000-JC-GS09-T07	L1_FIRST	定积分计算	积分变换与牛顿莱布尼茨公式	verified	inherited_v2	配套习题/张宇1000题/01_基础篇/第09章_一元函数积分学的计算.md	143
ZY1000-JC-GS09-T08	L1_FIRST	定积分计算	积分变换与牛顿莱布尼茨公式	verified	inherited_v2	配套习题/张宇1000题/01_基础篇/第09章_一元函数积分学的计算.md	156
ZY1000-JC-GS09-T09	L1_FIRST	定积分计算	积分变换与牛顿莱布尼茨公式	verified	inherited_v2	配套习题/张宇1000题/01_基础篇/第09章_一元函数积分学的计算.md	169
ZY1000-JC-GS09-T10	L1_FIRST	定积分计算	积分变换与牛顿莱布尼茨公式	verified	inherited_v2	配套习题/张宇1000题/01_基础篇/第09章_一元函数积分学的计算.md	181
ZY1000-JC-GS09-T11	L1_FIRST	定积分计算	积分变换与牛顿莱布尼茨公式	verified	inherited_v2	配套习题/张宇1000题/01_基础篇/第09章_一元函数积分学的计算.md	200
ZY1000-JC-GS09-T12	L1_FIRST	定积分计算	积分变换与牛顿莱布尼茨公式	verified	inherited_v2	配套习题/张宇1000题/01_基础篇/第09章_一元函数积分学的计算.md	213
ZY1000-JC-GS09-T13	L1_FIRST	连续函数参数积分的无穷小阶估计	用连续函数有界性估计含参数积分的阶	verified	corrected_v3	配套习题/张宇1000题/01_基础篇/第09章_一元函数积分学的计算.md	235
ZY1000-JC-GS09-T14	L1_FIRST	导数定义与可导性	从变限积分的局部展开检验导数及导函数连续性	verified	corrected_v3	配套习题/张宇1000题/01_基础篇/第09章_一元函数积分学的计算.md	255
ZY1000-JC-GS09-T15	L1_FIRST	函数周期性及平移关系	对积分关系求导得到周期平移	verified	corrected_v3	配套习题/张宇1000题/01_基础篇/第09章_一元函数积分学的计算.md	275
ZY1000-JC-GS09-T16	L1_FIRST	函数奇偶性的判定	积分变量反射	verified	corrected_v3	配套习题/张宇1000题/01_基础篇/第09章_一元函数积分学的计算.md	298
ZY1000-JC-GS09-T17	L1_FIRST	变限积分求导	微积分基本定理与链式法则	verified	inherited_v2	配套习题/张宇1000题/01_基础篇/第09章_一元函数积分学的计算.md	315
ZY1000-JC-GS09-T18	L1_FIRST	变限积分求导	微积分基本定理与链式法则	verified	inherited_v2	配套习题/张宇1000题/01_基础篇/第09章_一元函数积分学的计算.md	334
ZY1000-JC-GS09-T19	L1_FIRST	定积分计算	积分变换与牛顿莱布尼茨公式	verified	inherited_v2	配套习题/张宇1000题/01_基础篇/第09章_一元函数积分学的计算.md	353
ZY1000-JC-GS09-T20	L1_FIRST	定积分计算	积分变换与牛顿莱布尼茨公式	verified	inherited_v2	配套习题/张宇1000题/01_基础篇/第09章_一元函数积分学的计算.md	368
ZY1000-JC-GS09-T21	L1_FIRST	数列极限与收敛性	分部积分得到积分递推比值后求幂指极限	verified	corrected_v3	配套习题/张宇1000题/01_基础篇/第09章_一元函数积分学的计算.md	388
ZY1000-JC-GS09-T22	L1_FIRST	定积分计算	积分变换与牛顿莱布尼茨公式	verified	inherited_v2	配套习题/张宇1000题/01_基础篇/第09章_一元函数积分学的计算.md	407
ZY1000-JC-GS09-T23	L1_FIRST	定积分计算	积分变换与牛顿莱布尼茨公式	verified	inherited_v2	配套习题/张宇1000题/01_基础篇/第09章_一元函数积分学的计算.md	419
ZY1000-JC-GS09-T24	L1_FIRST	定积分计算	按逐点极限得到分段函数后积分	verified	corrected_v3	配套习题/张宇1000题/01_基础篇/第09章_一元函数积分学的计算.md	431
ZY1000-JC-GS09-T25	L1_FIRST	定积分计算	利用对称区间的变量反射，将互为倒数指数项配对	verified	corrected_v3	配套习题/张宇1000题/01_基础篇/第09章_一元函数积分学的计算.md	451
ZY1000-JC-GS09-T26	L1_FIRST	定积分计算	积分变换与牛顿莱布尼茨公式	verified	inherited_v2	配套习题/张宇1000题/01_基础篇/第09章_一元函数积分学的计算.md	467
ZY1000-JC-GS09-T27	L1_FIRST	定积分计算	积分变换与牛顿莱布尼茨公式	verified	inherited_v2	配套习题/张宇1000题/01_基础篇/第09章_一元函数积分学的计算.md	482
ZY1000-JC-GS09-T28	L1_FIRST	含未知定积分的常数自洽方程	令定积分为未知常数后积分求解	verified	corrected_v3	配套习题/张宇1000题/01_基础篇/第09章_一元函数积分学的计算.md	496
ZY1000-JC-GS09-T29	L1_FIRST	定积分计算	积分变换与牛顿莱布尼茨公式	verified	inherited_v2	配套习题/张宇1000题/01_基础篇/第09章_一元函数积分学的计算.md	512
ZY1000-JC-GS09-T30	L1_FIRST	定积分计算	积分变换与牛顿莱布尼茨公式	verified	inherited_v2	配套习题/张宇1000题/01_基础篇/第09章_一元函数积分学的计算.md	526
ZY1000-JC-GS09-T31	L1_FIRST	含未知反常积分的常数自洽方程	将收敛反常积分设为常数并建立自洽关系	verified	corrected_v3	配套习题/张宇1000题/01_基础篇/第09章_一元函数积分学的计算.md	546
ZY1000-JC-GS09-T32	L1_FIRST	不定积分与原函数	核对分段原函数导数并匹配连接常数	verified	corrected_v3	配套习题/张宇1000题/01_基础篇/第09章_一元函数积分学的计算.md	568
ZY1000-JC-GS09-T33	L1_FIRST	定积分计算	积分变换与牛顿莱布尼茨公式	verified	inherited_v2	配套习题/张宇1000题/01_基础篇/第09章_一元函数积分学的计算.md	612
ZY1000-JC-GS09-T34	L1_FIRST	定积分计算	积分变换与牛顿莱布尼茨公式	verified	inherited_v2	配套习题/张宇1000题/01_基础篇/第09章_一元函数积分学的计算.md	626
ZY1000-JC-GS09-T35	L1_FIRST	定积分计算	分部积分结合微分关系与初值	verified	corrected_v3	配套习题/张宇1000题/01_基础篇/第09章_一元函数积分学的计算.md	640
ZY1000-JC-GS09-T36	L1_FIRST	反常积分敛散性与计算	化为端点极限并检查收敛	verified	inherited_v2	配套习题/张宇1000题/01_基础篇/第09章_一元函数积分学的计算.md	655
ZY1000-JC-GS09-T37	L1_FIRST	不定积分与原函数	自变量代换后恢复导数并积分	verified	corrected_v3	配套习题/张宇1000题/01_基础篇/第09章_一元函数积分学的计算.md	668
ZY1000-JC-GS10-T01	L1_FIRST	定积分表示平面区域面积	分区建立面积微元	verified	inherited_v2	配套习题/张宇1000题/01_基础篇/第10章_一元函数积分学的几何应用.md	7
ZY1000-JC-GS10-T02	L1_FIRST	定积分表示平面区域面积	分区建立面积微元	verified	inherited_v2	配套习题/张宇1000题/01_基础篇/第10章_一元函数积分学的几何应用.md	21
ZY1000-JC-GS10-T03	L1_FIRST	定积分表示平面区域面积	分区建立面积微元	verified	inherited_v2	配套习题/张宇1000题/01_基础篇/第10章_一元函数积分学的几何应用.md	35
ZY1000-JC-GS10-T04	L1_FIRST	定积分表示平面区域面积	分区建立面积微元	verified	inherited_v2	配套习题/张宇1000题/01_基础篇/第10章_一元函数积分学的几何应用.md	58
ZY1000-JC-GS10-T05	L1_FIRST	定积分表示平面区域面积	分区建立面积微元	verified	inherited_v2	配套习题/张宇1000题/01_基础篇/第10章_一元函数积分学的几何应用.md	97
ZY1000-JC-GS10-T06	L1_FIRST	旋转体体积	截面或壳层积分	verified	inherited_v2	配套习题/张宇1000题/01_基础篇/第10章_一元函数积分学的几何应用.md	108
ZY1000-JC-GS10-T07	L1_FIRST	定积分计算	积分均值与分部积分	verified	corrected_v3	配套习题/张宇1000题/01_基础篇/第10章_一元函数积分学的几何应用.md	120
ZY1000-JC-GS10-T08	L1_FIRST	相关变化率	变限体积求导并乘切点运动速度	verified	corrected_v3	配套习题/张宇1000题/01_基础篇/第10章_一元函数积分学的几何应用.md	136
ZY1000-JC-GS10-T09	L1_FIRST	曲线弧长	弧长微元积分	verified	inherited_v2	配套习题/张宇1000题/01_基础篇/第10章_一元函数积分学的几何应用.md	152
ZY1000-JC-GS10-T10	L1_FIRST	曲线弧长	弧长微元积分	verified	inherited_v2	配套习题/张宇1000题/01_基础篇/第10章_一元函数积分学的几何应用.md	166
ZY1000-JC-GS10-T11	L1_FIRST	曲线弧长	弧长微元积分	verified	inherited_v2	配套习题/张宇1000题/01_基础篇/第10章_一元函数积分学的几何应用.md	176
ZY1000-JC-GS10-T12	L1_FIRST	定积分表示平面区域面积	分区建立面积微元	verified	inherited_v2	配套习题/张宇1000题/01_基础篇/第10章_一元函数积分学的几何应用.md	195
ZY1000-JC-GS10-T13	L1_FIRST	旋转体体积	截面或壳层积分	verified	inherited_v2	配套习题/张宇1000题/01_基础篇/第10章_一元函数积分学的几何应用.md	222
ZY1000-JC-GS10-T14	L1_FIRST	旋转体体积	截面或壳层积分	verified	inherited_v2	配套习题/张宇1000题/01_基础篇/第10章_一元函数积分学的几何应用.md	233
ZY1000-JC-GS10-T15	L1_FIRST	曲线弧长	弧长微元积分	verified	inherited_v2	配套习题/张宇1000题/01_基础篇/第10章_一元函数积分学的几何应用.md	244
ZY1000-JC-GS10-T16	L1_FIRST	旋转体体积	截面或壳层积分	verified	inherited_v2	配套习题/张宇1000题/01_基础篇/第10章_一元函数积分学的几何应用.md	258
ZY1000-JC-GS10-T17	L1_FIRST	旋转曲面的面积	旋转半径乘弧长微元积分	verified	inherited_v2	配套习题/张宇1000题/01_基础篇/第10章_一元函数积分学的几何应用.md	276
ZY1000-JC-GS10-T18	L1_FIRST	定积分计算	积分变换与牛顿莱布尼茨公式	verified	inherited_v2	配套习题/张宇1000题/01_基础篇/第10章_一元函数积分学的几何应用.md	287
ZY1000-JC-GS10-T19	L1_FIRST	平面区域面积与旋转体体积		needs_review	corrected_v3	配套习题/张宇1000题/01_基础篇/第10章_一元函数积分学的几何应用.md	301
ZY1000-JC-GS11-T01	L1_FIRST	连续函数零点的存在性与唯一性	对变限积分求导判断单调性并比较端点	verified	corrected_v3	配套习题/张宇1000题/01_基础篇/第11章_一元函数积分学的积分等式与积分不等式.md	7
ZY1000-JC-GS11-T02	L1_FIRST	积分不等式与积分中值定理	积分性质或辅助函数估计	verified	inherited_v2	配套习题/张宇1000题/01_基础篇/第11章_一元函数积分学的积分等式与积分不等式.md	24
ZY1000-JC-GS11-T03	L1_FIRST	函数周期性及平移关系	对滑动区间积分求导	verified	corrected_v3	配套习题/张宇1000题/01_基础篇/第11章_一元函数积分学的积分等式与积分不等式.md	48
ZY1000-JC-GS11-T04	L1_FIRST	定积分计算	分部积分或交换积分次序	verified	corrected_v3	配套习题/张宇1000题/01_基础篇/第11章_一元函数积分学的积分等式与积分不等式.md	64
ZY1000-JC-GS11-T05	L1_FIRST	微分中值定理的应用	构造两个变限积分的乘积并用罗尔定理	verified	corrected_v3	配套习题/张宇1000题/01_基础篇/第11章_一元函数积分学的积分等式与积分不等式.md	85
ZY1000-JC-GS11-T06	L1_FIRST	反常积分敛散性与计算	倒数换元配合分解积分	verified	corrected_v3	配套习题/张宇1000题/01_基础篇/第11章_一元函数积分学的积分等式与积分不等式.md	104
ZY1000-JC-GS11-T07	L1_FIRST	积分不等式与积分中值定理	积分性质或辅助函数估计	verified	inherited_v2	配套习题/张宇1000题/01_基础篇/第11章_一元函数积分学的积分等式与积分不等式.md	119
ZY1000-JC-GS11-T08	L1_FIRST	积分不等式与积分中值定理	积分性质或辅助函数估计	verified	inherited_v2	配套习题/张宇1000题/01_基础篇/第11章_一元函数积分学的积分等式与积分不等式.md	162
ZY1000-JC-GS11-T09	L1_FIRST	积分不等式与积分中值定理	积分性质或辅助函数估计	verified	inherited_v2	配套习题/张宇1000题/01_基础篇/第11章_一元函数积分学的积分等式与积分不等式.md	188
ZY1000-JC-GS11-T10	L1_FIRST	积分不等式与积分中值定理	积分性质或辅助函数估计	verified	inherited_v2	配套习题/张宇1000题/01_基础篇/第11章_一元函数积分学的积分等式与积分不等式.md	204
ZY1000-JC-GS11-T11	L1_FIRST	积分不等式与积分中值定理	积分性质或辅助函数估计	verified	inherited_v2	配套习题/张宇1000题/01_基础篇/第11章_一元函数积分学的积分等式与积分不等式.md	223
ZY1000-JC-GS12-T01	L1_FIRST	物理量的积分建模	微元法建立累积量	verified	inherited_v2	配套习题/张宇1000题/01_基础篇/第12章_一元函数积分学的物理应用.md	7
ZY1000-JC-GS12-T02	L1_FIRST	物理量的积分建模	微元法建立累积量	verified	inherited_v2	配套习题/张宇1000题/01_基础篇/第12章_一元函数积分学的物理应用.md	19
ZY1000-JC-GS12-T03	L1_FIRST	物理量的积分建模	微元法建立累积量	verified	inherited_v2	配套习题/张宇1000题/01_基础篇/第12章_一元函数积分学的物理应用.md	32
ZY1000-JC-GS12-T04	L1_FIRST	物理量的积分建模	微元法建立累积量	verified	corrected_v3	配套习题/张宇1000题/01_基础篇/第12章_一元函数积分学的物理应用.md	43
ZY1000-JC-GS12-T05	L1_FIRST	物理量的积分建模	微元法建立累积量	verified	corrected_v3	配套习题/张宇1000题/01_基础篇/第12章_一元函数积分学的物理应用.md	56
ZY1000-JC-GS12-T06	L1_FIRST	物理量的积分建模	微元法建立累积量	verified	inherited_v2	配套习题/张宇1000题/01_基础篇/第12章_一元函数积分学的物理应用.md	69
ZY1000-JC-GS12-T07	L1_FIRST	物理量的积分建模	微元法建立累积量	verified	inherited_v2	配套习题/张宇1000题/01_基础篇/第12章_一元函数积分学的物理应用.md	90
ZY1000-JC-GS13-T01	L1_FIRST	偏导数与全微分	逐变量求导并组合微分	verified	inherited_v2	配套习题/张宇1000题/01_基础篇/第13章_多元函数微分学.md	7
ZY1000-JC-GS13-T02	L1_FIRST	偏导数与全微分	逐变量求导并组合微分	verified	inherited_v2	配套习题/张宇1000题/01_基础篇/第13章_多元函数微分学.md	19
ZY1000-JC-GS13-T03	L1_FIRST	偏导数与全微分	逐变量求导并组合微分	verified	inherited_v2	配套习题/张宇1000题/01_基础篇/第13章_多元函数微分学.md	32
ZY1000-JC-GS13-T04	L1_FIRST	多元隐函数求导及存在性	隐函数定理与隐式偏导	verified	inherited_v2	配套习题/张宇1000题/01_基础篇/第13章_多元函数微分学.md	47
ZY1000-JC-GS13-T05	L1_FIRST	偏导数与全微分	逐变量求导并组合微分	verified	inherited_v2	配套习题/张宇1000题/01_基础篇/第13章_多元函数微分学.md	61
ZY1000-JC-GS13-T06	L1_FIRST	偏导数与全微分	逐变量求导并组合微分	verified	inherited_v2	配套习题/张宇1000题/01_基础篇/第13章_多元函数微分学.md	78
ZY1000-JC-GS13-T07	L1_FIRST	偏导数与全微分	逐变量求导并组合微分	verified	inherited_v2	配套习题/张宇1000题/01_基础篇/第13章_多元函数微分学.md	90
ZY1000-JC-GS13-T08	L1_FIRST	偏导数与全微分	逐变量求导并组合微分	verified	inherited_v2	配套习题/张宇1000题/01_基础篇/第13章_多元函数微分学.md	111
ZY1000-JC-GS13-T09	L1_FIRST	偏导数与全微分	逐变量求导并组合微分	verified	inherited_v2	配套习题/张宇1000题/01_基础篇/第13章_多元函数微分学.md	125
ZY1000-JC-GS13-T10	L1_FIRST	全微分方程	检验恰当性并构造势函数	verified	inherited_v2	配套习题/张宇1000题/01_基础篇/第13章_多元函数微分学.md	140
ZY1000-JC-GS13-T11	L1_FIRST	多元隐函数求导及存在性	隐函数定理与隐式偏导	verified	inherited_v2	配套习题/张宇1000题/01_基础篇/第13章_多元函数微分学.md	161
ZY1000-JC-GS13-T12	L1_FIRST	偏导数与全微分	逐变量求导并组合微分	verified	inherited_v2	配套习题/张宇1000题/01_基础篇/第13章_多元函数微分学.md	183
ZY1000-JC-GS13-T13	L1_FIRST	偏导数与全微分	逐变量求导并组合微分	verified	inherited_v2	配套习题/张宇1000题/01_基础篇/第13章_多元函数微分学.md	194
ZY1000-JC-GS13-T14	L1_FIRST	偏导数与全微分	齐次偏导组合恢复函数后分别求面积体积	verified	corrected_v3	配套习题/张宇1000题/01_基础篇/第13章_多元函数微分学.md	212
ZY1000-JC-GS13-T15	L1_FIRST	偏导数与全微分	按变量变换展开一二阶偏导并匹配系数	verified	corrected_v3	配套习题/张宇1000题/01_基础篇/第13章_多元函数微分学.md	232
ZY1000-JC-GS13-T16	L1_FIRST	偏导数与全微分	按变量变换展开一二阶偏导并匹配系数	verified	corrected_v3	配套习题/张宇1000题/01_基础篇/第13章_多元函数微分学.md	250
ZY1000-JC-GS13-T17	L1_FIRST	多元隐函数求导及存在性	隐函数定理与隐式偏导	verified	inherited_v2	配套习题/张宇1000题/01_基础篇/第13章_多元函数微分学.md	266
ZY1000-JC-GS13-T18	L1_FIRST	多元函数极值	驻点与二阶判别	verified	inherited_v2	配套习题/张宇1000题/01_基础篇/第13章_多元函数微分学.md	283
ZY1000-JC-GS13-T19	L1_FIRST	多元函数极值	驻点与二阶判别	verified	inherited_v2	配套习题/张宇1000题/01_基础篇/第13章_多元函数微分学.md	305
ZY1000-JC-GS13-T20	L1_FIRST	多元函数极值	驻点与二阶判别	verified	inherited_v2	配套习题/张宇1000题/01_基础篇/第13章_多元函数微分学.md	324
ZY1000-JC-GS13-T21	L1_FIRST	多元函数极值	驻点与二阶判别	verified	inherited_v2	配套习题/张宇1000题/01_基础篇/第13章_多元函数微分学.md	337
ZY1000-JC-GS13-T22	L1_FIRST	多元函数极值	驻点与二阶判别	verified	inherited_v2	配套习题/张宇1000题/01_基础篇/第13章_多元函数微分学.md	348
ZY1000-JC-GS13-T23	L1_FIRST	多元函数极值	由偏导与边界恢复函数后判极值	verified	corrected_v3	配套习题/张宇1000题/01_基础篇/第13章_多元函数微分学.md	363
ZY1000-JC-GS13-T24	L1_FIRST	条件极值	拉格朗日乘数法	verified	inherited_v2	配套习题/张宇1000题/01_基础篇/第13章_多元函数微分学.md	376
ZY1000-JC-GS14-T01	L1_FIRST	二重积分性质与大小比较	利用区域和被积函数符号及对称性	verified	inherited_v2	配套习题/张宇1000题/01_基础篇/第14章_二重积分.md	7
ZY1000-JC-GS14-T02	L1_FIRST	二重积分性质与大小比较	利用区域和被积函数符号及对称性	verified	inherited_v2	配套习题/张宇1000题/01_基础篇/第14章_二重积分.md	30
ZY1000-JC-GS14-T03	L1_FIRST	缩小区域的二重积分均值极限	用连续性把小区域积分均值极限化为点值	verified	corrected_v3	配套习题/张宇1000题/01_基础篇/第14章_二重积分.md	51
ZY1000-JC-GS14-T04	L1_FIRST	二重积分性质与大小比较	利用区域和被积函数符号及对称性	verified	corrected_v3	配套习题/张宇1000题/01_基础篇/第14章_二重积分.md	71
ZY1000-JC-GS14-T05	L1_FIRST	二重积分计算	根据区域形状交换积分次序	verified	corrected_v3	配套习题/张宇1000题/01_基础篇/第14章_二重积分.md	86
ZY1000-JC-GS14-T06	L1_FIRST	二重积分计算	根据区域形状交换积分次序	verified	corrected_v3	配套习题/张宇1000题/01_基础篇/第14章_二重积分.md	98
ZY1000-JC-GS14-T07	L1_FIRST	二重积分计算	根据区域形状交换积分次序	verified	corrected_v3	配套习题/张宇1000题/01_基础篇/第14章_二重积分.md	110
ZY1000-JC-GS14-T08	L1_FIRST	二重积分计算	根据区域形状交换积分次序	verified	corrected_v3	配套习题/张宇1000题/01_基础篇/第14章_二重积分.md	140
ZY1000-JC-GS14-T09	L1_FIRST	二重积分计算	方形角区的对称归约与极坐标	verified	corrected_v3	配套习题/张宇1000题/01_基础篇/第14章_二重积分.md	175
ZY1000-JC-GS14-T10	L1_FIRST	二重积分计算	极坐标玫瑰线单瓣区域积分	verified	corrected_v3	配套习题/张宇1000题/01_基础篇/第14章_二重积分.md	209
ZY1000-JC-GS14-T11	L1_FIRST	二重积分计算	无界抛物线带换序积分	verified	corrected_v3	配套习题/张宇1000题/01_基础篇/第14章_二重积分.md	225
ZY1000-JC-GS14-T12	L1_FIRST	二重积分计算	平移半圆域的极坐标积分	verified	corrected_v3	配套习题/张宇1000题/01_基础篇/第14章_二重积分.md	236
ZY1000-JC-GS14-T13	L1_FIRST	二重积分计算	曲线直线围域的直角坐标累次积分	verified	corrected_v3	配套习题/张宇1000题/01_基础篇/第14章_二重积分.md	248
ZY1000-JC-GS14-T14	L1_FIRST	二重积分计算	圆环对称平均后极坐标积分	verified	corrected_v3	配套习题/张宇1000题/01_基础篇/第14章_二重积分.md	262
ZY1000-JC-GS14-T15	L1_FIRST	二重积分计算	对称消项后的扇形极坐标积分	verified	corrected_v3	配套习题/张宇1000题/01_基础篇/第14章_二重积分.md	275
ZY1000-JC-GS14-T16	L1_FIRST	二重积分计算	偏心圆域的极坐标积分	verified	corrected_v3	配套习题/张宇1000题/01_基础篇/第14章_二重积分.md	288
ZY1000-JC-GS14-T17	L1_FIRST	二重积分计算	先积分纵变量后反射消项	verified	corrected_v3	配套习题/张宇1000题/01_基础篇/第14章_二重积分.md	301
ZY1000-JC-GS14-T18	L1_FIRST	二重积分计算	直线圆弧域的极坐标及端点检查	verified	corrected_v3	配套习题/张宇1000题/01_基础篇/第14章_二重积分.md	315
ZY1000-JC-GS14-T19	L1_FIRST	二重积分计算	支持域交集的直角坐标积分	verified	corrected_v3	配套习题/张宇1000题/01_基础篇/第14章_二重积分.md	327
ZY1000-JC-GS14-T20	L1_FIRST	含轴边界奇性的二重积分可积性	轴边界比较判别与原分母核对	verified	corrected_v3	配套习题/张宇1000题/01_基础篇/第14章_二重积分.md	342
ZY1000-JC-GS14-T21	L1_FIRST	二重积分计算	平移圆盘的二次矩积分	verified	corrected_v3	配套习题/张宇1000题/01_基础篇/第14章_二重积分.md	358
ZY1000-JC-GS14-T22	L1_FIRST	二重积分计算	配方平移后使用圆盘矩	verified	corrected_v3	配套习题/张宇1000题/01_基础篇/第14章_二重积分.md	371
ZY1000-JC-GS14-T23	L1_FIRST	二重积分计算	内切圆盘差的极坐标积分	verified	corrected_v3	配套习题/张宇1000题/01_基础篇/第14章_二重积分.md	384
ZY1000-JC-GS14-T24	L1_FIRST	二重积分计算	象限圆盘的径向换元积分	verified	corrected_v3	配套习题/张宇1000题/01_基础篇/第14章_二重积分.md	401
ZY1000-JC-GS15-T01	L1_FIRST	一阶线性微分方程	积分因子法	verified	inherited_v2	配套习题/张宇1000题/01_基础篇/第15章_微分方程.md	7
ZY1000-JC-GS15-T02	L1_FIRST	微分方程建模	把几何或变化率条件转为微分关系	verified	inherited_v2	配套习题/张宇1000题/01_基础篇/第15章_微分方程.md	18
ZY1000-JC-GS15-T03	L1_FIRST	线性微分方程解的结构	利用解的叠加与差的性质	verified	inherited_v2	配套习题/张宇1000题/01_基础篇/第15章_微分方程.md	29
ZY1000-JC-GS15-T04	L1_FIRST	一阶线性微分方程	交换因自变量后化为关于原自变量的线性方程	verified	corrected_v3	配套习题/张宇1000题/01_基础篇/第15章_微分方程.md	48
ZY1000-JC-GS15-T05	L1_FIRST	微分方程解的局部展开与极限	由初始条件和方程提取低阶导数	verified	inherited_v2	配套习题/张宇1000题/01_基础篇/第15章_微分方程.md	59
ZY1000-JC-GS15-T06	L1_FIRST	一阶线性微分方程	以正弦作为新未知量化为线性方程	verified	corrected_v3	配套习题/张宇1000题/01_基础篇/第15章_微分方程.md	76
ZY1000-JC-GS15-T07	L1_FIRST	一阶线性微分方程	积分因子法	verified	corrected_v3	配套习题/张宇1000题/01_基础篇/第15章_微分方程.md	87
ZY1000-JC-GS15-T08	L1_FIRST	微分方程建模	联立体积变化率和截面积变化率并以高度求导	verified	corrected_v3	配套习题/张宇1000题/01_基础篇/第15章_微分方程.md	104
ZY1000-JC-GS15-T09	L1_FIRST	积分方程转化为微分方程	积分变换后对参数求导	verified	inherited_v2	配套习题/张宇1000题/01_基础篇/第15章_微分方程.md	119
ZY1000-JC-GS15-T10	L1_FIRST	一阶稳定线性方程解的有界性与极限	积分因子表示与积分估计	verified	corrected_v3	配套习题/张宇1000题/01_基础篇/第15章_微分方程.md	138
ZY1000-JC-GS15-T11	L1_FIRST	一阶线性微分方程	积分因子法	verified	inherited_v2	配套习题/张宇1000题/01_基础篇/第15章_微分方程.md	154
ZY1000-JC-GS15-T12	L1_FIRST	微分方程建模	把几何或变化率条件转为微分关系	verified	inherited_v2	配套习题/张宇1000题/01_基础篇/第15章_微分方程.md	170
ZY1000-JC-GS15-T13	L1_FIRST	常系数齐次线性微分方程	特征方程与初始条件	verified	inherited_v2	配套习题/张宇1000题/01_基础篇/第15章_微分方程.md	182
ZY1000-JC-GS15-T14	L1_FIRST	常系数齐次线性微分方程	特征方程与初始条件	verified	inherited_v2	配套习题/张宇1000题/01_基础篇/第15章_微分方程.md	196
ZY1000-JC-GS15-T15	L1_FIRST	常系数齐次线性微分方程	特征方程与初始条件	verified	inherited_v2	配套习题/张宇1000题/01_基础篇/第15章_微分方程.md	209
ZY1000-JC-GS15-T16	L1_FIRST	由解反求常系数微分方程	代入或由特征根重数反推系数	verified	inherited_v2	配套习题/张宇1000题/01_基础篇/第15章_微分方程.md	224
ZY1000-JC-GS15-T17	L1_FIRST	常系数非齐次线性微分方程	齐次通解与待定系数特解	verified	inherited_v2	配套习题/张宇1000题/01_基础篇/第15章_微分方程.md	238
ZY1000-JC-GS15-T18	L1_FIRST	线性微分方程解的结构	利用解的叠加与差的性质	verified	inherited_v2	配套习题/张宇1000题/01_基础篇/第15章_微分方程.md	258
ZY1000-JC-GS15-T19	L1_FIRST	常系数非齐次线性微分方程	齐次通解与待定系数特解	verified	inherited_v2	配套习题/张宇1000题/01_基础篇/第15章_微分方程.md	270
ZY1000-JC-GS15-T20	L1_FIRST	常系数非齐次线性微分方程	齐次通解与待定系数特解	verified	inherited_v2	配套习题/张宇1000题/01_基础篇/第15章_微分方程.md	281
ZY1000-JC-GS15-T21	L1_FIRST	欧拉型微分方程	对数变量代换	verified	inherited_v2	配套习题/张宇1000题/01_基础篇/第15章_微分方程.md	291
ZY1000-JC-GS16-T01	L1_FIRST	数项级数敛散性	按项的性质选择收敛判据	verified	inherited_v2	配套习题/张宇1000题/01_基础篇/第16章_无穷级数.md	7
ZY1000-JC-GS16-T02	L1_FIRST	数项级数敛散性	按项的性质选择收敛判据	verified	inherited_v2	配套习题/张宇1000题/01_基础篇/第16章_无穷级数.md	31
ZY1000-JC-GS16-T03	L1_FIRST	数项级数敛散性	按项的性质选择收敛判据	verified	inherited_v2	配套习题/张宇1000题/01_基础篇/第16章_无穷级数.md	47
ZY1000-JC-GS16-T04	L1_FIRST	数项级数敛散性	按项的性质选择收敛判据	verified	inherited_v2	配套习题/张宇1000题/01_基础篇/第16章_无穷级数.md	68
ZY1000-JC-GS16-T05	L1_FIRST	数项级数敛散性	按项的性质选择收敛判据	verified	inherited_v2	配套习题/张宇1000题/01_基础篇/第16章_无穷级数.md	100
ZY1000-JC-GS16-T06	L1_FIRST	数项级数敛散性	按项的性质选择收敛判据	verified	inherited_v2	配套习题/张宇1000题/01_基础篇/第16章_无穷级数.md	119
ZY1000-JC-GS16-T07	L1_FIRST	数项级数敛散性	解初值方程后核对积分项的阶次与级数排版	needs_review	corrected_v3	配套习题/张宇1000题/01_基础篇/第16章_无穷级数.md	145
ZY1000-JC-GS16-T08	L1_FIRST	数项级数敛散性	先解各项所满足的方程再估计积分项	verified	corrected_v3	配套习题/张宇1000题/01_基础篇/第16章_无穷级数.md	166
ZY1000-JC-GS16-T09	L1_FIRST	幂级数的收敛域	求收敛半径并逐端点检查	verified	inherited_v2	配套习题/张宇1000题/01_基础篇/第16章_无穷级数.md	186
ZY1000-JC-GS16-T10	L1_FIRST	幂级数的收敛域	求收敛半径并逐端点检查	verified	inherited_v2	配套习题/张宇1000题/01_基础篇/第16章_无穷级数.md	204
ZY1000-JC-GS16-T11	L1_FIRST	级数求和与和函数	逐项运算或与已知级数比较	verified	inherited_v2	配套习题/张宇1000题/01_基础篇/第16章_无穷级数.md	218
ZY1000-JC-GS16-T12	L1_FIRST	级数求和与和函数	逐项运算或与已知级数比较	verified	inherited_v2	配套习题/张宇1000题/01_基础篇/第16章_无穷级数.md	236
ZY1000-JC-GS16-T13	L1_FIRST	级数求和与和函数	逐项运算或与已知级数比较	verified	inherited_v2	配套习题/张宇1000题/01_基础篇/第16章_无穷级数.md	251
ZY1000-JC-GS16-T14	L1_FIRST	级数求和与和函数	逐项运算或与已知级数比较	verified	inherited_v2	配套习题/张宇1000题/01_基础篇/第16章_无穷级数.md	268
ZY1000-JC-GS16-T15	L1_FIRST	级数求和与和函数	积分因子求项后识别对数幂级数	verified	corrected_v3	配套习题/张宇1000题/01_基础篇/第16章_无穷级数.md	284
ZY1000-JC-GS16-T16	L1_FIRST	函数的幂级数展开	已知幂级数的代换与运算	verified	inherited_v2	配套习题/张宇1000题/01_基础篇/第16章_无穷级数.md	306
ZY1000-JC-GS16-T17	L1_FIRST	傅里叶级数	系数积分与收敛定理	verified	inherited_v2	配套习题/张宇1000题/01_基础篇/第16章_无穷级数.md	324
ZY1000-JC-GS16-T18	L1_FIRST	傅里叶级数	系数积分与收敛定理	verified	inherited_v2	配套习题/张宇1000题/01_基础篇/第16章_无穷级数.md	355
ZY1000-JC-GS16-T19	L1_FIRST	傅里叶级数	系数积分与收敛定理	verified	corrected_v3	配套习题/张宇1000题/01_基础篇/第16章_无穷级数.md	370
ZY1000-JC-GS17-T01	L1_FIRST	多元函数极限与连续可微性	路径检验与定义估计	verified	inherited_v2	配套习题/张宇1000题/01_基础篇/第17章_多元函数积分学的预备知识.md	7
ZY1000-JC-GS17-T02	L1_FIRST	空间直线和平面	向量法建立线面关系	verified	inherited_v2	配套习题/张宇1000题/01_基础篇/第17章_多元函数积分学的预备知识.md	25
ZY1000-JC-GS17-T03	L1_FIRST	空间直线和平面	向量法建立线面关系	verified	inherited_v2	配套习题/张宇1000题/01_基础篇/第17章_多元函数积分学的预备知识.md	42
ZY1000-JC-GS17-T04	L1_FIRST	空间直线和平面	向量法建立线面关系	verified	inherited_v2	配套习题/张宇1000题/01_基础篇/第17章_多元函数积分学的预备知识.md	53
ZY1000-JC-GS17-T05	L1_FIRST	空间直线和平面	向量法建立线面关系	verified	inherited_v2	配套习题/张宇1000题/01_基础篇/第17章_多元函数积分学的预备知识.md	64
ZY1000-JC-GS17-T06	L1_FIRST	方向导数与梯度	梯度与单位方向的内积	verified	inherited_v2	配套习题/张宇1000题/01_基础篇/第17章_多元函数积分学的预备知识.md	76
ZY1000-JC-GS17-T07	L1_FIRST	空间曲面与投影	消元或几何构型识别	verified	inherited_v2	配套习题/张宇1000题/01_基础篇/第17章_多元函数积分学的预备知识.md	90
ZY1000-JC-GS17-T08	L1_FIRST	方向导数与梯度	按单位方向射线使用方向导数定义	verified	inherited_v2	配套习题/张宇1000题/01_基础篇/第17章_多元函数积分学的预备知识.md	102
ZY1000-JC-GS17-T09	L1_FIRST	方向导数与梯度	梯度与单位方向的内积	verified	inherited_v2	配套习题/张宇1000题/01_基础篇/第17章_多元函数积分学的预备知识.md	123
ZY1000-JC-GS17-T10	L1_FIRST	方向导数与梯度	梯度与单位方向的内积	verified	inherited_v2	配套习题/张宇1000题/01_基础篇/第17章_多元函数积分学的预备知识.md	134
ZY1000-JC-GS17-T11	L1_FIRST	方向导数与梯度	梯度与单位方向的内积	verified	inherited_v2	配套习题/张宇1000题/01_基础篇/第17章_多元函数积分学的预备知识.md	145
ZY1000-JC-GS17-T12	L1_FIRST	条件极值	梯度模平方化后优化圆周线性目标	verified	corrected_v3	配套习题/张宇1000题/01_基础篇/第17章_多元函数积分学的预备知识.md	157
ZY1000-JC-GS17-T13	L1_FIRST	多元函数极值	利用交叉偏导一致性恢复函数后判极值	verified	corrected_v3	配套习题/张宇1000题/01_基础篇/第17章_多元函数积分学的预备知识.md	170
ZY1000-JC-GS17-T14	L1_FIRST	散度与旋度	向量场的微分运算	verified	inherited_v2	配套习题/张宇1000题/01_基础篇/第17章_多元函数积分学的预备知识.md	184
ZY1000-JC-GS18-T01	L1_FIRST	三重积分计算	分层积分或空间坐标变换	verified	inherited_v2	配套习题/张宇1000题/01_基础篇/第18章_多元函数积分学.md	7
ZY1000-JC-GS18-T02	L1_FIRST	积分表示质心与形心	质量矩除以总质量	verified	inherited_v2	配套习题/张宇1000题/01_基础篇/第18章_多元函数积分学.md	20
ZY1000-JC-GS18-T03	L1_FIRST	曲线积分	参数化或选用相应积分定理	verified	inherited_v2	配套习题/张宇1000题/01_基础篇/第18章_多元函数积分学.md	30
ZY1000-JC-GS18-T04	L1_FIRST	曲线积分	参数化或选用相应积分定理	verified	inherited_v2	配套习题/张宇1000题/01_基础篇/第18章_多元函数积分学.md	43
ZY1000-JC-GS18-T05	L1_FIRST	曲线积分	参数化或选用相应积分定理	verified	inherited_v2	配套习题/张宇1000题/01_基础篇/第18章_多元函数积分学.md	56
ZY1000-JC-GS18-T06	L1_FIRST	全微分方程	检验恰当性并构造势函数	verified	inherited_v2	配套习题/张宇1000题/01_基础篇/第18章_多元函数积分学.md	69
ZY1000-JC-GS18-T07	L1_FIRST	曲线积分	格林公式化为区域积分并选取正值区域	verified	corrected_v3	配套习题/张宇1000题/01_基础篇/第18章_多元函数积分学.md	80
ZY1000-JC-GS18-T08	L1_FIRST	曲线积分与路径无关	检查保守场条件并构造势函数	verified	inherited_v2	配套习题/张宇1000题/01_基础篇/第18章_多元函数积分学.md	97
ZY1000-JC-GS18-T09	L1_FIRST	曲线积分	积分正值选域后沿边界参数化	verified	corrected_v3	配套习题/张宇1000题/01_基础篇/第18章_多元函数积分学.md	124
ZY1000-JC-GS18-T10	L1_FIRST	曲面积分	封闭圆柱体的高斯公式	verified	corrected_v3	配套习题/张宇1000题/01_基础篇/第18章_多元函数积分学.md	149
ZY1000-JC-GS18-T11	L1_FIRST	曲面积分	曲面参数化或积分定理	verified	inherited_v2	配套习题/张宇1000题/01_基础篇/第18章_多元函数积分学.md	163
ZY1000-JC-GS18-T12	L1_FIRST	曲面积分	曲面参数化或积分定理	verified	inherited_v2	配套习题/张宇1000题/01_基础篇/第18章_多元函数积分学.md	176
ZY1000-JC-GS18-T13	L1_FIRST	曲面积分	曲面参数化或积分定理	verified	inherited_v2	配套习题/张宇1000题/01_基础篇/第18章_多元函数积分学.md	188
ZY1000-JC-GS18-T14	L1_FIRST	曲面积分	曲面参数化或积分定理	verified	inherited_v2	配套习题/张宇1000题/01_基础篇/第18章_多元函数积分学.md	202
ZY1000-JC-GS18-T15	L1_FIRST	曲面积分	曲面参数化或积分定理	verified	inherited_v2	配套习题/张宇1000题/01_基础篇/第18章_多元函数积分学.md	216
ZY1000-JC-GS18-T16	L1_FIRST	曲线积分	分离全微分后投影到平面使用格林公式	verified	corrected_v3	配套习题/张宇1000题/01_基础篇/第18章_多元函数积分学.md	230
ZY1000-JC-XD01-T01	L1_FIRST	行列式计算	利用根的韦达关系得到行列关系	verified	corrected_v3	配套习题/张宇1000题/01_基础篇/线性代数/第01章_行列式.md	7
ZY1000-JC-XD01-T02	L1_FIRST	行列式中的参数与多项式系数	展开整理参数多项式	verified	inherited_v2	配套习题/张宇1000题/01_基础篇/线性代数/第01章_行列式.md	22
ZY1000-JC-XD01-T03	L1_FIRST	行列式中的参数与多项式系数	展开整理参数多项式	verified	inherited_v2	配套习题/张宇1000题/01_基础篇/线性代数/第01章_行列式.md	37
ZY1000-JC-XD01-T04	L1_FIRST	行列式中的参数与多项式系数	展开整理参数多项式	verified	inherited_v2	配套习题/张宇1000题/01_基础篇/线性代数/第01章_行列式.md	52
ZY1000-JC-XD01-T05	L1_FIRST	凹凸性与拐点	先展开行列式多项式再检查二阶导数变号	verified	corrected_v3	配套习题/张宇1000题/01_基础篇/线性代数/第01章_行列式.md	67
ZY1000-JC-XD01-T06	L1_FIRST	行列式计算	建立三对角行列式递推	verified	corrected_v3	配套习题/张宇1000题/01_基础篇/线性代数/第01章_行列式.md	82
ZY1000-JC-XD02-T01	L1_FIRST	矩阵运算与矩阵方程	利用矩阵运算法则整理	verified	inherited_v2	配套习题/张宇1000题/01_基础篇/线性代数/第02章_矩阵.md	7
ZY1000-JC-XD02-T07	L1_FIRST	伴随矩阵的性质	伴随恒等式与秩分类	verified	inherited_v2	配套习题/张宇1000题/01_基础篇/线性代数/第02章_矩阵.md	22
ZY1000-JC-XD02-T09	L1_FIRST	逆矩阵与可逆条件	初等变换或逆矩阵恒等式	verified	inherited_v2	配套习题/张宇1000题/01_基础篇/线性代数/第02章_矩阵.md	37
ZY1000-JC-XD02-T10	L1_FIRST	矩阵运算与矩阵方程	利用矩阵运算法则整理	verified	inherited_v2	配套习题/张宇1000题/01_基础篇/线性代数/第02章_矩阵.md	52
ZY1000-JC-XD02-T11	L1_FIRST	矩阵的秩	行变换与子式判别	verified	inherited_v2	配套习题/张宇1000题/01_基础篇/线性代数/第02章_矩阵.md	67
ZY1000-JC-XD02-T12	L1_FIRST	矩阵运算与矩阵方程	利用矩阵运算法则整理	verified	inherited_v2	配套习题/张宇1000题/01_基础篇/线性代数/第02章_矩阵.md	82
ZY1000-JC-XD02-T13	L1_FIRST	矩阵运算与矩阵方程	利用矩阵运算法则整理	verified	inherited_v2	配套习题/张宇1000题/01_基础篇/线性代数/第02章_矩阵.md	97
ZY1000-JC-XD02-T14	L1_FIRST	矩阵的秩	行变换与子式判别	verified	inherited_v2	配套习题/张宇1000题/01_基础篇/线性代数/第02章_矩阵.md	112
ZY1000-JC-XD02-T15	L1_FIRST	矩阵的秩	行变换与子式判别	verified	inherited_v2	配套习题/张宇1000题/01_基础篇/线性代数/第02章_矩阵.md	127
ZY1000-JC-XD03-T01	L1_FIRST	向量组线性相关性	线性组合关系或矩阵秩	verified	inherited_v2	配套习题/张宇1000题/01_基础篇/线性代数/第03章_向量组.md	7
ZY1000-JC-XD03-T02	L1_FIRST	向量组线性相关性	线性组合关系或矩阵秩	verified	inherited_v2	配套习题/张宇1000题/01_基础篇/线性代数/第03章_向量组.md	22
ZY1000-JC-XD03-T03	L1_FIRST	向量组线性相关性	线性组合关系或矩阵秩	verified	inherited_v2	配套习题/张宇1000题/01_基础篇/线性代数/第03章_向量组.md	37
ZY1000-JC-XD03-T04	L1_FIRST	矩阵的秩	行变换与子式判别	verified	inherited_v2	配套习题/张宇1000题/01_基础篇/线性代数/第03章_向量组.md	52
ZY1000-JC-XD03-T05	L1_FIRST	向量组线性相关性	线性组合关系或矩阵秩	verified	inherited_v2	配套习题/张宇1000题/01_基础篇/线性代数/第03章_向量组.md	67
ZY1000-JC-XD03-T06	L1_FIRST	向量组线性相关性	线性组合关系或矩阵秩	verified	inherited_v2	配套习题/张宇1000题/01_基础篇/线性代数/第03章_向量组.md	82
ZY1000-JC-XD03-T07	L1_FIRST	向量组线性相关性	线性组合关系或矩阵秩	verified	inherited_v2	配套习题/张宇1000题/01_基础篇/线性代数/第03章_向量组.md	99
ZY1000-JC-XD03-T08	L1_FIRST	向量组线性相关性	线性组合关系或矩阵秩	verified	inherited_v2	配套习题/张宇1000题/01_基础篇/线性代数/第03章_向量组.md	116
ZY1000-JC-XD03-T09	L1_FIRST	向量组线性相关性	线性组合关系或矩阵秩	verified	inherited_v2	配套习题/张宇1000题/01_基础篇/线性代数/第03章_向量组.md	131
ZY1000-JC-XD03-T10	L1_FIRST	向量组线性相关性	线性组合关系或矩阵秩	verified	inherited_v2	配套习题/张宇1000题/01_基础篇/线性代数/第03章_向量组.md	146
ZY1000-JC-XD03-T11	L1_FIRST	向量组等价性	比较列空间或双向线性表示	verified	inherited_v2	配套习题/张宇1000题/01_基础篇/线性代数/第03章_向量组.md	161
ZY1000-JC-XD03-T12	L1_FIRST	向量组等价性	比较列空间或双向线性表示	verified	inherited_v2	配套习题/张宇1000题/01_基础篇/线性代数/第03章_向量组.md	176
ZY1000-JC-XD03-T13	L1_FIRST	向量组的施密特正交化	施密特正交化中用内积求投影系数	verified	inherited_v2	配套习题/张宇1000题/01_基础篇/线性代数/第03章_向量组.md	191
ZY1000-JC-XD04-T02	L1_FIRST	齐次线性方程组解的结构	秩零化度与基础解系	verified	inherited_v2	配套习题/张宇1000题/01_基础篇/线性代数/第04章_线性方程组.md	7
ZY1000-JC-XD04-T03	L1_FIRST	矩阵的秩	行变换与子式判别	verified	inherited_v2	配套习题/张宇1000题/01_基础篇/线性代数/第04章_线性方程组.md	22
ZY1000-JC-XD04-T04	L1_FIRST	线性方程组的解与参数	比较系数矩阵与增广矩阵的秩	verified	inherited_v2	配套习题/张宇1000题/01_基础篇/线性代数/第04章_线性方程组.md	37
ZY1000-JC-XD04-T08	L1_FIRST	向量组线性相关性	线性组合关系或矩阵秩	verified	inherited_v2	配套习题/张宇1000题/01_基础篇/线性代数/第04章_线性方程组.md	52
ZY1000-JC-XD04-T09	L1_FIRST	线性方程组的解与参数	比较系数矩阵与增广矩阵的秩	verified	inherited_v2	配套习题/张宇1000题/01_基础篇/线性代数/第04章_线性方程组.md	67
ZY1000-JC-XD04-T10	L1_FIRST	线性方程组的解与参数	比较系数矩阵与增广矩阵的秩	verified	inherited_v2	配套习题/张宇1000题/01_基础篇/线性代数/第04章_线性方程组.md	82
ZY1000-JC-XD04-T12	L1_FIRST	线性方程组的解与参数	比较系数矩阵与增广矩阵的秩	verified	inherited_v2	配套习题/张宇1000题/01_基础篇/线性代数/第04章_线性方程组.md	97
ZY1000-JC-XD04-T13	L1_FIRST	线性方程组的解与参数	比较系数矩阵与增广矩阵的秩	verified	inherited_v2	配套习题/张宇1000题/01_基础篇/线性代数/第04章_线性方程组.md	112
ZY1000-JC-XD04-T16	L1_FIRST	线性方程组的解与参数	比较系数矩阵与增广矩阵的秩	needs_review	corrected_v3	配套习题/张宇1000题/01_基础篇/线性代数/第04章_线性方程组.md	127
ZY1000-JC-XD04-T17	L1_FIRST	齐次线性方程组解的结构	秩零化度与基础解系	verified	inherited_v2	配套习题/张宇1000题/01_基础篇/线性代数/第04章_线性方程组.md	144
ZY1000-JC-XD05-T01	L1_FIRST	特征值与特征向量	特征方程与特征子空间	verified	inherited_v2	配套习题/张宇1000题/01_基础篇/线性代数/第05章_特征值与特征向量.md	7
ZY1000-JC-XD05-T02	L1_FIRST	特征值与特征向量	特征方程与特征子空间	verified	inherited_v2	配套习题/张宇1000题/01_基础篇/线性代数/第05章_特征值与特征向量.md	22
ZY1000-JC-XD05-T03	L1_FIRST	相似矩阵与对角化	用特征向量构造变换基	verified	inherited_v2	配套习题/张宇1000题/01_基础篇/线性代数/第05章_特征值与特征向量.md	37
ZY1000-JC-XD05-T04	L1_FIRST	特征值与特征向量	特征方程与特征子空间	verified	inherited_v2	配套习题/张宇1000题/01_基础篇/线性代数/第05章_特征值与特征向量.md	52
ZY1000-JC-XD05-T05	L1_FIRST	特征值与特征向量	特征方程与特征子空间	verified	inherited_v2	配套习题/张宇1000题/01_基础篇/线性代数/第05章_特征值与特征向量.md	67
ZY1000-JC-XD05-T06	L1_FIRST	特征值与特征向量	特征方程与特征子空间	verified	inherited_v2	配套习题/张宇1000题/01_基础篇/线性代数/第05章_特征值与特征向量.md	82
ZY1000-JC-XD05-T07	L1_FIRST	相似矩阵与对角化	用特征向量构造变换基	verified	inherited_v2	配套习题/张宇1000题/01_基础篇/线性代数/第05章_特征值与特征向量.md	97
ZY1000-JC-XD05-T10	L1_FIRST	相似矩阵与对角化	用特征向量构造变换基	verified	inherited_v2	配套习题/张宇1000题/01_基础篇/线性代数/第05章_特征值与特征向量.md	112
ZY1000-JC-XD05-T17	L1_FIRST	特征值与特征向量	特征方程与特征子空间	verified	inherited_v2	配套习题/张宇1000题/01_基础篇/线性代数/第05章_特征值与特征向量.md	127
ZY1000-JC-XD05-T19	L1_FIRST	相似矩阵与对角化	用特征向量构造变换基	verified	inherited_v2	配套习题/张宇1000题/01_基础篇/线性代数/第05章_特征值与特征向量.md	142
ZY1000-JC-XD06-T01	L1_FIRST	二次型的正负惯性指数	迹与行列式的实谱符号约束	verified	corrected_v3	配套习题/张宇1000题/01_基础篇/线性代数/第06章_二次型.md	7
ZY1000-JC-XD06-T02	L1_FIRST	二次型惯性指数的参数判定	实谱的迹与乘积符号约束	verified	corrected_v3	配套习题/张宇1000题/01_基础篇/线性代数/第06章_二次型.md	22
ZY1000-JC-XD06-T04	L1_FIRST	二次型化标准形	正交谱不变量匹配二次型参数	verified	corrected_v3	配套习题/张宇1000题/01_基础篇/线性代数/第06章_二次型.md	37
ZY1000-JC-XD06-T05	L1_FIRST	二次型化标准形	正交基的符号列置换	verified	corrected_v3	配套习题/张宇1000题/01_基础篇/线性代数/第06章_二次型.md	52
ZY1000-JC-XD06-T08	L1_FIRST	实对称矩阵的相似与合同判定	谱与惯性指数分别比较	verified	corrected_v3	配套习题/张宇1000题/01_基础篇/线性代数/第06章_二次型.md	67
ZY1000-JC-XD06-T09	L1_FIRST	同步行列置换的等价相似合同关系	正交置换矩阵的左右乘表示	verified	corrected_v3	配套习题/张宇1000题/01_基础篇/线性代数/第06章_二次型.md	82
ZY1000-JC-XD06-T10	L1_FIRST	二次型与矩阵的正定性	顺序主子式或特征值判别	verified	inherited_v2	配套习题/张宇1000题/01_基础篇/线性代数/第06章_二次型.md	97
ZY1000-JC-XD06-T11	L1_FIRST	二次型与矩阵的正定性	顺序主子式或特征值判别	verified	inherited_v2	配套习题/张宇1000题/01_基础篇/线性代数/第06章_二次型.md	112
ZY1000-JC-XD06-T14	L1_FIRST	合同且不相似的参数分类	先比较惯性指数再排除相同谱	verified	corrected_v3	配套习题/张宇1000题/01_基础篇/线性代数/第06章_二次型.md	127
ZY1000-JC-XD06-T15	L1_FIRST	二次型合同中的秩与惯性参数	秩约束与惯性指数联合判定	verified	corrected_v3	配套习题/张宇1000题/01_基础篇/线性代数/第06章_二次型.md	142
ZY1000-JC-XD06-T16	L1_FIRST	单位球面二次型的最大值	谱恢复与单位球面的瑞利商界	verified	corrected_v3	配套习题/张宇1000题/01_基础篇/线性代数/第06章_二次型.md	157
ZY1000-JC-XD06-T18	L1_FIRST	列组线性变换下的二次矩阵式	系数矩阵的双侧转置变换	verified	corrected_v3	配套习题/张宇1000题/01_基础篇/线性代数/第06章_二次型.md	172
ZY1000-JC-XD06-T21	L1_FIRST	对称矩阵平方的相似与合同	平方谱映射后比较惯性指数	verified	corrected_v3	配套习题/张宇1000题/01_基础篇/线性代数/第06章_二次型.md	187
ZY1000-JC-XD06-T22	L1_FIRST	二次型与矩阵的正定性	顺序主子式或特征值判别	verified	inherited_v2	配套习题/张宇1000题/01_基础篇/线性代数/第06章_二次型.md	202
ZY1000-JC-XD06-T26	L1_FIRST	齐次二次曲面的谱分类	惯性指数及规范形识别二次曲面	verified	corrected_v3	配套习题/张宇1000题/01_基础篇/线性代数/第06章_二次型.md	217
ZY1000-QH-GL01-T01	L1_FIRST	条件概率及乘法公式	转换条件事件并计算交事件	verified	inherited_v2	配套习题/张宇1000题/02_强化篇/概率论与数理统计/第01章_随机事件和概率.md	7
ZY1000-QH-GL01-T02	L1_FIRST	条件概率及乘法公式	转换条件事件并计算交事件	verified	inherited_v2	配套习题/张宇1000题/02_强化篇/概率论与数理统计/第01章_随机事件和概率.md	22
ZY1000-QH-GL01-T03	L1_FIRST	条件概率及乘法公式	转换条件事件并计算交事件	verified	inherited_v2	配套习题/张宇1000题/02_强化篇/概率论与数理统计/第01章_随机事件和概率.md	37
ZY1000-QH-GL01-T04	L1_FIRST	随机事件独立性	核对交事件概率的乘积条件	verified	inherited_v2	配套习题/张宇1000题/02_强化篇/概率论与数理统计/第01章_随机事件和概率.md	52
ZY1000-QH-GL02-T01	L1_FIRST	条件概率及乘法公式	对不同分布计算尾概率比并辨析无记忆性	verified	corrected_v3	配套习题/张宇1000题/02_强化篇/概率论与数理统计/第02章_一维随机变量及其分布.md	7
ZY1000-QH-GL02-T02	L1_FIRST	常见概率分布的概率计算	标准化或使用分布质量函数	verified	inherited_v2	配套习题/张宇1000题/02_强化篇/概率论与数理统计/第02章_一维随机变量及其分布.md	22
ZY1000-QH-GL02-T03	L1_FIRST	常见概率分布的概率计算	标准化或使用分布质量函数	verified	inherited_v2	配套习题/张宇1000题/02_强化篇/概率论与数理统计/第02章_一维随机变量及其分布.md	37
ZY1000-QH-GL02-T04	L1_FIRST	常见概率分布的概率计算	标准化或使用分布质量函数	verified	inherited_v2	配套习题/张宇1000题/02_强化篇/概率论与数理统计/第02章_一维随机变量及其分布.md	52
ZY1000-QH-GL02-T07	L1_FIRST	全概率公式	按完备事件组分解	verified	inherited_v2	配套习题/张宇1000题/02_强化篇/概率论与数理统计/第02章_一维随机变量及其分布.md	67
ZY1000-QH-GL03-T01	L1_FIRST	随机变量函数的分布	分布函数法或变量变换	verified	inherited_v2	配套习题/张宇1000题/02_强化篇/概率论与数理统计/第03章_一维随机变量函数的分布.md	7
ZY1000-QH-GL03-T02	L1_FIRST	随机变量函数的分布	分布函数法或变量变换	verified	inherited_v2	配套习题/张宇1000题/02_强化篇/概率论与数理统计/第03章_一维随机变量函数的分布.md	22
ZY1000-QH-GL03-T03	L1_FIRST	随机变量函数的分布	分布函数法或变量变换	verified	inherited_v2	配套习题/张宇1000题/02_强化篇/概率论与数理统计/第03章_一维随机变量函数的分布.md	37
ZY1000-QH-GL04-T01	L1_FIRST	联合分布与边缘分布	利用交换对称性并单独计算相等事件	verified	corrected_v3	配套习题/张宇1000题/02_强化篇/概率论与数理统计/第04章_多维随机变量及其分布.md	7
ZY1000-QH-GL04-T02	L1_FIRST	全概率公式	按完备事件组分解	verified	inherited_v2	配套习题/张宇1000题/02_强化篇/概率论与数理统计/第04章_多维随机变量及其分布.md	22
ZY1000-QH-GL04-T03	L1_FIRST	联合分布与边缘分布	先用顺序主子式确定正定参数区域再积分	verified	corrected_v3	配套习题/张宇1000题/02_强化篇/概率论与数理统计/第04章_多维随机变量及其分布.md	37
ZY1000-QH-GL05-T01	L1_FIRST	随机变量函数的分布	分布函数法或变量变换	verified	inherited_v2	配套习题/张宇1000题/02_强化篇/概率论与数理统计/第05章_多维随机变量函数的分布.md	7
ZY1000-QH-GL05-T02	L1_FIRST	随机变量函数的分布	分布函数法或变量变换	verified	inherited_v2	配套习题/张宇1000题/02_强化篇/概率论与数理统计/第05章_多维随机变量函数的分布.md	22
ZY1000-QH-GL05-T03	L1_FIRST	随机变量函数的分布	分布函数法或变量变换	verified	inherited_v2	配套习题/张宇1000题/02_强化篇/概率论与数理统计/第05章_多维随机变量函数的分布.md	37
ZY1000-QH-GL05-T04	L1_FIRST	随机变量函数的分布	分布函数法或变量变换	verified	inherited_v2	配套习题/张宇1000题/02_强化篇/概率论与数理统计/第05章_多维随机变量函数的分布.md	52
ZY1000-QH-GL06-T01	L1_FIRST	数学期望及随机变量函数的期望	盒子空红事件的指示变量求和	verified	corrected_v3	配套习题/张宇1000题/02_强化篇/概率论与数理统计/第06章_数字特征.md	7
ZY1000-QH-GL06-T02	L1_FIRST	数学期望及随机变量函数的期望	按分布求和或积分	verified	inherited_v2	配套习题/张宇1000题/02_强化篇/概率论与数理统计/第06章_数字特征.md	22
ZY1000-QH-GL06-T03	L1_FIRST	数学期望及随机变量函数的期望	按分布求和或积分	verified	inherited_v2	配套习题/张宇1000题/02_强化篇/概率论与数理统计/第06章_数字特征.md	37
ZY1000-QH-GL06-T07	L1_FIRST	方差与协方差	中心矩或二阶矩关系	verified	inherited_v2	配套习题/张宇1000题/02_强化篇/概率论与数理统计/第06章_数字特征.md	52
ZY1000-QH-GL06-T15	L1_FIRST	相关系数与线性相关	协方差标准化	verified	inherited_v2	配套习题/张宇1000题/02_强化篇/概率论与数理统计/第06章_数字特征.md	67
ZY1000-QH-GL06-T16	L1_FIRST	相关系数与线性相关	协方差标准化	verified	inherited_v2	配套习题/张宇1000题/02_强化篇/概率论与数理统计/第06章_数字特征.md	82
ZY1000-QH-GL06-T17	L1_FIRST	相关系数与线性相关	协方差标准化	verified	inherited_v2	配套习题/张宇1000题/02_强化篇/概率论与数理统计/第06章_数字特征.md	97
ZY1000-QH-GL06-T18	L1_FIRST	相关系数与线性相关	协方差标准化	verified	inherited_v2	配套习题/张宇1000题/02_强化篇/概率论与数理统计/第06章_数字特征.md	112
ZY1000-QH-GL06-T19	L1_FIRST	方差与协方差	先用大数定律识别总体参数再求函数的一二阶矩	verified	corrected_v3	配套习题/张宇1000题/02_强化篇/概率论与数理统计/第06章_数字特征.md	127
ZY1000-QH-GL07-T01	L1_FIRST	中心极限定理与正态近似	中心化标准化	verified	inherited_v2	配套习题/张宇1000题/02_强化篇/概率论与数理统计/第07章_大数定律与中心极限定理.md	7
ZY1000-QH-GL07-T03	L1_FIRST	大数定律与依概率收敛	核对均值方差及收敛条件	verified	inherited_v2	配套习题/张宇1000题/02_强化篇/概率论与数理统计/第07章_大数定律与中心极限定理.md	22
ZY1000-QH-GL08-T01	L1_FIRST	统计量及抽样分布	标准统计量构造与独立性	verified	inherited_v2	配套习题/张宇1000题/02_强化篇/概率论与数理统计/第08章_统计量及其分布.md	7
ZY1000-QH-GL08-T02	L1_FIRST	方差与协方差	中心矩或二阶矩关系	verified	inherited_v2	配套习题/张宇1000题/02_强化篇/概率论与数理统计/第08章_统计量及其分布.md	22
ZY1000-QH-GL08-T03	L1_FIRST	统计量及抽样分布	标准统计量构造与独立性	verified	inherited_v2	配套习题/张宇1000题/02_强化篇/概率论与数理统计/第08章_统计量及其分布.md	37
ZY1000-QH-GL08-T04	L1_FIRST	数学期望及随机变量函数的期望	按分布求和或积分	verified	inherited_v2	配套习题/张宇1000题/02_强化篇/概率论与数理统计/第08章_统计量及其分布.md	52
ZY1000-QH-GL08-T05	L1_FIRST	方差与协方差	中心矩或二阶矩关系	verified	inherited_v2	配套习题/张宇1000题/02_强化篇/概率论与数理统计/第08章_统计量及其分布.md	67
ZY1000-QH-GL08-T06	L1_FIRST	方差与协方差	中心矩或二阶矩关系	verified	inherited_v2	配套习题/张宇1000题/02_强化篇/概率论与数理统计/第08章_统计量及其分布.md	82
ZY1000-QH-GL08-T08	L1_FIRST	方差与协方差	中心矩或二阶矩关系	verified	inherited_v2	配套习题/张宇1000题/02_强化篇/概率论与数理统计/第08章_统计量及其分布.md	97
ZY1000-QH-GL08-T09	L1_FIRST	统计量及抽样分布	标准统计量构造与独立性	verified	inherited_v2	配套习题/张宇1000题/02_强化篇/概率论与数理统计/第08章_统计量及其分布.md	112
ZY1000-QH-GL08-T10	L1_FIRST	由联合分布构造统计量的分布		needs_review	corrected_v3	配套习题/张宇1000题/02_强化篇/概率论与数理统计/第08章_统计量及其分布.md	127
ZY1000-QH-GL08-T11	L1_FIRST	统计量及抽样分布	标准统计量构造与独立性	verified	inherited_v2	配套习题/张宇1000题/02_强化篇/概率论与数理统计/第08章_统计量及其分布.md	142
ZY1000-QH-GL09-T01	L1_FIRST	矩估计	总体矩与样本矩匹配	verified	inherited_v2	配套习题/张宇1000题/02_强化篇/概率论与数理统计/第09章_参数估计与假设检验.md	7
ZY1000-QH-GL09-T02	L1_FIRST	最大似然估计	构造似然并比较极值	verified	inherited_v2	配套习题/张宇1000题/02_强化篇/概率论与数理统计/第09章_参数估计与假设检验.md	22
ZY1000-QH-GL09-T03	L1_FIRST	最大似然估计	构造似然并比较极值	verified	inherited_v2	配套习题/张宇1000题/02_强化篇/概率论与数理统计/第09章_参数估计与假设检验.md	37
ZY1000-QH-GL09-T22	L1_FIRST	估计量的无偏性与有效性	比较期望方差或均方误差	verified	inherited_v2	配套习题/张宇1000题/02_强化篇/概率论与数理统计/第09章_参数估计与假设检验.md	52
ZY1000-QH-GL09-T23	L1_FIRST	估计量的无偏性与有效性	比较期望方差或均方误差	verified	inherited_v2	配套习题/张宇1000题/02_强化篇/概率论与数理统计/第09章_参数估计与假设检验.md	67
ZY1000-QH-GL09-T24	L1_FIRST	参数置信区间		needs_review	corrected_v3	配套习题/张宇1000题/02_强化篇/概率论与数理统计/第09章_参数估计与假设检验.md	82
ZY1000-QH-GL09-T25	L1_FIRST	参数置信区间	构造枢轴量并反解区间	verified	inherited_v2	配套习题/张宇1000题/02_强化篇/概率论与数理统计/第09章_参数估计与假设检验.md	97
ZY1000-QH-GL09-T26	L1_FIRST	参数假设检验	统计量与拒绝域	verified	inherited_v2	配套习题/张宇1000题/02_强化篇/概率论与数理统计/第09章_参数估计与假设检验.md	112
ZY1000-QH-GL09-T27	L1_FIRST	参数假设检验	统计量与拒绝域	verified	inherited_v2	配套习题/张宇1000题/02_强化篇/概率论与数理统计/第09章_参数估计与假设检验.md	127
ZY1000-QH-GL09-T29	L1_FIRST	参数假设检验	统计量与拒绝域	verified	inherited_v2	配套习题/张宇1000题/02_强化篇/概率论与数理统计/第09章_参数估计与假设检验.md	142
ZY1000-QH-GL09-T30	L1_FIRST	参数假设检验	统计量与拒绝域	verified	inherited_v2	配套习题/张宇1000题/02_强化篇/概率论与数理统计/第09章_参数估计与假设检验.md	157
ZY1000-QH-GS01-T01	L1_FIRST	高阶无穷小与局部展开	局部展开并比较首个非零项	verified	inherited_v2	配套习题/张宇1000题/02_强化篇/第01章_函数极限与连续.md	7
ZY1000-QH-GS01-T02	L1_FIRST	高阶无穷小与局部展开	局部展开并比较首个非零项	verified	inherited_v2	配套习题/张宇1000题/02_强化篇/第01章_函数极限与连续.md	22
ZY1000-QH-GS01-T03	L1_FIRST	高阶无穷小与局部展开	局部展开并比较首个非零项	verified	inherited_v2	配套习题/张宇1000题/02_强化篇/第01章_函数极限与连续.md	37
ZY1000-QH-GS01-T04	L1_FIRST	高阶无穷小与局部展开	局部展开并比较首个非零项	verified	inherited_v2	配套习题/张宇1000题/02_强化篇/第01章_函数极限与连续.md	52
ZY1000-QH-GS01-T05	L1_FIRST	高阶无穷小与局部展开	局部展开并比较首个非零项	verified	inherited_v2	配套习题/张宇1000题/02_强化篇/第01章_函数极限与连续.md	67
ZY1000-QH-GS01-T06	L1_FIRST	高阶无穷小与局部展开	将已知导数极限转为局部展开并估计嵌套变限积分	verified	corrected_v3	配套习题/张宇1000题/02_强化篇/第01章_函数极限与连续.md	89
ZY1000-QH-GS01-T07	L1_FIRST	高阶无穷小与局部展开	局部展开并比较首个非零项	verified	inherited_v2	配套习题/张宇1000题/02_强化篇/第01章_函数极限与连续.md	112
ZY1000-QH-GS01-T08	L1_FIRST	高阶无穷小与局部展开	局部展开并比较首个非零项	verified	inherited_v2	配套习题/张宇1000题/02_强化篇/第01章_函数极限与连续.md	133
ZY1000-QH-GS01-T09	L1_FIRST	高阶无穷小与局部展开	局部展开并比较首个非零项	verified	inherited_v2	配套习题/张宇1000题/02_强化篇/第01章_函数极限与连续.md	155
ZY1000-QH-GS01-T10	L1_FIRST	高阶无穷小与局部展开	局部展开并比较首个非零项	verified	inherited_v2	配套习题/张宇1000题/02_强化篇/第01章_函数极限与连续.md	184
ZY1000-QH-GS01-T11	L1_FIRST	高阶无穷小与局部展开	局部展开并比较首个非零项	verified	inherited_v2	配套习题/张宇1000题/02_强化篇/第01章_函数极限与连续.md	196
ZY1000-QH-GS01-T12	L1_FIRST	左右极限及极限存在性	分别处理振荡分支并估计积分主阶	verified	corrected_v3	配套习题/张宇1000题/02_强化篇/第01章_函数极限与连续.md	216
ZY1000-QH-GS01-T13	L1_FIRST	含参数函数列的逐点极限	先对固定自变量求序号极限再核对单侧极限	verified	corrected_v3	配套习题/张宇1000题/02_强化篇/第01章_函数极限与连续.md	246
ZY1000-QH-GS01-T14	L1_FIRST	高阶无穷小与局部展开	无穷远幂指展开并控制取整误差	verified	corrected_v3	配套习题/张宇1000题/02_强化篇/第01章_函数极限与连续.md	263
ZY1000-QH-GS01-T15	L1_FIRST	左右极限及极限存在性	分别计算左右极限	verified	inherited_v2	配套习题/张宇1000题/02_强化篇/第01章_函数极限与连续.md	280
ZY1000-QH-GS01-T16	L1_FIRST	幂指函数的极限	取对数化为乘积极限	verified	inherited_v2	配套习题/张宇1000题/02_强化篇/第01章_函数极限与连续.md	293
ZY1000-QH-GS01-T17	L1_FIRST	函数极限与点值的逻辑区别	去心极限的阶次恢复与点值反例	verified	corrected_v3	配套习题/张宇1000题/02_强化篇/第01章_函数极限与连续.md	309
ZY1000-QH-GS01-T18	L1_FIRST	绝对值比值的双侧极限条件	分母异号与绝对值夹逼	verified	corrected_v3	配套习题/张宇1000题/02_强化篇/第01章_函数极限与连续.md	339
ZY1000-QH-GS01-T19	L1_FIRST	高阶无穷小与局部展开	局部展开并比较首个非零项	verified	inherited_v2	配套习题/张宇1000题/02_强化篇/第01章_函数极限与连续.md	360
ZY1000-QH-GS01-T20	L1_FIRST	高阶无穷小与局部展开	局部展开并比较首个非零项	verified	inherited_v2	配套习题/张宇1000题/02_强化篇/第01章_函数极限与连续.md	386
ZY1000-QH-GS01-T21	L1_FIRST	无穷远处增长阶比较	把乘除极限转为对数的有界差	verified	corrected_v3	配套习题/张宇1000题/02_强化篇/第01章_函数极限与连续.md	406
ZY1000-QH-GS01-T22	L1_FIRST	高阶无穷小与局部展开	局部展开并比较首个非零项	verified	inherited_v2	配套习题/张宇1000题/02_强化篇/第01章_函数极限与连续.md	431
ZY1000-QH-GS01-T23	L1_FIRST	高阶无穷小与局部展开	局部展开并比较首个非零项	verified	inherited_v2	配套习题/张宇1000题/02_强化篇/第01章_函数极限与连续.md	442
ZY1000-QH-GS01-T24	L1_FIRST	高阶无穷小与局部展开	局部展开并比较首个非零项	verified	inherited_v2	配套习题/张宇1000题/02_强化篇/第01章_函数极限与连续.md	464
ZY1000-QH-GS01-T25	L1_FIRST	高阶无穷小与局部展开	局部展开并比较首个非零项	verified	inherited_v2	配套习题/张宇1000题/02_强化篇/第01章_函数极限与连续.md	482
ZY1000-QH-GS01-T26	L1_FIRST	高阶无穷小与局部展开	局部展开并比较首个非零项	verified	inherited_v2	配套习题/张宇1000题/02_强化篇/第01章_函数极限与连续.md	498
ZY1000-QH-GS01-T27	L1_FIRST	高阶无穷小与局部展开	局部展开并比较首个非零项	verified	inherited_v2	配套习题/张宇1000题/02_强化篇/第01章_函数极限与连续.md	521
ZY1000-QH-GS01-T28	L1_FIRST	高阶无穷小与局部展开	局部展开并比较首个非零项	verified	inherited_v2	配套习题/张宇1000题/02_强化篇/第01章_函数极限与连续.md	532
ZY1000-QH-GS01-T29	L1_FIRST	高阶无穷小与局部展开	局部展开并比较首个非零项	verified	inherited_v2	配套习题/张宇1000题/02_强化篇/第01章_函数极限与连续.md	547
ZY1000-QH-GS01-T30	L1_FIRST	高阶无穷小与局部展开	局部展开并比较首个非零项	verified	inherited_v2	配套习题/张宇1000题/02_强化篇/第01章_函数极限与连续.md	573
ZY1000-QH-GS01-T31	L1_FIRST	高阶无穷小与局部展开	局部展开并比较首个非零项	verified	inherited_v2	配套习题/张宇1000题/02_强化篇/第01章_函数极限与连续.md	590
ZY1000-QH-GS01-T32	L1_FIRST	左右极限及极限存在性	分别计算左右极限	verified	inherited_v2	配套习题/张宇1000题/02_强化篇/第01章_函数极限与连续.md	616
ZY1000-QH-GS01-T33	L1_FIRST	高阶无穷小与局部展开	局部展开并比较首个非零项	verified	inherited_v2	配套习题/张宇1000题/02_强化篇/第01章_函数极限与连续.md	636
ZY1000-QH-GS01-T34	L1_FIRST	微分中值定理的应用	尾区间中值估计与振荡反例	verified	corrected_v3	配套习题/张宇1000题/02_强化篇/第01章_函数极限与连续.md	655
ZY1000-QH-GS01-T35	L1_FIRST	间断点的定位与分类	逐个考查可疑点的单侧极限	verified	inherited_v2	配套习题/张宇1000题/02_强化篇/第01章_函数极限与连续.md	684
ZY1000-QH-GS01-T36	L1_FIRST	间断点的定位与分类	逐个考查可疑点的单侧极限	verified	inherited_v2	配套习题/张宇1000题/02_强化篇/第01章_函数极限与连续.md	701
ZY1000-QH-GS01-T37	L1_FIRST	间断点的定位与分类	逐个考查可疑点的单侧极限	verified	inherited_v2	配套习题/张宇1000题/02_强化篇/第01章_函数极限与连续.md	719
ZY1000-QH-GS01-T38	L1_FIRST	分段函数连续性与参数条件	分区计算函数列极限再匹配连接点	verified	corrected_v3	配套习题/张宇1000题/02_强化篇/第01章_函数极限与连续.md	736
ZY1000-QH-GS02-T01	L1_FIRST	数列极限与收敛性	估计数列或建立递推极限关系	verified	inherited_v2	配套习题/张宇1000题/02_强化篇/第02章_数列极限.md	7
ZY1000-QH-GS02-T02	L1_FIRST	数列极限与收敛性	由相邻倒数差望远镜求和，再使用幂指重要极限	verified	inherited_v2	配套习题/张宇1000题/02_强化篇/第02章_数列极限.md	30
ZY1000-QH-GS02-T03	L1_FIRST	数列极限与收敛性	估计数列或建立递推极限关系	verified	inherited_v2	配套习题/张宇1000题/02_强化篇/第02章_数列极限.md	48
ZY1000-QH-GS02-T04	L1_FIRST	数列极限与收敛性	积分递推与幂指极限	verified	corrected_v3	配套习题/张宇1000题/02_强化篇/第02章_数列极限.md	61
ZY1000-QH-GS02-T05	L1_FIRST	数列极限与收敛性	分式递推的不变区间与单调有界收敛	verified	corrected_v3	配套习题/张宇1000题/02_强化篇/第02章_数列极限.md	81
ZY1000-QH-GS02-T06	L1_FIRST	数列极限与收敛性	先证收敛再用局部展开比较迭代误差	verified	corrected_v3	配套习题/张宇1000题/02_强化篇/第02章_数列极限.md	97
ZY1000-QH-GS02-T07	L1_FIRST	数列极限与收敛性	先证收敛再用局部展开比较迭代误差	verified	inherited_v2	配套习题/张宇1000题/02_强化篇/第02章_数列极限.md	110
ZY1000-QH-GS02-T08	L1_FIRST	数列极限与收敛性	先证收敛再用局部展开比较迭代误差	verified	inherited_v2	配套习题/张宇1000题/02_强化篇/第02章_数列极限.md	129
ZY1000-QH-GS02-T09	L1_FIRST	数列极限与收敛性	分部积分求积分项并计算幂指极限	verified	corrected_v3	配套习题/张宇1000题/02_强化篇/第02章_数列极限.md	149
ZY1000-QH-GS02-T10	L1_FIRST	数列极限与收敛性	反常积分的递推比值与对数渐近	verified	corrected_v3	配套习题/张宇1000题/02_强化篇/第02章_数列极限.md	163
ZY1000-QH-GS02-T11	L1_FIRST	数列极限与收敛性	拉格朗日中值定理给出迭代误差的几何衰减	verified	corrected_v3	配套习题/张宇1000题/02_强化篇/第02章_数列极限.md	173
ZY1000-QH-GS03-T01	L1_FIRST	导数定义与可导性	将差商化为导数定义	verified	inherited_v2	配套习题/张宇1000题/02_强化篇/第03章_一元函数微分学的概念.md	7
ZY1000-QH-GS03-T02	L1_FIRST	导数定义与可导性	将差商化为导数定义	verified	inherited_v2	配套习题/张宇1000题/02_强化篇/第03章_一元函数微分学的概念.md	22
ZY1000-QH-GS03-T03	L1_FIRST	导数定义与可导性	将差商化为导数定义	verified	inherited_v2	配套习题/张宇1000题/02_强化篇/第03章_一元函数微分学的概念.md	41
ZY1000-QH-GS03-T04	L1_FIRST	导数定义与可导性	将差商化为导数定义	verified	inherited_v2	配套习题/张宇1000题/02_强化篇/第03章_一元函数微分学的概念.md	59
ZY1000-QH-GS03-T05	L1_FIRST	导数定义与可导性	将差商化为导数定义	verified	inherited_v2	配套习题/张宇1000题/02_强化篇/第03章_一元函数微分学的概念.md	95
ZY1000-QH-GS03-T06	L1_FIRST	参数方程所确定函数的导数	把差商极限化为参数曲线的导数	verified	corrected_v3	配套习题/张宇1000题/02_强化篇/第03章_一元函数微分学的概念.md	115
ZY1000-QH-GS03-T07	L1_FIRST	导数定义与可导性	把复合幂函数增量分解为导数	verified	corrected_v3	配套习题/张宇1000题/02_强化篇/第03章_一元函数微分学的概念.md	137
ZY1000-QH-GS03-T08	L1_FIRST	变限积分求导	换元后求导并单独核对零点	verified	corrected_v3	配套习题/张宇1000题/02_强化篇/第03章_一元函数微分学的概念.md	153
ZY1000-QH-GS03-T09	L1_FIRST	导数定义与可导性	将差商化为导数定义	verified	inherited_v2	配套习题/张宇1000题/02_强化篇/第03章_一元函数微分学的概念.md	168
ZY1000-QH-GS03-T10	L1_FIRST	导数定义与可导性	将差商化为导数定义	verified	corrected_v3	配套习题/张宇1000题/02_强化篇/第03章_一元函数微分学的概念.md	180
ZY1000-QH-GS03-T11	L1_FIRST	导数定义与可导性	将差商化为导数定义	verified	corrected_v3	配套习题/张宇1000题/02_强化篇/第03章_一元函数微分学的概念.md	200
ZY1000-QH-GS03-T12	L1_FIRST	导数定义与可导性	将差商化为导数定义	verified	inherited_v2	配套习题/张宇1000题/02_强化篇/第03章_一元函数微分学的概念.md	221
ZY1000-QH-GS03-T13	L1_FIRST	导数定义与可导性	将差商化为导数定义	verified	inherited_v2	配套习题/张宇1000题/02_强化篇/第03章_一元函数微分学的概念.md	243
ZY1000-QH-GS03-T14	L1_FIRST	导数定义与可导性	将差商化为导数定义	verified	inherited_v2	配套习题/张宇1000题/02_强化篇/第03章_一元函数微分学的概念.md	256
ZY1000-QH-GS03-T15	L1_FIRST	曲线切线与法线	由公共切线获取导数再处理数列差商	verified	corrected_v3	配套习题/张宇1000题/02_强化篇/第03章_一元函数微分学的概念.md	276
ZY1000-QH-GS03-T16	L1_FIRST	幂指函数的极限	取对数化为乘积极限	verified	inherited_v2	配套习题/张宇1000题/02_强化篇/第03章_一元函数微分学的概念.md	294
ZY1000-QH-GS03-T17	L1_FIRST	导数定义与可导性	区分导数极限与导数定义并检查连续性前提	verified	corrected_v3	配套习题/张宇1000题/02_强化篇/第03章_一元函数微分学的概念.md	315
ZY1000-QH-GS03-T18	L1_FIRST	一元函数求导	求导法则与复合链式法则	verified	inherited_v2	配套习题/张宇1000题/02_强化篇/第03章_一元函数微分学的概念.md	336
ZY1000-QH-GS03-T19	L1_FIRST	导数定义与可导性	将差商化为导数定义	verified	inherited_v2	配套习题/张宇1000题/02_强化篇/第03章_一元函数微分学的概念.md	351
ZY1000-QH-GS03-T20	L1_FIRST	导数定义与可导性	将差商化为导数定义	verified	inherited_v2	配套习题/张宇1000题/02_强化篇/第03章_一元函数微分学的概念.md	370
ZY1000-QH-GS03-T21	L1_FIRST	导数定义与可导性	将差商化为导数定义	verified	inherited_v2	配套习题/张宇1000题/02_强化篇/第03章_一元函数微分学的概念.md	388
ZY1000-QH-GS03-T22	L1_FIRST	导数定义与可导性	将差商化为导数定义	verified	inherited_v2	配套习题/张宇1000题/02_强化篇/第03章_一元函数微分学的概念.md	406
ZY1000-QH-GS04-T01	L1_FIRST	一元函数求导	求导法则与复合链式法则	verified	inherited_v2	配套习题/张宇1000题/02_强化篇/第04章_一元函数微分学的计算.md	7
ZY1000-QH-GS04-T02	L1_FIRST	高阶导数	递推求导或莱布尼茨公式	verified	inherited_v2	配套习题/张宇1000题/02_强化篇/第04章_一元函数微分学的计算.md	20
ZY1000-QH-GS04-T03	L1_FIRST	高阶无穷小与局部展开	隐函数逐阶求导后对积分作局部展开	verified	corrected_v3	配套习题/张宇1000题/02_强化篇/第04章_一元函数微分学的计算.md	35
ZY1000-QH-GS04-T04	L1_FIRST	隐函数求导	对隐式关系求导并整理	verified	inherited_v2	配套习题/张宇1000题/02_强化篇/第04章_一元函数微分学的计算.md	56
ZY1000-QH-GS04-T05	L1_FIRST	反函数的一二阶导数	反函数求导公式与链式法则	verified	inherited_v2	配套习题/张宇1000题/02_强化篇/第04章_一元函数微分学的计算.md	69
ZY1000-QH-GS04-T06	L1_FIRST	参数方程所确定函数的导数	用参数导数的比值及链式法则	verified	inherited_v2	配套习题/张宇1000题/02_强化篇/第04章_一元函数微分学的计算.md	82
ZY1000-QH-GS04-T07	L1_FIRST	隐函数求导	对隐式关系求导并整理	verified	inherited_v2	配套习题/张宇1000题/02_强化篇/第04章_一元函数微分学的计算.md	100
ZY1000-QH-GS04-T08	L1_FIRST	隐函数求导	对隐式关系求导并整理	verified	inherited_v2	配套习题/张宇1000题/02_强化篇/第04章_一元函数微分学的计算.md	113
ZY1000-QH-GS04-T09	L1_FIRST	参数方程所确定函数的导数	用参数导数的比值及链式法则	verified	inherited_v2	配套习题/张宇1000题/02_强化篇/第04章_一元函数微分学的计算.md	129
ZY1000-QH-GS04-T10	L1_FIRST	反函数的一二阶导数	反函数求导公式与链式法则	verified	inherited_v2	配套习题/张宇1000题/02_强化篇/第04章_一元函数微分学的计算.md	140
ZY1000-QH-GS04-T11	L1_FIRST	高阶无穷小与局部展开	局部展开并比较首个非零项	verified	inherited_v2	配套习题/张宇1000题/02_强化篇/第04章_一元函数微分学的计算.md	157
ZY1000-QH-GS04-T12	L1_FIRST	高阶导数	递推求导或莱布尼茨公式	verified	inherited_v2	配套习题/张宇1000题/02_强化篇/第04章_一元函数微分学的计算.md	175
ZY1000-QH-GS04-T13	L1_FIRST	高阶导数	递推求导或莱布尼茨公式	verified	inherited_v2	配套习题/张宇1000题/02_强化篇/第04章_一元函数微分学的计算.md	186
ZY1000-QH-GS04-T14	L1_FIRST	高阶导数	递推求导或莱布尼茨公式	verified	inherited_v2	配套习题/张宇1000题/02_强化篇/第04章_一元函数微分学的计算.md	197
ZY1000-QH-GS04-T15	L1_FIRST	高阶导数	递推求导或莱布尼茨公式	verified	inherited_v2	配套习题/张宇1000题/02_强化篇/第04章_一元函数微分学的计算.md	212
ZY1000-QH-GS04-T16	L1_FIRST	高阶导数	分段分析绝对值函数的各阶导数在零点的拼接	verified	corrected_v3	配套习题/张宇1000题/02_强化篇/第04章_一元函数微分学的计算.md	225
ZY1000-QH-GS05-T01	L1_FIRST	一元函数最值	区分尖点极值与驻点及凹凸变化	verified	corrected_v3	配套习题/张宇1000题/02_强化篇/第05章_一元函数微分学的几何应用.md	7
ZY1000-QH-GS05-T02	L1_FIRST	曲线切线与法线	用导数确定切线方向	verified	inherited_v2	配套习题/张宇1000题/02_强化篇/第05章_一元函数微分学的几何应用.md	20
ZY1000-QH-GS05-T03	L1_FIRST	一元函数最值	导数符号与边界比较	verified	inherited_v2	配套习题/张宇1000题/02_强化篇/第05章_一元函数微分学的几何应用.md	39
ZY1000-QH-GS05-T04	L1_FIRST	一元函数最值	导数符号与边界比较	verified	inherited_v2	配套习题/张宇1000题/02_强化篇/第05章_一元函数微分学的几何应用.md	52
ZY1000-QH-GS05-T05	L1_FIRST	一元函数最值	导数符号与边界比较	verified	inherited_v2	配套习题/张宇1000题/02_强化篇/第05章_一元函数微分学的几何应用.md	67
ZY1000-QH-GS05-T06	L1_FIRST	一元函数最值	导数符号与边界比较	verified	inherited_v2	配套习题/张宇1000题/02_强化篇/第05章_一元函数微分学的几何应用.md	77
ZY1000-QH-GS05-T07	L1_FIRST	变限积分求导	按绝对值拆分后对积分函数求导	verified	corrected_v3	配套习题/张宇1000题/02_强化篇/第05章_一元函数微分学的几何应用.md	87
ZY1000-QH-GS05-T08	L1_FIRST	一元函数最值	导数符号与边界比较	verified	inherited_v2	配套习题/张宇1000题/02_强化篇/第05章_一元函数微分学的几何应用.md	134
ZY1000-QH-GS05-T09	L1_FIRST	一元函数最值	导数符号与边界比较	verified	inherited_v2	配套习题/张宇1000题/02_强化篇/第05章_一元函数微分学的几何应用.md	149
ZY1000-QH-GS05-T10	L1_FIRST	曲线渐近线	以差值极限识别渐近行为	verified	inherited_v2	配套习题/张宇1000题/02_强化篇/第05章_一元函数微分学的几何应用.md	164
ZY1000-QH-GS05-T11	L1_FIRST	函数单调性与变换	用导数单调性界定函数再检查指数乘积的导数	verified	corrected_v3	配套习题/张宇1000题/02_强化篇/第05章_一元函数微分学的几何应用.md	178
ZY1000-QH-GS05-T12	L1_FIRST	由微分方程判定解的局部极值	把驻点条件代入微分方程	verified	inherited_v2	配套习题/张宇1000题/02_强化篇/第05章_一元函数微分学的几何应用.md	191
ZY1000-QH-GS05-T13	L1_FIRST	一元函数最值	对隐式积分关系求导并判定导数符号	verified	corrected_v3	配套习题/张宇1000题/02_强化篇/第05章_一元函数微分学的几何应用.md	206
ZY1000-QH-GS05-T14	L1_FIRST	微分中值定理的应用	柯西中值定理的单调比值形式与逆命题反例	verified	corrected_v3	配套习题/张宇1000题/02_强化篇/第05章_一元函数微分学的几何应用.md	222
ZY1000-QH-GS05-T15	L1_FIRST	曲线渐近线	以差值极限识别渐近行为	verified	inherited_v2	配套习题/张宇1000题/02_强化篇/第05章_一元函数微分学的几何应用.md	244
ZY1000-QH-GS05-T16	L1_FIRST	曲线渐近线	以差值极限识别渐近行为	verified	inherited_v2	配套习题/张宇1000题/02_强化篇/第05章_一元函数微分学的几何应用.md	260
ZY1000-QH-GS05-T17	L1_FIRST	曲线渐近线	以差值极限识别渐近行为	verified	inherited_v2	配套习题/张宇1000题/02_强化篇/第05章_一元函数微分学的几何应用.md	276
ZY1000-QH-GS05-T18	L1_FIRST	曲线渐近线	以差值极限识别渐近行为	verified	inherited_v2	配套习题/张宇1000题/02_强化篇/第05章_一元函数微分学的几何应用.md	293
ZY1000-QH-GS05-T19	L1_FIRST	曲线渐近线	以差值极限识别渐近行为	verified	inherited_v2	配套习题/张宇1000题/02_强化篇/第05章_一元函数微分学的几何应用.md	307
ZY1000-QH-GS05-T20	L1_FIRST	一元函数最值	由局部极限确定函数值差的主阶与符号	verified	corrected_v3	配套习题/张宇1000题/02_强化篇/第05章_一元函数微分学的几何应用.md	324
ZY1000-QH-GS05-T21	L1_FIRST	凹凸性与拐点	考察一阶导数图像的单调区间及分界两侧的改变	verified	corrected_v3	配套习题/张宇1000题/02_强化篇/第05章_一元函数微分学的几何应用.md	346
ZY1000-QH-GS05-T22	L1_FIRST	一元函数最值	导数符号与边界比较	verified	inherited_v2	配套习题/张宇1000题/02_强化篇/第05章_一元函数微分学的几何应用.md	364
ZY1000-QH-GS05-T23	L1_FIRST	一元函数最值	导数符号与边界比较	verified	inherited_v2	配套习题/张宇1000题/02_强化篇/第05章_一元函数微分学的几何应用.md	382
ZY1000-QH-GS05-T24	L1_FIRST	曲线切线与法线	用导数确定切线方向	verified	inherited_v2	配套习题/张宇1000题/02_强化篇/第05章_一元函数微分学的几何应用.md	400
ZY1000-QH-GS05-T25	L1_FIRST	一元函数最值	用切点参数建立切线截距长度并求最小值	verified	corrected_v3	配套习题/张宇1000题/02_强化篇/第05章_一元函数微分学的几何应用.md	414
ZY1000-QH-GS05-T26	L1_FIRST	一元函数最值	先按对数奇点分割可积表达式再优化参数	verified	corrected_v3	配套习题/张宇1000题/02_强化篇/第05章_一元函数微分学的几何应用.md	429
ZY1000-QH-GS05-T27	L1_FIRST	一阶线性微分方程	积分因子法	verified	corrected_v3	配套习题/张宇1000题/02_强化篇/第05章_一元函数微分学的几何应用.md	444
ZY1000-QH-GS05-T28	L1_FIRST	一阶线性微分方程	积分因子法	verified	corrected_v3	配套习题/张宇1000题/02_强化篇/第05章_一元函数微分学的几何应用.md	457
ZY1000-QH-GS05-T29	L1_FIRST	曲线渐近线	以差值极限识别渐近行为	verified	inherited_v2	配套习题/张宇1000题/02_强化篇/第05章_一元函数微分学的几何应用.md	470
ZY1000-QH-GS05-T30	L1_FIRST	曲线渐近线	以差值极限识别渐近行为	verified	inherited_v2	配套习题/张宇1000题/02_强化篇/第05章_一元函数微分学的几何应用.md	490
ZY1000-QH-GS05-T31	L1_FIRST	平面曲线曲率	按表示方式计算曲率	verified	inherited_v2	配套习题/张宇1000题/02_强化篇/第05章_一元函数微分学的几何应用.md	502
ZY1000-QH-GS05-T32	L1_FIRST	平面曲线曲率	按表示方式计算曲率	verified	inherited_v2	配套习题/张宇1000题/02_强化篇/第05章_一元函数微分学的几何应用.md	521
ZY1000-QH-GS05-T33	L1_FIRST	平面曲线曲率	按表示方式计算曲率	verified	inherited_v2	配套习题/张宇1000题/02_强化篇/第05章_一元函数微分学的几何应用.md	533
ZY1000-QH-GS06-T01	L1_FIRST	微分中值定理的应用	构造辅助函数并核对定理条件	verified	inherited_v2	配套习题/张宇1000题/02_强化篇/第06章_一元函数微分学的中值定理与微分等式不等式.md	7
ZY1000-QH-GS06-T02	L1_FIRST	微分中值定理的应用	构造辅助函数并核对定理条件	verified	inherited_v2	配套习题/张宇1000题/02_强化篇/第06章_一元函数微分学的中值定理与微分等式不等式.md	39
ZY1000-QH-GS06-T03	L1_FIRST	微分中值定理的应用	构造辅助函数并核对定理条件	verified	inherited_v2	配套习题/张宇1000题/02_强化篇/第06章_一元函数微分学的中值定理与微分等式不等式.md	67
ZY1000-QH-GS06-T04	L1_FIRST	微分中值定理的应用	构造辅助函数并核对定理条件	verified	corrected_v3	配套习题/张宇1000题/02_强化篇/第06章_一元函数微分学的中值定理与微分等式不等式.md	79
ZY1000-QH-GS06-T05	L1_FIRST	微分学证明不等式	构造差函数或比值函数分析单调性	verified	inherited_v2	配套习题/张宇1000题/02_强化篇/第06章_一元函数微分学的中值定理与微分等式不等式.md	100
ZY1000-QH-GS06-T06	L1_FIRST	微分学证明不等式	构造差函数或比值函数分析单调性	verified	corrected_v3	配套习题/张宇1000题/02_强化篇/第06章_一元函数微分学的中值定理与微分等式不等式.md	112
ZY1000-QH-GS06-T07	L1_FIRST	微分学证明不等式	端点泰勒估计及半区间缩放	verified	corrected_v3	配套习题/张宇1000题/02_强化篇/第06章_一元函数微分学的中值定理与微分等式不等式.md	125
ZY1000-QH-GS06-T08	L1_FIRST	微分学证明不等式	构造差函数或比值函数分析单调性	verified	inherited_v2	配套习题/张宇1000题/02_强化篇/第06章_一元函数微分学的中值定理与微分等式不等式.md	149
ZY1000-QH-GS06-T09	L1_FIRST	微分学证明不等式	构造差函数或比值函数分析单调性	verified	inherited_v2	配套习题/张宇1000题/02_强化篇/第06章_一元函数微分学的中值定理与微分等式不等式.md	176
ZY1000-QH-GS06-T10	L1_FIRST	微分中值定理的应用	积分中值定理结合严格单调性和局部展开	verified	corrected_v3	配套习题/张宇1000题/02_强化篇/第06章_一元函数微分学的中值定理与微分等式不等式.md	188
ZY1000-QH-GS06-T11	L1_FIRST	导数下界与函数值不等式	中值定理给出下界后用连续性获得存在点	verified	corrected_v3	配套习题/张宇1000题/02_强化篇/第06章_一元函数微分学的中值定理与微分等式不等式.md	209
ZY1000-QH-GS06-T12	L1_FIRST	微分中值定理的应用	构造辅助函数并核对定理条件	verified	inherited_v2	配套习题/张宇1000题/02_强化篇/第06章_一元函数微分学的中值定理与微分等式不等式.md	224
ZY1000-QH-GS06-T13	L1_FIRST	积分不等式与积分中值定理	积分性质或辅助函数估计	verified	inherited_v2	配套习题/张宇1000题/02_强化篇/第06章_一元函数微分学的中值定理与微分等式不等式.md	236
ZY1000-QH-GS06-T14	L1_FIRST	严格凹函数导数的逆像与点列极限	严格凹性确定导数反函数并分析驻点序列	verified	corrected_v3	配套习题/张宇1000题/02_强化篇/第06章_一元函数微分学的中值定理与微分等式不等式.md	269
ZY1000-QH-GS06-T15	L1_FIRST	凹凸性与拐点	用二阶对称差分与凸函数中点不等式证明等价性	verified	corrected_v3	配套习题/张宇1000题/02_强化篇/第06章_一元函数微分学的中值定理与微分等式不等式.md	290
ZY1000-QH-GS06-T16	L1_FIRST	连续函数零点的存在性与唯一性	介值定理与单调性	verified	inherited_v2	配套习题/张宇1000题/02_强化篇/第06章_一元函数微分学的中值定理与微分等式不等式.md	306
ZY1000-QH-GS06-T17	L1_FIRST	连续函数零点的存在性与唯一性	介值定理与单调性	verified	inherited_v2	配套习题/张宇1000题/02_强化篇/第06章_一元函数微分学的中值定理与微分等式不等式.md	316
ZY1000-QH-GS06-T18	L1_FIRST	微分学证明不等式	构造差函数或比值函数分析单调性	verified	inherited_v2	配套习题/张宇1000题/02_强化篇/第06章_一元函数微分学的中值定理与微分等式不等式.md	336
ZY1000-QH-GS06-T19	L1_FIRST	微分学证明不等式	构造差函数或比值函数分析单调性	verified	inherited_v2	配套习题/张宇1000题/02_强化篇/第06章_一元函数微分学的中值定理与微分等式不等式.md	348
ZY1000-QH-GS06-T20	L1_FIRST	微分学证明不等式	构造差函数或比值函数分析单调性	verified	inherited_v2	配套习题/张宇1000题/02_强化篇/第06章_一元函数微分学的中值定理与微分等式不等式.md	360
ZY1000-QH-GS06-T21	L1_FIRST	微分学证明不等式	构造差函数或比值函数分析单调性	verified	inherited_v2	配套习题/张宇1000题/02_强化篇/第06章_一元函数微分学的中值定理与微分等式不等式.md	378
ZY1000-QH-GS07-T01	L1_FIRST	相关变化率	对几何关系关于时间求导	verified	inherited_v2	配套习题/张宇1000题/02_强化篇/第07章_一元函数微分学的物理应用.md	7
ZY1000-QH-GS07-T02	L1_FIRST	相关变化率	对几何关系关于时间求导	verified	inherited_v2	配套习题/张宇1000题/02_强化篇/第07章_一元函数微分学的物理应用.md	19
ZY1000-QH-GS07-T03	L1_FIRST	相关变化率	切点参数的面积函数及相关变化率	needs_review	corrected_v3	配套习题/张宇1000题/02_强化篇/第07章_一元函数微分学的物理应用.md	30
ZY1000-QH-GS08-T01	L1_FIRST	积分定义求和式极限	化为黎曼和或估计误差	verified	inherited_v2	配套习题/张宇1000题/02_强化篇/第08章_一元函数积分学的概念与性质.md	7
ZY1000-QH-GS08-T02	L1_FIRST	积分定义求和式极限	化为黎曼和或估计误差	verified	inherited_v2	配套习题/张宇1000题/02_强化篇/第08章_一元函数积分学的概念与性质.md	22
ZY1000-QH-GS08-T03	L1_FIRST	积分定义求和式极限	化为黎曼和或估计误差	verified	inherited_v2	配套习题/张宇1000题/02_强化篇/第08章_一元函数积分学的概念与性质.md	65
ZY1000-QH-GS08-T04	L1_FIRST	积分不等式与积分中值定理	积分性质或辅助函数估计	verified	inherited_v2	配套习题/张宇1000题/02_强化篇/第08章_一元函数积分学的概念与性质.md	94
ZY1000-QH-GS08-T05	L1_FIRST	积分不等式与积分中值定理	积分性质或辅助函数估计	verified	inherited_v2	配套习题/张宇1000题/02_强化篇/第08章_一元函数积分学的概念与性质.md	112
ZY1000-QH-GS08-T06	L1_FIRST	积分不等式与积分中值定理	将积分条件配方为非负平方积分并用连续性	verified	corrected_v3	配套习题/张宇1000题/02_强化篇/第08章_一元函数积分学的概念与性质.md	129
ZY1000-QH-GS08-T07	L1_FIRST	变限积分求导	检查绝对值引入的分界及积分项消失阶	verified	corrected_v3	配套习题/张宇1000题/02_强化篇/第08章_一元函数积分学的概念与性质.md	152
ZY1000-QH-GS08-T08	L1_FIRST	平方积分约束的非线性自洽方程	用未知常数表示平方积分并回代求自洽条件	verified	corrected_v3	配套习题/张宇1000题/02_强化篇/第08章_一元函数积分学的概念与性质.md	173
ZY1000-QH-GS08-T09	L1_FIRST	反常积分敛散性与计算	化为端点极限并检查收敛	verified	inherited_v2	配套习题/张宇1000题/02_强化篇/第08章_一元函数积分学的概念与性质.md	188
ZY1000-QH-GS08-T10	L1_FIRST	反常积分敛散性与计算	化为端点极限并检查收敛	verified	inherited_v2	配套习题/张宇1000题/02_强化篇/第08章_一元函数积分学的概念与性质.md	206
ZY1000-QH-GS08-T11	L1_FIRST	参数反常积分的收敛域与极值	对数换元求参数函数后取极值	verified	corrected_v3	配套习题/张宇1000题/02_强化篇/第08章_一元函数积分学的概念与性质.md	223
ZY1000-QH-GS08-T12	L1_FIRST	反常积分敛散性与计算	化为端点极限并检查收敛	verified	inherited_v2	配套习题/张宇1000题/02_强化篇/第08章_一元函数积分学的概念与性质.md	243
ZY1000-QH-GS08-T13	L1_FIRST	反常积分敛散性与计算	化为端点极限并检查收敛	verified	inherited_v2	配套习题/张宇1000题/02_强化篇/第08章_一元函数积分学的概念与性质.md	262
ZY1000-QH-GS08-T14	L1_FIRST	反常积分敛散性与计算	化为端点极限并检查收敛	verified	inherited_v2	配套习题/张宇1000题/02_强化篇/第08章_一元函数积分学的概念与性质.md	307
ZY1000-QH-GS08-T15	L1_FIRST	反常积分敛散性与计算	化为端点极限并检查收敛	verified	inherited_v2	配套习题/张宇1000题/02_强化篇/第08章_一元函数积分学的概念与性质.md	321
ZY1000-QH-GS08-T16	L1_FIRST	反常积分敛散性与计算	化为端点极限并检查收敛	verified	inherited_v2	配套习题/张宇1000题/02_强化篇/第08章_一元函数积分学的概念与性质.md	337
ZY1000-QH-GS08-T17	L1_FIRST	一阶线性微分方程		needs_review	corrected_v3	配套习题/张宇1000题/02_强化篇/第08章_一元函数积分学的概念与性质.md	354
ZY1000-QH-GS08-T18	L1_FIRST	积分定义求和式极限	由积分定义求函数表达式后判定拐点	verified	corrected_v3	配套习题/张宇1000题/02_强化篇/第08章_一元函数积分学的概念与性质.md	371
ZY1000-QH-GS08-T19	L1_FIRST	积分定义求和式极限	化为黎曼和或估计误差	verified	inherited_v2	配套习题/张宇1000题/02_强化篇/第08章_一元函数积分学的概念与性质.md	386
ZY1000-QH-GS09-T01	L1_FIRST	定积分计算	积分变换与牛顿莱布尼茨公式	verified	inherited_v2	配套习题/张宇1000题/02_强化篇/第09章_一元函数积分学的计算.md	7
ZY1000-QH-GS09-T02	L1_FIRST	不定积分与原函数	部分分式分解	verified	corrected_v3	配套习题/张宇1000题/02_强化篇/第09章_一元函数积分学的计算.md	20
ZY1000-QH-GS09-T03	L1_FIRST	定积分计算	积分变换与牛顿莱布尼茨公式	verified	inherited_v2	配套习题/张宇1000题/02_强化篇/第09章_一元函数积分学的计算.md	33
ZY1000-QH-GS09-T04	L1_FIRST	不定积分与原函数	联立函数关系求解析式再积分	verified	corrected_v3	配套习题/张宇1000题/02_强化篇/第09章_一元函数积分学的计算.md	47
ZY1000-QH-GS09-T05	L1_FIRST	定积分计算	积分变换与牛顿莱布尼茨公式	verified	inherited_v2	配套习题/张宇1000题/02_强化篇/第09章_一元函数积分学的计算.md	58
ZY1000-QH-GS09-T06	L1_FIRST	定积分计算	积分变换与牛顿莱布尼茨公式	verified	inherited_v2	配套习题/张宇1000题/02_强化篇/第09章_一元函数积分学的计算.md	70
ZY1000-QH-GS09-T07	L1_FIRST	定积分计算	积分变换与牛顿莱布尼茨公式	verified	inherited_v2	配套习题/张宇1000题/02_强化篇/第09章_一元函数积分学的计算.md	89
ZY1000-QH-GS09-T08	L1_FIRST	定积分计算	积分变换与牛顿莱布尼茨公式	verified	inherited_v2	配套习题/张宇1000题/02_强化篇/第09章_一元函数积分学的计算.md	108
ZY1000-QH-GS09-T09	L1_FIRST	定积分计算	积分变换与牛顿莱布尼茨公式	verified	inherited_v2	配套习题/张宇1000题/02_强化篇/第09章_一元函数积分学的计算.md	123
ZY1000-QH-GS09-T10	L1_FIRST	定积分计算	积分变换与牛顿莱布尼茨公式	verified	inherited_v2	配套习题/张宇1000题/02_强化篇/第09章_一元函数积分学的计算.md	150
ZY1000-QH-GS09-T11	L1_FIRST	定积分计算	积分变换与牛顿莱布尼茨公式	verified	inherited_v2	配套习题/张宇1000题/02_强化篇/第09章_一元函数积分学的计算.md	165
ZY1000-QH-GS09-T12	L1_FIRST	不定积分与原函数	对称区间的对数反射配对	verified	corrected_v3	配套习题/张宇1000题/02_强化篇/第09章_一元函数积分学的计算.md	179
ZY1000-QH-GS09-T13	L1_FIRST	定积分计算	积分变换与牛顿莱布尼茨公式	verified	inherited_v2	配套习题/张宇1000题/02_强化篇/第09章_一元函数积分学的计算.md	193
ZY1000-QH-GS09-T14	L1_FIRST	可分离变量微分方程	分离变量积分后用初始条件选取正分支	verified	corrected_v3	配套习题/张宇1000题/02_强化篇/第09章_一元函数积分学的计算.md	206
ZY1000-QH-GS09-T15	L1_FIRST	定积分计算	积分变换与牛顿莱布尼茨公式	verified	inherited_v2	配套习题/张宇1000题/02_强化篇/第09章_一元函数积分学的计算.md	221
ZY1000-QH-GS09-T16	L1_FIRST	定积分计算	积分变换与牛顿莱布尼茨公式	verified	inherited_v2	配套习题/张宇1000题/02_强化篇/第09章_一元函数积分学的计算.md	234
ZY1000-QH-GS09-T17	L1_FIRST	反常积分敛散性与计算	化为端点极限并检查收敛	verified	inherited_v2	配套习题/张宇1000题/02_强化篇/第09章_一元函数积分学的计算.md	249
ZY1000-QH-GS09-T18	L1_FIRST	反常积分敛散性与计算	化为端点极限并检查收敛	verified	inherited_v2	配套习题/张宇1000题/02_强化篇/第09章_一元函数积分学的计算.md	261
ZY1000-QH-GS09-T19	L1_FIRST	变限积分求导	从单侧差商处理含参数对数积分的奇点	verified	corrected_v3	配套习题/张宇1000题/02_强化篇/第09章_一元函数积分学的计算.md	273
ZY1000-QH-GS09-T20	L1_FIRST	一元函数最值	参数积分凸性与端点比较	verified	corrected_v3	配套习题/张宇1000题/02_强化篇/第09章_一元函数积分学的计算.md	294
ZY1000-QH-GS09-T21	L1_FIRST	一元函数最值	按绝对值零点分割参数积分再求导	verified	corrected_v3	配套习题/张宇1000题/02_强化篇/第09章_一元函数积分学的计算.md	307
ZY1000-QH-GS09-T22	L1_FIRST	定积分计算	卷积支持截断后分部积分	verified	corrected_v3	配套习题/张宇1000题/02_强化篇/第09章_一元函数积分学的计算.md	322
ZY1000-QH-GS09-T23	L1_FIRST	反函数的一二阶导数	反函数求导公式与链式法则	verified	inherited_v2	配套习题/张宇1000题/02_强化篇/第09章_一元函数积分学的计算.md	337
ZY1000-QH-GS09-T24	L1_FIRST	高阶无穷小与局部展开	局部展开并比较首个非零项	verified	inherited_v2	配套习题/张宇1000题/02_强化篇/第09章_一元函数积分学的计算.md	350
ZY1000-QH-GS09-T25	L1_FIRST	定积分计算	积分变换与牛顿莱布尼茨公式	verified	inherited_v2	配套习题/张宇1000题/02_强化篇/第09章_一元函数积分学的计算.md	365
ZY1000-QH-GS09-T26	L1_FIRST	定积分计算	积分变换与牛顿莱布尼茨公式	verified	inherited_v2	配套习题/张宇1000题/02_强化篇/第09章_一元函数积分学的计算.md	377
ZY1000-QH-GS09-T27	L1_FIRST	可分离变量微分方程	分离变量积分	verified	corrected_v3	配套习题/张宇1000题/02_强化篇/第09章_一元函数积分学的计算.md	392
ZY1000-QH-GS09-T28	L1_FIRST	反常积分敛散性与计算	倒数换元检验收敛并利用积分反对称	verified	corrected_v3	配套习题/张宇1000题/02_强化篇/第09章_一元函数积分学的计算.md	408
ZY1000-QH-GS10-T01	L1_FIRST	曲线切线与法线	用导数确定切线方向	verified	inherited_v2	配套习题/张宇1000题/02_强化篇/第10章_一元函数积分学的几何应用.md	7
ZY1000-QH-GS10-T02	L1_FIRST	定积分表示平面区域面积	分区建立面积微元	verified	inherited_v2	配套习题/张宇1000题/02_强化篇/第10章_一元函数积分学的几何应用.md	18
ZY1000-QH-GS10-T03	L1_FIRST	定积分表示平面区域面积	分区建立面积微元	verified	inherited_v2	配套习题/张宇1000题/02_强化篇/第10章_一元函数积分学的几何应用.md	34
ZY1000-QH-GS10-T04	L1_FIRST	定积分的面积与旋转体体积应用	解微分方程并计算面积及旋转体积	verified	corrected_v3	配套习题/张宇1000题/02_强化篇/第10章_一元函数积分学的几何应用.md	45
ZY1000-QH-GS10-T05	L1_FIRST	旋转体体积	截面或壳层积分	verified	inherited_v2	配套习题/张宇1000题/02_强化篇/第10章_一元函数积分学的几何应用.md	64
ZY1000-QH-GS10-T06	L1_FIRST	无界平面区域的面积与旋转体体积	切线确定边界后分段积分与圆柱壳法	verified	corrected_v3	配套习题/张宇1000题/02_强化篇/第10章_一元函数积分学的几何应用.md	74
ZY1000-QH-GS10-T07	L1_FIRST	旋转体体积	截面或壳层积分	verified	inherited_v2	配套习题/张宇1000题/02_强化篇/第10章_一元函数积分学的几何应用.md	87
ZY1000-QH-GS10-T08	L1_FIRST	旋转体体积	截面或壳层积分	verified	corrected_v3	配套习题/张宇1000题/02_强化篇/第10章_一元函数积分学的几何应用.md	99
ZY1000-QH-GS10-T09	L1_FIRST	旋转体体积	截面或壳层积分	verified	inherited_v2	配套习题/张宇1000题/02_强化篇/第10章_一元函数积分学的几何应用.md	113
ZY1000-QH-GS10-T10	L1_FIRST	定积分表示平面区域面积	台阶面积求几何级数并扣除曲线下积分	verified	corrected_v3	配套习题/张宇1000题/02_强化篇/第10章_一元函数积分学的几何应用.md	126
ZY1000-QH-GS10-T11	L1_FIRST	旋转体体积	截面或壳层积分	verified	inherited_v2	配套习题/张宇1000题/02_强化篇/第10章_一元函数积分学的几何应用.md	139
ZY1000-QH-GS10-T12	L1_FIRST	积分方程转化为微分方程	变限积分代换后识别乘积导数	verified	corrected_v3	配套习题/张宇1000题/02_强化篇/第10章_一元函数积分学的几何应用.md	155
ZY1000-QH-GS10-T13	L1_FIRST	定积分计算	积分变换与牛顿莱布尼茨公式	verified	inherited_v2	配套习题/张宇1000题/02_强化篇/第10章_一元函数积分学的几何应用.md	170
ZY1000-QH-GS10-T14	L1_FIRST	定积分计算	积分变换与牛顿莱布尼茨公式	verified	inherited_v2	配套习题/张宇1000题/02_强化篇/第10章_一元函数积分学的几何应用.md	185
ZY1000-QH-GS10-T15	L1_FIRST	积分方程转化为微分方程	将缩放积分化为原函数并积分乘积关系	verified	corrected_v3	配套习题/张宇1000题/02_强化篇/第10章_一元函数积分学的几何应用.md	201
ZY1000-QH-GS10-T16	L1_FIRST	积分方程转化为微分方程	将缩放积分化为原函数并积分乘积关系	verified	corrected_v3	配套习题/张宇1000题/02_强化篇/第10章_一元函数积分学的几何应用.md	216
ZY1000-QH-GS10-T17	L1_FIRST	定积分表示平面区域面积	分区建立面积微元	verified	inherited_v2	配套习题/张宇1000题/02_强化篇/第10章_一元函数积分学的几何应用.md	232
ZY1000-QH-GS10-T18	L1_FIRST	定积分表示平面区域面积	分区建立面积微元	verified	inherited_v2	配套习题/张宇1000题/02_强化篇/第10章_一元函数积分学的几何应用.md	252
ZY1000-QH-GS10-T19	L1_FIRST	旋转体体积	截面或壳层积分	verified	inherited_v2	配套习题/张宇1000题/02_强化篇/第10章_一元函数积分学的几何应用.md	267
ZY1000-QH-GS10-T20	L1_FIRST	旋转体体积	截面或壳层积分	verified	inherited_v2	配套习题/张宇1000题/02_强化篇/第10章_一元函数积分学的几何应用.md	285
ZY1000-QH-GS10-T21	L1_FIRST	曲线弧长	选择曲线的自然自变量化简弧长微元	verified	corrected_v3	配套习题/张宇1000题/02_强化篇/第10章_一元函数积分学的几何应用.md	297
ZY1000-QH-GS10-T22	L1_FIRST	微分方程的类型辨识与求解	按题给平方代换化简方程后计算曲线弧长	verified	corrected_v3	配套习题/张宇1000题/02_强化篇/第10章_一元函数积分学的几何应用.md	317
ZY1000-QH-GS10-T23	L1_FIRST	曲线弧长	先积分得到非负分支并按有效实值区间计算弧长	verified	corrected_v3	配套习题/张宇1000题/02_强化篇/第10章_一元函数积分学的几何应用.md	339
ZY1000-QH-GS10-T24	L1_FIRST	积分表示质心与形心	把质心写成一阶矩比值并用严格凸性估计	verified	corrected_v3	配套习题/张宇1000题/02_强化篇/第10章_一元函数积分学的几何应用.md	354
ZY1000-QH-GS10-T25	L1_FIRST	旋转体体积	截面或壳层积分	verified	inherited_v2	配套习题/张宇1000题/02_强化篇/第10章_一元函数积分学的几何应用.md	366
ZY1000-QH-GS10-T26	L1_FIRST	旋转曲面的面积	旋转半径乘弧长微元积分	verified	inherited_v2	配套习题/张宇1000题/02_强化篇/第10章_一元函数积分学的几何应用.md	383
ZY1000-QH-GS11-T01	L1_FIRST	积分不等式与积分中值定理	先证正性再用对数辅助函数单调性	verified	corrected_v3	配套习题/张宇1000题/02_强化篇/第11章_一元函数积分学的积分等式与积分不等式.md	7
ZY1000-QH-GS11-T02	L1_FIRST	定积分计算	分部积分处理嵌套变限积分	verified	corrected_v3	配套习题/张宇1000题/02_强化篇/第11章_一元函数积分学的积分等式与积分不等式.md	41
ZY1000-QH-GS11-T03	L1_FIRST	积分不等式与积分中值定理	积分性质或辅助函数估计	verified	inherited_v2	配套习题/张宇1000题/02_强化篇/第11章_一元函数积分学的积分等式与积分不等式.md	59
ZY1000-QH-GS11-T04	L1_FIRST	定积分计算		needs_review	corrected_v3	配套习题/张宇1000题/02_强化篇/第11章_一元函数积分学的积分等式与积分不等式.md	97
ZY1000-QH-GS11-T05	L1_FIRST	积分不等式与积分中值定理	积分性质或辅助函数估计	verified	inherited_v2	配套习题/张宇1000题/02_强化篇/第11章_一元函数积分学的积分等式与积分不等式.md	112
ZY1000-QH-GS11-T06	L1_FIRST	积分不等式与积分中值定理	积分性质或辅助函数估计	verified	inherited_v2	配套习题/张宇1000题/02_强化篇/第11章_一元函数积分学的积分等式与积分不等式.md	147
ZY1000-QH-GS11-T07	L1_FIRST	积分不等式与积分中值定理	积分性质或辅助函数估计	verified	inherited_v2	配套习题/张宇1000题/02_强化篇/第11章_一元函数积分学的积分等式与积分不等式.md	165
ZY1000-QH-GS11-T08	L1_FIRST	连续函数零点的存在性与唯一性	先估计正弦积分再分析差函数单调性与端点	verified	corrected_v3	配套习题/张宇1000题/02_强化篇/第11章_一元函数积分学的积分等式与积分不等式.md	208
ZY1000-QH-GS11-T09	L1_FIRST	曲线弧长	利用严格凹性分割单调区间并比较弧长与坐标变化	verified	corrected_v3	配套习题/张宇1000题/02_强化篇/第11章_一元函数积分学的积分等式与积分不等式.md	233
ZY1000-QH-GS12-T01	L1_FIRST	物理量的积分建模	微元法建立累积量	verified	inherited_v2	配套习题/张宇1000题/02_强化篇/第12章_一元函数积分学的物理应用.md	7
ZY1000-QH-GS12-T02	L1_FIRST	物理量的积分建模	微元法建立累积量	verified	corrected_v3	配套习题/张宇1000题/02_强化篇/第12章_一元函数积分学的物理应用.md	27
ZY1000-QH-GS12-T03	L1_FIRST	物理量的积分建模	微元法建立累积量	verified	inherited_v2	配套习题/张宇1000题/02_强化篇/第12章_一元函数积分学的物理应用.md	40
ZY1000-QH-GS12-T04	L1_FIRST	积分表示质心与形心	质量矩除以总质量	verified	inherited_v2	配套习题/张宇1000题/02_强化篇/第12章_一元函数积分学的物理应用.md	51
ZY1000-QH-GS12-T05	L1_FIRST	积分表示质心与形心	质量矩除以总质量	verified	inherited_v2	配套习题/张宇1000题/02_强化篇/第12章_一元函数积分学的物理应用.md	78
ZY1000-QH-GS13-T01	L1_FIRST	偏导数与全微分	逐变量求导并组合微分	verified	inherited_v2	配套习题/张宇1000题/02_强化篇/第13章_多元函数微分学.md	7
ZY1000-QH-GS13-T02	L1_FIRST	偏导数与全微分	逐变量求导并组合微分	verified	inherited_v2	配套习题/张宇1000题/02_强化篇/第13章_多元函数微分学.md	20
ZY1000-QH-GS13-T03	L1_FIRST	多元函数极值	积分得到参数二次型后求驻点及正定性	verified	corrected_v3	配套习题/张宇1000题/02_强化篇/第13章_多元函数微分学.md	42
ZY1000-QH-GS13-T04	L1_FIRST	多元函数极限与连续可微性	路径检验与定义估计	verified	corrected_v3	配套习题/张宇1000题/02_强化篇/第13章_多元函数微分学.md	63
ZY1000-QH-GS13-T05	L1_FIRST	全微分方程	检验恰当性并构造势函数	verified	inherited_v2	配套习题/张宇1000题/02_强化篇/第13章_多元函数微分学.md	82
ZY1000-QH-GS13-T06	L1_FIRST	偏导数与全微分	代入齐次变量形式将偏导关系化为一元方程	verified	corrected_v3	配套习题/张宇1000题/02_强化篇/第13章_多元函数微分学.md	94
ZY1000-QH-GS13-T07	L1_FIRST	多元函数极限与连续可微性	路径检验与定义估计	verified	inherited_v2	配套习题/张宇1000题/02_强化篇/第13章_多元函数微分学.md	113
ZY1000-QH-GS13-T08	L1_FIRST	偏导数与全微分	逐变量求导并组合微分	verified	inherited_v2	配套习题/张宇1000题/02_强化篇/第13章_多元函数微分学.md	130
ZY1000-QH-GS13-T09	L1_FIRST	偏导数与全微分	逐变量求导并组合微分	verified	inherited_v2	配套习题/张宇1000题/02_强化篇/第13章_多元函数微分学.md	142
ZY1000-QH-GS13-T10	L1_FIRST	偏导数与全微分	逐变量求导并组合微分	verified	inherited_v2	配套习题/张宇1000题/02_强化篇/第13章_多元函数微分学.md	157
ZY1000-QH-GS13-T11	L1_FIRST	多元隐函数求导及存在性	隐函数定理与隐式偏导	verified	inherited_v2	配套习题/张宇1000题/02_强化篇/第13章_多元函数微分学.md	172
ZY1000-QH-GS13-T12	L1_FIRST	多元隐函数求导及存在性	隐函数定理与隐式偏导	verified	inherited_v2	配套习题/张宇1000题/02_强化篇/第13章_多元函数微分学.md	185
ZY1000-QH-GS13-T13	L1_FIRST	全微分方程	检验恰当性并构造势函数	verified	inherited_v2	配套习题/张宇1000题/02_强化篇/第13章_多元函数微分学.md	197
ZY1000-QH-GS13-T14	L1_FIRST	多元隐函数求导及存在性	隐函数定理与隐式偏导	verified	inherited_v2	配套习题/张宇1000题/02_强化篇/第13章_多元函数微分学.md	215
ZY1000-QH-GS13-T15	L1_FIRST	多元隐函数求导及存在性	隐函数定理与隐式偏导	verified	inherited_v2	配套习题/张宇1000题/02_强化篇/第13章_多元函数微分学.md	229
ZY1000-QH-GS13-T16	L1_FIRST	偏导数与全微分	逐变量求导并组合微分	verified	inherited_v2	配套习题/张宇1000题/02_强化篇/第13章_多元函数微分学.md	245
ZY1000-QH-GS13-T17	L1_FIRST	多元隐函数求导及存在性	隐函数定理与隐式偏导	verified	inherited_v2	配套习题/张宇1000题/02_强化篇/第13章_多元函数微分学.md	263
ZY1000-QH-GS13-T18	L1_FIRST	多元隐函数求导及存在性	隐函数定理与隐式偏导	verified	inherited_v2	配套习题/张宇1000题/02_强化篇/第13章_多元函数微分学.md	287
ZY1000-QH-GS13-T19	L1_FIRST	多元隐函数求导及存在性	隐函数定理与隐式偏导	verified	inherited_v2	配套习题/张宇1000题/02_强化篇/第13章_多元函数微分学.md	301
ZY1000-QH-GS13-T20	L1_FIRST	多元隐函数求导及存在性	隐函数定理与隐式偏导	verified	inherited_v2	配套习题/张宇1000题/02_强化篇/第13章_多元函数微分学.md	318
ZY1000-QH-GS13-T21	L1_FIRST	多元隐函数求导及存在性	隐函数定理与隐式偏导	verified	inherited_v2	配套习题/张宇1000题/02_强化篇/第13章_多元函数微分学.md	331
ZY1000-QH-GS13-T22	L1_FIRST	条件极值	拉格朗日乘数法	verified	inherited_v2	配套习题/张宇1000题/02_强化篇/第13章_多元函数微分学.md	346
ZY1000-QH-GS13-T23	L1_FIRST	多元函数极值	驻点与二阶判别	verified	inherited_v2	配套习题/张宇1000题/02_强化篇/第13章_多元函数微分学.md	359
ZY1000-QH-GS13-T24	L1_FIRST	多元函数极值	驻点与二阶判别	verified	inherited_v2	配套习题/张宇1000题/02_强化篇/第13章_多元函数微分学.md	372
ZY1000-QH-GS13-T25	L1_FIRST	多元函数极值	驻点与二阶判别	verified	inherited_v2	配套习题/张宇1000题/02_强化篇/第13章_多元函数微分学.md	396
ZY1000-QH-GS13-T26	L1_FIRST	多元函数极值	驻点与二阶判别	verified	inherited_v2	配套习题/张宇1000题/02_强化篇/第13章_多元函数微分学.md	411
ZY1000-QH-GS13-T27	L1_FIRST	多元函数极值	驻点与二阶判别	verified	inherited_v2	配套习题/张宇1000题/02_强化篇/第13章_多元函数微分学.md	423
ZY1000-QH-GS13-T28	L1_FIRST	条件极值	拉格朗日乘数法	verified	inherited_v2	配套习题/张宇1000题/02_强化篇/第13章_多元函数微分学.md	435
ZY1000-QH-GS13-T29	L1_FIRST	条件极值	拉格朗日乘数法	verified	inherited_v2	配套习题/张宇1000题/02_强化篇/第13章_多元函数微分学.md	447
ZY1000-QH-GS13-T30	L1_FIRST	条件极值	拉格朗日乘数法	verified	inherited_v2	配套习题/张宇1000题/02_强化篇/第13章_多元函数微分学.md	459
ZY1000-QH-GS13-T31	L1_FIRST	条件极值	拉格朗日乘数法	verified	inherited_v2	配套习题/张宇1000题/02_强化篇/第13章_多元函数微分学.md	469
ZY1000-QH-GS13-T32	L1_FIRST	条件极值	拉格朗日乘数法	verified	inherited_v2	配套习题/张宇1000题/02_强化篇/第13章_多元函数微分学.md	481
ZY1000-QH-GS13-T33	L1_FIRST	多元函数极值	积分恢复函数并利用边界关系确定任意函数	verified	corrected_v3	配套习题/张宇1000题/02_强化篇/第13章_多元函数微分学.md	493
ZY1000-QH-GS13-T34	L1_FIRST	条件极值	拉格朗日乘数法	verified	inherited_v2	配套习题/张宇1000题/02_强化篇/第13章_多元函数微分学.md	510
ZY1000-QH-GS13-T35	L1_FIRST	带参数的球面约束最大值	固定一坐标用乘积界降维后比较端点与驻点	verified	corrected_v3	配套习题/张宇1000题/02_强化篇/第13章_多元函数微分学.md	522
ZY1000-QH-GS13-T36	L1_FIRST	条件极值	拉格朗日乘数法	verified	inherited_v2	配套习题/张宇1000题/02_强化篇/第13章_多元函数微分学.md	537
ZY1000-QH-GS13-T37	L1_FIRST	条件极值	拉格朗日乘数法	verified	inherited_v2	配套习题/张宇1000题/02_强化篇/第13章_多元函数微分学.md	549
ZY1000-QH-GS13-T38	L1_FIRST	二阶偏导方程的内部最小值原理	假设内部负最小值并用二阶导数符号导出矛盾	verified	corrected_v3	配套习题/张宇1000题/02_强化篇/第13章_多元函数微分学.md	561
ZY1000-QH-GS13-T39	L1_FIRST	偏导约束恢复函数与闭域最值	变量变换解偏导约束后计算闭区域极值	verified	corrected_v3	配套习题/张宇1000题/02_强化篇/第13章_多元函数微分学.md	577
ZY1000-QH-GS13-T40	L1_FIRST	偏导数与全微分	链式法则变换方程并由边界条件恢复函数	verified	corrected_v3	配套习题/张宇1000题/02_强化篇/第13章_多元函数微分学.md	604
ZY1000-QH-GS14-T01	L1_FIRST	积分定义求和式极限	化为黎曼和或估计误差	verified	inherited_v2	配套习题/张宇1000题/02_强化篇/第14章_二重积分.md	7
ZY1000-QH-GS14-T02	L1_FIRST	二重积分性质与大小比较	利用区域和被积函数符号及对称性	verified	inherited_v2	配套习题/张宇1000题/02_强化篇/第14章_二重积分.md	22
ZY1000-QH-GS14-T03	L1_FIRST	二重积分性质与大小比较	利用区域和被积函数符号及对称性	verified	inherited_v2	配套习题/张宇1000题/02_强化篇/第14章_二重积分.md	40
ZY1000-QH-GS14-T04	L1_FIRST	三角域卷积积分的常数约束	对函数关系积分后将三角域卷积对称化	verified	corrected_v3	配套习题/张宇1000题/02_强化篇/第14章_二重积分.md	62
ZY1000-QH-GS14-T05	L1_FIRST	二重积分性质与大小比较	利用区域和被积函数符号及对称性	verified	inherited_v2	配套习题/张宇1000题/02_强化篇/第14章_二重积分.md	72
ZY1000-QH-GS14-T06	L1_FIRST	二重积分计算		needs_review	corrected_v3	配套习题/张宇1000题/02_强化篇/第14章_二重积分.md	92
ZY1000-QH-GS14-T07	L1_FIRST	二重积分计算	和差坐标变换后分区累次积分	verified	corrected_v3	配套习题/张宇1000题/02_强化篇/第14章_二重积分.md	122
ZY1000-QH-GS14-T08	L1_FIRST	二重积分计算	椭圆横向切片的端点原函数抵消	verified	corrected_v3	配套习题/张宇1000题/02_强化篇/第14章_二重积分.md	136
ZY1000-QH-GS14-T09	L1_FIRST	二重积分计算	横变量与比例变量的矩形化换元	verified	corrected_v3	配套习题/张宇1000题/02_强化篇/第14章_二重积分.md	149
ZY1000-QH-GS14-T10	L1_FIRST	二重积分计算	有向积分换序后的区间长度消项	verified	corrected_v3	配套习题/张宇1000题/02_强化篇/第14章_二重积分.md	164
ZY1000-QH-GS14-T11	L1_FIRST	二重积分计算	圆盘对称性与二次矩积分	verified	corrected_v3	配套习题/张宇1000题/02_强化篇/第14章_二重积分.md	177
ZY1000-QH-GS14-T12	L1_FIRST	二重积分计算	椭圆尺度变换与偶次矩	verified	corrected_v3	配套习题/张宇1000题/02_强化篇/第14章_二重积分.md	190
ZY1000-QH-GS14-T13	L1_FIRST	二重积分计算	菱形环带的和比例坐标换元	verified	corrected_v3	配套习题/张宇1000题/02_强化篇/第14章_二重积分.md	209
ZY1000-QH-GS14-T14	L1_FIRST	二重积分计算	三角域的直角坐标累次积分	verified	corrected_v3	配套习题/张宇1000题/02_强化篇/第14章_二重积分.md	223
ZY1000-QH-GS14-T15	L1_FIRST	二重积分计算	对称抛物线带先积纵变量	verified	corrected_v3	配套习题/张宇1000题/02_强化篇/第14章_二重积分.md	235
ZY1000-QH-GS14-T16	L1_FIRST	二重积分计算	半圆截域的双绝对值分区	verified	corrected_v3	配套习题/张宇1000题/02_强化篇/第14章_二重积分.md	249
ZY1000-QH-GS14-T17	L1_FIRST	二重积分计算	圆盘内的二次表达符号分区	verified	corrected_v3	配套习题/张宇1000题/02_强化篇/第14章_二重积分.md	262
ZY1000-QH-GS14-T18	L1_FIRST	二重积分计算		needs_review	corrected_v3	配套习题/张宇1000题/02_强化篇/第14章_二重积分.md	275
ZY1000-QH-GS14-T19	L1_FIRST	二重积分计算	双偏心圆带的极坐标积分	verified	corrected_v3	配套习题/张宇1000题/02_强化篇/第14章_二重积分.md	287
ZY1000-QH-GS14-T20	L1_FIRST	二重积分计算	拼接直线圆弧域后作极坐标分段	verified	corrected_v3	配套习题/张宇1000题/02_强化篇/第14章_二重积分.md	300
ZY1000-QH-GS14-T21	L1_FIRST	二重积分计算	最大值函数的对角分区与平方换元	verified	corrected_v3	配套习题/张宇1000题/02_强化篇/第14章_二重积分.md	319
ZY1000-QH-GS14-T22	L1_FIRST	二重积分计算	多项式三角域累次积分	verified	corrected_v3	配套习题/张宇1000题/02_强化篇/第14章_二重积分.md	332
ZY1000-QH-GS14-T23	L1_FIRST	二重积分计算	换序取得幂权后平方换元	verified	corrected_v3	配套习题/张宇1000题/02_强化篇/第14章_二重积分.md	344
ZY1000-QH-GS14-T24	L1_FIRST	二重积分计算	上半圆盘差的平移矩积分	verified	corrected_v3	配套习题/张宇1000题/02_强化篇/第14章_二重积分.md	355
ZY1000-QH-GS14-T25	L1_FIRST	二重积分计算	偏心圆盘平移后的二次矩	verified	corrected_v3	配套习题/张宇1000题/02_强化篇/第14章_二重积分.md	368
ZY1000-QH-GS14-T26	L1_FIRST	二重积分计算	菱形对称归约后的和比例换元	verified	corrected_v3	配套习题/张宇1000题/02_强化篇/第14章_二重积分.md	381
ZY1000-QH-GS14-T27	L1_FIRST	二重积分计算	非负无界斜带积分换序	verified	corrected_v3	配套习题/张宇1000题/02_强化篇/第14章_二重积分.md	391
ZY1000-QH-GS14-T28	L1_FIRST	变限积分求导	对双层变限积分应用莱布尼茨法则	verified	corrected_v3	配套习题/张宇1000题/02_强化篇/第14章_二重积分.md	406
ZY1000-QH-GS14-T29	L1_FIRST	二重积分计算	偏心圆域的线性矩对称性	verified	corrected_v3	配套习题/张宇1000题/02_强化篇/第14章_二重积分.md	421
ZY1000-QH-GS14-T30	L1_FIRST	二重积分计算	矩形内指数曲线的绝对值分区	verified	corrected_v3	配套习题/张宇1000题/02_强化篇/第14章_二重积分.md	434
ZY1000-QH-GS14-T31	L1_FIRST	二重积分计算	三角域内圆弧分界的极坐标修正积分	verified	corrected_v3	配套习题/张宇1000题/02_强化篇/第14章_二重积分.md	446
ZY1000-QH-GS14-T32	L1_FIRST	二重积分计算	有向三角域换序后分项积分	verified	corrected_v3	配套习题/张宇1000题/02_强化篇/第14章_二重积分.md	459
ZY1000-QH-GS14-T33	L1_FIRST	二重积分计算	极坐标参数域按最小径向上限分段	verified	corrected_v3	配套习题/张宇1000题/02_强化篇/第14章_二重积分.md	472
ZY1000-QH-GS14-T34	L1_FIRST	含未知二重积分的常数自洽方程	把整区间积分视为未知常数并回代积分	verified	corrected_v3	配套习题/张宇1000题/02_强化篇/第14章_二重积分.md	488
ZY1000-QH-GS14-T35	L1_FIRST	二重积分计算	和变量与抛物线比例变量换元	verified	corrected_v3	配套习题/张宇1000题/02_强化篇/第14章_二重积分.md	504
ZY1000-QH-GS14-T36	L1_FIRST	二重积分计算	径向二次域的极坐标换元	verified	corrected_v3	配套习题/张宇1000题/02_强化篇/第14章_二重积分.md	517
ZY1000-QH-GS14-T37	L1_FIRST	二重积分计算	矩形减半圆域的多项式矩积分	verified	corrected_v3	配套习题/张宇1000题/02_强化篇/第14章_二重积分.md	534
ZY1000-QH-GS14-T38	L1_FIRST	二重积分计算	受平方差限制的扇形极坐标积分	verified	corrected_v3	配套习题/张宇1000题/02_强化篇/第14章_二重积分.md	545
ZY1000-QH-GS14-T39	L1_FIRST	二重积分计算	乘积比例坐标的矩形化换元	verified	corrected_v3	配套习题/张宇1000题/02_强化篇/第14章_二重积分.md	558
ZY1000-QH-GS14-T40	L1_FIRST	嵌套高斯积分的系数归约		needs_review	corrected_v3	配套习题/张宇1000题/02_强化篇/第14章_二重积分.md	571
ZY1000-QH-GS14-T41	L1_FIRST	积分不等式与积分中值定理	先计算权积分再由积分平均值给出存在性	verified	corrected_v3	配套习题/张宇1000题/02_强化篇/第14章_二重积分.md	595
ZY1000-QH-GS15-T01	L1_FIRST	可化为可分离变量的微分方程	用齐次变量代换化为可分离方程	verified	corrected_v3	配套习题/张宇1000题/02_强化篇/第15章_微分方程.md	7
ZY1000-QH-GS15-T02	L1_FIRST	一阶线性微分方程	分析通解积分因子在无穷远的衰减	verified	corrected_v3	配套习题/张宇1000题/02_强化篇/第15章_微分方程.md	17
ZY1000-QH-GS15-T03	L1_FIRST	一阶线性微分方程	沿对角线使用链式法则建立一阶线性方程	verified	corrected_v3	配套习题/张宇1000题/02_强化篇/第15章_微分方程.md	36
ZY1000-QH-GS15-T04	L1_FIRST	一阶稳定线性方程解的有界性与极限	积分因子表示与积分估计	verified	inherited_v2	配套习题/张宇1000题/02_强化篇/第15章_微分方程.md	49
ZY1000-QH-GS15-T05	L1_FIRST	常系数齐次线性微分方程	把周期或可积性要求转成特征根条件	verified	corrected_v3	配套习题/张宇1000题/02_强化篇/第15章_微分方程.md	83
ZY1000-QH-GS15-T06	L1_FIRST	常系数齐次线性微分方程	把周期或可积性要求转成特征根条件	verified	corrected_v3	配套习题/张宇1000题/02_强化篇/第15章_微分方程.md	98
ZY1000-QH-GS15-T07	L1_FIRST	由解反求常系数微分方程	代入或由特征根重数反推系数	verified	inherited_v2	配套习题/张宇1000题/02_强化篇/第15章_微分方程.md	117
ZY1000-QH-GS15-T08	L1_FIRST	可分离变量微分方程	由可微增量获取导数关系并代入初值	verified	corrected_v3	配套习题/张宇1000题/02_强化篇/第15章_微分方程.md	130
ZY1000-QH-GS15-T09	L1_FIRST	一阶线性微分方程	以原自变量作为未知函数求一阶线性方程	verified	corrected_v3	配套习题/张宇1000题/02_强化篇/第15章_微分方程.md	151
ZY1000-QH-GS15-T10	L1_FIRST	线性微分方程解的结构	用两个非齐次解之差恢复齐次系数	verified	corrected_v3	配套习题/张宇1000题/02_强化篇/第15章_微分方程.md	163
ZY1000-QH-GS15-T11	L1_FIRST	积分方程转化为微分方程	积分变换后对参数求导	verified	inherited_v2	配套习题/张宇1000题/02_强化篇/第15章_微分方程.md	174
ZY1000-QH-GS15-T12	L1_FIRST	积分方程转化为微分方程	积分变换后对参数求导	verified	inherited_v2	配套习题/张宇1000题/02_强化篇/第15章_微分方程.md	189
ZY1000-QH-GS15-T13	L1_FIRST	积分方程转化为微分方程	积分变换后对参数求导	verified	inherited_v2	配套习题/张宇1000题/02_强化篇/第15章_微分方程.md	209
ZY1000-QH-GS15-T14	L1_FIRST	一阶线性微分方程	先求通解再用二阶导数变号约束参数	verified	corrected_v3	配套习题/张宇1000题/02_强化篇/第15章_微分方程.md	225
ZY1000-QH-GS15-T15	L1_FIRST	积分方程转化为微分方程	对积分关系求导并用稳定方程的端点关系计算总积分	verified	corrected_v3	配套习题/张宇1000题/02_强化篇/第15章_微分方程.md	236
ZY1000-QH-GS15-T16	L1_FIRST	一阶线性微分方程	积分因子法	verified	inherited_v2	配套习题/张宇1000题/02_强化篇/第15章_微分方程.md	255
ZY1000-QH-GS15-T17	L1_FIRST	一阶线性微分方程	积分因子法	verified	inherited_v2	配套习题/张宇1000题/02_强化篇/第15章_微分方程.md	271
ZY1000-QH-GS15-T18	L1_FIRST	一阶线性微分方程	积分因子法	verified	inherited_v2	配套习题/张宇1000题/02_强化篇/第15章_微分方程.md	282
ZY1000-QH-GS15-T19	L1_FIRST	一阶线性微分方程	积分因子法	verified	inherited_v2	配套习题/张宇1000题/02_强化篇/第15章_微分方程.md	296
ZY1000-QH-GS15-T20	L1_FIRST	积分方程转化为微分方程	积分变换后对参数求导	verified	corrected_v3	配套习题/张宇1000题/02_强化篇/第15章_微分方程.md	313
ZY1000-QH-GS15-T21	L1_FIRST	可化为可分离变量的微分方程	以函数与自变量之差为新未知量分离变量	verified	corrected_v3	配套习题/张宇1000题/02_强化篇/第15章_微分方程.md	335
ZY1000-QH-GS15-T22	L1_FIRST	一阶线性微分方程	积分因子法	verified	inherited_v2	配套习题/张宇1000题/02_强化篇/第15章_微分方程.md	348
ZY1000-QH-GS15-T23	L1_FIRST	一阶线性微分方程	积分因子法	verified	inherited_v2	配套习题/张宇1000题/02_强化篇/第15章_微分方程.md	359
ZY1000-QH-GS15-T24	L1_FIRST	常系数齐次线性微分方程	特征方程与初始条件	verified	inherited_v2	配套习题/张宇1000题/02_强化篇/第15章_微分方程.md	370
ZY1000-QH-GS15-T25	L1_FIRST	常系数非齐次线性微分方程	齐次通解与待定系数特解	verified	inherited_v2	配套习题/张宇1000题/02_强化篇/第15章_微分方程.md	385
ZY1000-QH-GS15-T26	L1_FIRST	常系数非齐次线性微分方程	齐次通解与待定系数特解	verified	inherited_v2	配套习题/张宇1000题/02_强化篇/第15章_微分方程.md	397
ZY1000-QH-GS15-T27	L1_FIRST	由解反求常系数微分方程	代入或由特征根重数反推系数	verified	inherited_v2	配套习题/张宇1000题/02_强化篇/第15章_微分方程.md	407
ZY1000-QH-GS15-T28	L1_FIRST	常系数齐次线性微分方程	将无穷小等价转化为初始导数条件	verified	corrected_v3	配套习题/张宇1000题/02_强化篇/第15章_微分方程.md	419
ZY1000-QH-GS15-T29	L1_FIRST	可降阶的高阶微分方程	已知一解后以乘积代换构造第二个线性无关解	verified	corrected_v3	配套习题/张宇1000题/02_强化篇/第15章_微分方程.md	430
ZY1000-QH-GS15-T30	L1_FIRST	常系数非齐次线性微分方程	交换因自变量将方程转为常系数非齐次方程	verified	corrected_v3	配套习题/张宇1000题/02_强化篇/第15章_微分方程.md	447
ZY1000-QH-GS15-T31	L1_FIRST	对数变量代换的二阶微分方程		needs_review	corrected_v3	配套习题/张宇1000题/02_强化篇/第15章_微分方程.md	459
ZY1000-QH-GS15-T32	L1_FIRST	欧拉型微分方程	对函数关系求导得欧拉方程，解后回代原关系限制常数	verified	corrected_v3	配套习题/张宇1000题/02_强化篇/第15章_微分方程.md	478
ZY1000-QH-GS15-T33	L1_FIRST	可分离变量微分方程	将偏导关系分离为各变量相同常数的常微分方程	verified	corrected_v3	配套习题/张宇1000题/02_强化篇/第15章_微分方程.md	495
ZY1000-QH-GS15-T34	L1_FIRST	积分方程转化为微分方程	积分变换后对参数求导	verified	inherited_v2	配套习题/张宇1000题/02_强化篇/第15章_微分方程.md	523
ZY1000-QH-GS15-T35	L1_FIRST	微分方程建模	把几何或变化率条件转为微分关系	verified	inherited_v2	配套习题/张宇1000题/02_强化篇/第15章_微分方程.md	546
ZY1000-QH-GS15-T36	L1_FIRST	微分方程建模	把几何或变化率条件转为微分关系	verified	corrected_v3	配套习题/张宇1000题/02_强化篇/第15章_微分方程.md	558
ZY1000-QH-GS15-T37	L1_FIRST	微分方程建模	把几何或变化率条件转为微分关系	verified	inherited_v2	配套习题/张宇1000题/02_强化篇/第15章_微分方程.md	572
ZY1000-QH-GS15-T38	L1_FIRST	可降阶的高阶微分方程	以一阶导数为因变量作能量型降阶并使用初值	verified	corrected_v3	配套习题/张宇1000题/02_强化篇/第15章_微分方程.md	585
ZY1000-QH-GS15-T39	L1_FIRST	微分方程初值点的定义域与唯一性条件		needs_review	corrected_v3	配套习题/张宇1000题/02_强化篇/第15章_微分方程.md	596
ZY1000-QH-GS15-T40	L1_FIRST	全微分方程	检验恰当性并构造势函数	verified	corrected_v3	配套习题/张宇1000题/02_强化篇/第15章_微分方程.md	611
ZY1000-QH-GS16-T01	L1_FIRST	数项级数敛散性	按项的性质选择收敛判据	verified	inherited_v2	配套习题/张宇1000题/02_强化篇/第16章_无穷级数.md	7
ZY1000-QH-GS16-T02	L1_FIRST	数项级数敛散性	按项的性质选择收敛判据	verified	inherited_v2	配套习题/张宇1000题/02_强化篇/第16章_无穷级数.md	24
ZY1000-QH-GS16-T03	L1_FIRST	数项级数敛散性	按项的性质选择收敛判据	verified	inherited_v2	配套习题/张宇1000题/02_强化篇/第16章_无穷级数.md	47
ZY1000-QH-GS16-T04	L1_FIRST	幂级数的收敛域	求收敛半径并逐端点检查	verified	inherited_v2	配套习题/张宇1000题/02_强化篇/第16章_无穷级数.md	62
ZY1000-QH-GS16-T05	L1_FIRST	数项级数敛散性	按项的性质选择收敛判据	verified	inherited_v2	配套习题/张宇1000题/02_强化篇/第16章_无穷级数.md	90
ZY1000-QH-GS16-T06	L1_FIRST	数项级数敛散性	按项的性质选择收敛判据	verified	inherited_v2	配套习题/张宇1000题/02_强化篇/第16章_无穷级数.md	128
ZY1000-QH-GS16-T07	L1_FIRST	数项级数敛散性	指数关系的小量比较与级数控制	verified	corrected_v3	配套习题/张宇1000题/02_强化篇/第16章_无穷级数.md	148
ZY1000-QH-GS16-T08	L1_FIRST	函数的幂级数展开	已知幂级数的代换与运算	verified	inherited_v2	配套习题/张宇1000题/02_强化篇/第16章_无穷级数.md	168
ZY1000-QH-GS16-T09	L1_FIRST	级数求和与和函数	逐项运算或与已知级数比较	verified	corrected_v3	配套习题/张宇1000题/02_强化篇/第16章_无穷级数.md	187
ZY1000-QH-GS16-T10	L1_FIRST	数项级数敛散性	递推误差的几何界与望远镜部分和	verified	corrected_v3	配套习题/张宇1000题/02_强化篇/第16章_无穷级数.md	203
ZY1000-QH-GS16-T11	L1_FIRST	数项级数敛散性	先解联立微分约束再检查级数通项是否趋零	verified	corrected_v3	配套习题/张宇1000题/02_强化篇/第16章_无穷级数.md	227
ZY1000-QH-GS16-T12	L1_FIRST	幂级数的收敛域	求收敛半径并逐端点检查	verified	inherited_v2	配套习题/张宇1000题/02_强化篇/第16章_无穷级数.md	243
ZY1000-QH-GS16-T13	L1_FIRST	幂级数的收敛域	求收敛半径并逐端点检查	verified	inherited_v2	配套习题/张宇1000题/02_强化篇/第16章_无穷级数.md	261
ZY1000-QH-GS16-T14	L1_FIRST	幂级数的收敛域	求收敛半径并逐端点检查	verified	inherited_v2	配套习题/张宇1000题/02_强化篇/第16章_无穷级数.md	278
ZY1000-QH-GS16-T15	L1_FIRST	级数求和与和函数	逐项运算或与已知级数比较	verified	corrected_v3	配套习题/张宇1000题/02_强化篇/第16章_无穷级数.md	310
ZY1000-QH-GS16-T16	L1_FIRST	级数求和与和函数	逐项运算或与已知级数比较	verified	inherited_v2	配套习题/张宇1000题/02_强化篇/第16章_无穷级数.md	332
ZY1000-QH-GS16-T17	L1_FIRST	级数求和与和函数	逐项运算或与已知级数比较	verified	corrected_v3	配套习题/张宇1000题/02_强化篇/第16章_无穷级数.md	346
ZY1000-QH-GS16-T18	L1_FIRST	级数求和与和函数	逐项运算或与已知级数比较	verified	corrected_v3	配套习题/张宇1000题/02_强化篇/第16章_无穷级数.md	365
ZY1000-QH-GS16-T19	L1_FIRST	级数求和与和函数	逐项运算或与已知级数比较	verified	corrected_v3	配套习题/张宇1000题/02_强化篇/第16章_无穷级数.md	385
ZY1000-QH-GS16-T20	L1_FIRST	级数求和与和函数	逐项运算或与已知级数比较	verified	inherited_v2	配套习题/张宇1000题/02_强化篇/第16章_无穷级数.md	403
ZY1000-QH-GS16-T21	L1_FIRST	级数求和与和函数	逐项运算或与已知级数比较	verified	inherited_v2	配套习题/张宇1000题/02_强化篇/第16章_无穷级数.md	419
ZY1000-QH-GS16-T22	L1_FIRST	级数求和与和函数	逐项运算或与已知级数比较	verified	inherited_v2	配套习题/张宇1000题/02_强化篇/第16章_无穷级数.md	435
ZY1000-QH-GS16-T23	L1_FIRST	级数求和与和函数	逐项运算或与已知级数比较	verified	corrected_v3	配套习题/张宇1000题/02_强化篇/第16章_无穷级数.md	454
ZY1000-QH-GS16-T24	L1_FIRST	数项级数敛散性	先估计积分和对数比值再比较小量的阶	verified	corrected_v3	配套习题/张宇1000题/02_强化篇/第16章_无穷级数.md	473
ZY1000-QH-GS16-T25	L1_FIRST	级数求和与和函数	逐项运算或与已知级数比较	verified	inherited_v2	配套习题/张宇1000题/02_强化篇/第16章_无穷级数.md	497
ZY1000-QH-GS16-T26	L1_FIRST	级数求和与和函数	逐项运算或与已知级数比较	verified	corrected_v3	配套习题/张宇1000题/02_强化篇/第16章_无穷级数.md	513
ZY1000-QH-GS16-T27	L1_FIRST	级数求和与和函数	在收敛域内逐项求导并验证微分关系和端点极限	verified	corrected_v3	配套习题/张宇1000题/02_强化篇/第16章_无穷级数.md	531
ZY1000-QH-GS16-T28	L1_FIRST	函数的幂级数展开	已知幂级数的代换与运算	verified	inherited_v2	配套习题/张宇1000题/02_强化篇/第16章_无穷级数.md	551
ZY1000-QH-GS16-T29	L1_FIRST	幂级数的收敛域	求收敛半径并逐端点检查	verified	inherited_v2	配套习题/张宇1000题/02_强化篇/第16章_无穷级数.md	568
ZY1000-QH-GS16-T30	L1_FIRST	级数求和与和函数	逐项运算或与已知级数比较	verified	inherited_v2	配套习题/张宇1000题/02_强化篇/第16章_无穷级数.md	585
ZY1000-QH-GS16-T31	L1_FIRST	级数求和与和函数	逐项运算或与已知级数比较	verified	inherited_v2	配套习题/张宇1000题/02_强化篇/第16章_无穷级数.md	599
ZY1000-QH-GS16-T32	L1_FIRST	级数求和与和函数	逐项运算或与已知级数比较	verified	inherited_v2	配套习题/张宇1000题/02_强化篇/第16章_无穷级数.md	613
ZY1000-QH-GS16-T33	L1_FIRST	级数求和与和函数	逐项运算或与已知级数比较	verified	inherited_v2	配套习题/张宇1000题/02_强化篇/第16章_无穷级数.md	627
ZY1000-QH-GS16-T34	L1_FIRST	级数求和与和函数	逐项运算或与已知级数比较	verified	inherited_v2	配套习题/张宇1000题/02_强化篇/第16章_无穷级数.md	642
ZY1000-QH-GS16-T35	L1_FIRST	级数求和与和函数	逐项运算或与已知级数比较	verified	inherited_v2	配套习题/张宇1000题/02_强化篇/第16章_无穷级数.md	656
ZY1000-QH-GS16-T36	L1_FIRST	级数求和与和函数	逐项运算或与已知级数比较	verified	inherited_v2	配套习题/张宇1000题/02_强化篇/第16章_无穷级数.md	671
ZY1000-QH-GS16-T37	L1_FIRST	傅里叶级数	系数积分与收敛定理	verified	inherited_v2	配套习题/张宇1000题/02_强化篇/第16章_无穷级数.md	687
ZY1000-QH-GS16-T38	L1_FIRST	傅里叶级数	系数积分与收敛定理	verified	inherited_v2	配套习题/张宇1000题/02_强化篇/第16章_无穷级数.md	711
ZY1000-QH-GS16-T39	L1_FIRST	傅里叶级数	系数积分与收敛定理	verified	inherited_v2	配套习题/张宇1000题/02_强化篇/第16章_无穷级数.md	729
ZY1000-QH-GS16-T40	L1_FIRST	傅里叶级数	系数积分与收敛定理	verified	inherited_v2	配套习题/张宇1000题/02_强化篇/第16章_无穷级数.md	740
ZY1000-QH-GS17-T01	L1_FIRST	微分方程建模	将切向与梯度平行条件化为可分离方程	verified	corrected_v3	配套习题/张宇1000题/02_强化篇/第17章_多元函数积分学的预备知识.md	7
ZY1000-QH-GS17-T02	L1_FIRST	条件极值	拉格朗日乘数法	verified	inherited_v2	配套习题/张宇1000题/02_强化篇/第17章_多元函数积分学的预备知识.md	25
ZY1000-QH-GS17-T03	L1_FIRST	空间直线和平面	向量法建立线面关系	verified	inherited_v2	配套习题/张宇1000题/02_强化篇/第17章_多元函数积分学的预备知识.md	35
ZY1000-QH-GS17-T04	L1_FIRST	空间直线和平面	向量法建立线面关系	verified	inherited_v2	配套习题/张宇1000题/02_强化篇/第17章_多元函数积分学的预备知识.md	49
ZY1000-QH-GS17-T05	L1_FIRST	积分表示质心与形心	先求空间区域形心再在曲面上最小化距离	verified	corrected_v3	配套习题/张宇1000题/02_强化篇/第17章_多元函数积分学的预备知识.md	63
ZY1000-QH-GS17-T06	L1_FIRST	空间直线和平面	向量法建立线面关系	verified	inherited_v2	配套习题/张宇1000题/02_强化篇/第17章_多元函数积分学的预备知识.md	73
ZY1000-QH-GS17-T07	L1_FIRST	空间直线和平面	向量法建立线面关系	verified	inherited_v2	配套习题/张宇1000题/02_强化篇/第17章_多元函数积分学的预备知识.md	87
ZY1000-QH-GS17-T08	L1_FIRST	方向导数与梯度	梯度与单位方向的内积	verified	inherited_v2	配套习题/张宇1000题/02_强化篇/第17章_多元函数积分学的预备知识.md	98
ZY1000-QH-GS17-T09	L1_FIRST	方向导数与梯度	梯度与单位方向的内积	verified	inherited_v2	配套习题/张宇1000题/02_强化篇/第17章_多元函数积分学的预备知识.md	114
ZY1000-QH-GS17-T10	L1_FIRST	方向导数与梯度	梯度与单位方向的内积	verified	inherited_v2	配套习题/张宇1000题/02_强化篇/第17章_多元函数积分学的预备知识.md	129
ZY1000-QH-GS17-T11	L1_FIRST	方向导数与梯度	梯度与单位方向的内积	verified	inherited_v2	配套习题/张宇1000题/02_强化篇/第17章_多元函数积分学的预备知识.md	141
ZY1000-QH-GS17-T12	L1_FIRST	方向导数与梯度	梯度与单位方向的内积	verified	inherited_v2	配套习题/张宇1000题/02_强化篇/第17章_多元函数积分学的预备知识.md	152
ZY1000-QH-GS17-T13	L1_FIRST	多元函数极限与连续可微性	路径检验与定义估计	verified	inherited_v2	配套习题/张宇1000题/02_强化篇/第17章_多元函数积分学的预备知识.md	167
ZY1000-QH-GS17-T14	L1_FIRST	条件极值	固定法向方向并优化约束曲面上的方向导数	verified	corrected_v3	配套习题/张宇1000题/02_强化篇/第17章_多元函数积分学的预备知识.md	182
ZY1000-QH-GS17-T15	L1_FIRST	散度与旋度	向量场的微分运算	verified	inherited_v2	配套习题/张宇1000题/02_强化篇/第17章_多元函数积分学的预备知识.md	197
ZY1000-QH-GS18-T01	L1_FIRST	三重积分计算	分层积分或空间坐标变换	verified	inherited_v2	配套习题/张宇1000题/02_强化篇/第18章_多元函数积分学.md	7
ZY1000-QH-GS18-T02	L1_FIRST	曲线积分	参数化或选用相应积分定理	verified	inherited_v2	配套习题/张宇1000题/02_强化篇/第18章_多元函数积分学.md	20
ZY1000-QH-GS18-T03	L1_FIRST	曲线积分	格林公式把比较转成区域积分	verified	corrected_v3	配套习题/张宇1000题/02_强化篇/第18章_多元函数积分学.md	32
ZY1000-QH-GS18-T04	L1_FIRST	三重积分计算	分层积分或空间坐标变换	verified	inherited_v2	配套习题/张宇1000题/02_强化篇/第18章_多元函数积分学.md	58
ZY1000-QH-GS18-T05	L1_FIRST	曲线积分	球面平面不变量与截圆弧长	verified	corrected_v3	配套习题/张宇1000题/02_强化篇/第18章_多元函数积分学.md	71
ZY1000-QH-GS18-T06	L1_FIRST	曲线积分	球心截圆的参数二次矩	verified	corrected_v3	配套习题/张宇1000题/02_强化篇/第18章_多元函数积分学.md	90
ZY1000-QH-GS18-T07	L1_FIRST	曲线积分	偏心截圆的反射对称与二次矩	verified	corrected_v3	配套习题/张宇1000题/02_强化篇/第18章_多元函数积分学.md	103
ZY1000-QH-GS18-T08	L1_FIRST	曲线积分	提取全微分并处理剩余角度积分	verified	corrected_v3	配套习题/张宇1000题/02_强化篇/第18章_多元函数积分学.md	116
ZY1000-QH-GS18-T09	L1_FIRST	曲线积分与路径无关	检查保守场条件并构造势函数	verified	corrected_v3	配套习题/张宇1000题/02_强化篇/第18章_多元函数积分学.md	136
ZY1000-QH-GS18-T10	L1_FIRST	曲线积分	先用法向平行条件确定轨迹再参数化或斯托克斯	verified	corrected_v3	配套习题/张宇1000题/02_强化篇/第18章_多元函数积分学.md	155
ZY1000-QH-GS18-T11	L1_FIRST	曲线积分	用斯托克斯公式并按上侧确定边界方向	verified	corrected_v3	配套习题/张宇1000题/02_强化篇/第18章_多元函数积分学.md	170
ZY1000-QH-GS18-T12	L1_FIRST	曲线积分	参数化或选用相应积分定理	needs_review	corrected_v3	配套习题/张宇1000题/02_强化篇/第18章_多元函数积分学.md	186
ZY1000-QH-GS18-T13	L1_FIRST	曲线积分	参数化或选用相应积分定理	verified	inherited_v2	配套习题/张宇1000题/02_强化篇/第18章_多元函数积分学.md	200
ZY1000-QH-GS18-T14	L1_FIRST	曲线积分	参数化或选用相应积分定理	verified	inherited_v2	配套习题/张宇1000题/02_强化篇/第18章_多元函数积分学.md	214
ZY1000-QH-GS18-T15	L1_FIRST	曲线积分	参数化或选用相应积分定理	verified	inherited_v2	配套习题/张宇1000题/02_强化篇/第18章_多元函数积分学.md	228
ZY1000-QH-GS18-T16	L1_FIRST	曲线积分	参数化或选用相应积分定理	verified	inherited_v2	配套习题/张宇1000题/02_强化篇/第18章_多元函数积分学.md	245
ZY1000-QH-GS18-T17	L1_FIRST	局部闭路条件与跨域曲线积分	右半平面保守条件及整曲线定义域核对	needs_review	corrected_v3	配套习题/张宇1000题/02_强化篇/第18章_多元函数积分学.md	262
ZY1000-QH-GS18-T18	L1_FIRST	曲线积分	非穿零弧上的半径对数与连续极角积分	verified	corrected_v3	配套习题/张宇1000题/02_强化篇/第18章_多元函数积分学.md	285
ZY1000-QH-GS18-T19	L1_FIRST	曲线积分与路径无关	检查保守场条件并构造势函数	verified	inherited_v2	配套习题/张宇1000题/02_强化篇/第18章_多元函数积分学.md	301
ZY1000-QH-GS18-T20	L1_FIRST	曲线积分与路径无关	检查保守场条件并构造势函数	verified	inherited_v2	配套习题/张宇1000题/02_强化篇/第18章_多元函数积分学.md	315
ZY1000-QH-GS18-T21	L1_FIRST	曲面积分	曲面参数化或积分定理	verified	inherited_v2	配套习题/张宇1000题/02_强化篇/第18章_多元函数积分学.md	331
ZY1000-QH-GS18-T22	L1_FIRST	曲面积分		needs_review	corrected_v3	配套习题/张宇1000题/02_强化篇/第18章_多元函数积分学.md	346
ZY1000-QH-GS18-T23	L1_FIRST	积分表示质心与形心	构造锥面后按截面相似或体积分求形心	verified	corrected_v3	配套习题/张宇1000题/02_强化篇/第18章_多元函数积分学.md	369
ZY1000-QH-GS18-T24	L1_FIRST	曲面积分	锥面母线参数化与上侧通量	needs_review	corrected_v3	配套习题/张宇1000题/02_强化篇/第18章_多元函数积分学.md	387
ZY1000-QH-GS18-T25	L1_FIRST	曲面积分	曲面参数化或积分定理	verified	corrected_v3	配套习题/张宇1000题/02_强化篇/第18章_多元函数积分学.md	407
ZY1000-QH-GS18-T26	L1_FIRST	曲面积分	曲面参数化或积分定理	verified	inherited_v2	配套习题/张宇1000题/02_强化篇/第18章_多元函数积分学.md	422
ZY1000-QH-GS18-T27	L1_FIRST	曲面积分	曲面参数化或积分定理	verified	inherited_v2	配套习题/张宇1000题/02_强化篇/第18章_多元函数积分学.md	443
ZY1000-QH-GS18-T28	L1_FIRST	曲面积分	曲面参数化或积分定理	verified	inherited_v2	配套习题/张宇1000题/02_强化篇/第18章_多元函数积分学.md	460
ZY1000-QH-GS18-T29	L1_FIRST	曲面积分	曲面参数化或积分定理	verified	inherited_v2	配套习题/张宇1000题/02_强化篇/第18章_多元函数积分学.md	474
ZY1000-QH-XD01-T04	L1_FIRST	特征值与特征向量	特征方程与特征子空间	verified	inherited_v2	配套习题/张宇1000题/02_强化篇/线性代数/第01章_行列式.md	7
ZY1000-QH-XD01-T06	L1_FIRST	特征值与特征向量	特征方程与特征子空间	verified	inherited_v2	配套习题/张宇1000题/02_强化篇/线性代数/第01章_行列式.md	22
ZY1000-QH-XD02-T01	L1_FIRST	代数余子式及其组合	按行列展开或替换对应行列	verified	inherited_v2	配套习题/张宇1000题/02_强化篇/线性代数/第02章_余子式和代数余子式的计算.md	7
ZY1000-QH-XD03-T01	L1_FIRST	矩阵运算与矩阵方程	利用矩阵运算法则整理	verified	inherited_v2	配套习题/张宇1000题/02_强化篇/线性代数/第03章_矩阵运算.md	7
ZY1000-QH-XD03-T06	L1_FIRST	矩阵运算与矩阵方程	利用矩阵运算法则整理	verified	inherited_v2	配套习题/张宇1000题/02_强化篇/线性代数/第03章_矩阵运算.md	22
ZY1000-QH-XD03-T07	L1_FIRST	矩阵运算与矩阵方程	利用矩阵运算法则整理	verified	inherited_v2	配套习题/张宇1000题/02_强化篇/线性代数/第03章_矩阵运算.md	37
ZY1000-QH-XD04-T01	L1_FIRST	矩阵的秩	行变换与子式判别	verified	inherited_v2	配套习题/张宇1000题/02_强化篇/线性代数/第04章_矩阵的秩.md	7
ZY1000-QH-XD04-T02	L1_FIRST	矩阵的秩	行变换与子式判别	verified	inherited_v2	配套习题/张宇1000题/02_强化篇/线性代数/第04章_矩阵的秩.md	22
ZY1000-QH-XD04-T03	L1_FIRST	矩阵的秩	行变换与子式判别	verified	inherited_v2	配套习题/张宇1000题/02_强化篇/线性代数/第04章_矩阵的秩.md	37
ZY1000-QH-XD04-T04	L1_FIRST	矩阵的秩	行变换与子式判别	verified	inherited_v2	配套习题/张宇1000题/02_强化篇/线性代数/第04章_矩阵的秩.md	52
ZY1000-QH-XD04-T05	L1_FIRST	矩阵的秩	行变换与子式判别	verified	inherited_v2	配套习题/张宇1000题/02_强化篇/线性代数/第04章_矩阵的秩.md	67
ZY1000-QH-XD04-T06	L1_FIRST	矩阵的秩	行变换与子式判别	verified	inherited_v2	配套习题/张宇1000题/02_强化篇/线性代数/第04章_矩阵的秩.md	82
ZY1000-QH-XD04-T07	L1_FIRST	矩阵的秩	行变换与子式判别	verified	inherited_v2	配套习题/张宇1000题/02_强化篇/线性代数/第04章_矩阵的秩.md	97
ZY1000-QH-XD04-T08	L1_FIRST	矩阵的秩	行变换与子式判别	verified	inherited_v2	配套习题/张宇1000题/02_强化篇/线性代数/第04章_矩阵的秩.md	112
ZY1000-QH-XD05-T01	L1_FIRST	齐次线性方程组解的结构	秩零化度与基础解系	verified	inherited_v2	配套习题/张宇1000题/02_强化篇/线性代数/第05章_线性方程组.md	7
ZY1000-QH-XD05-T03	L1_FIRST	线性方程组的解与参数	比较系数矩阵与增广矩阵的秩	verified	inherited_v2	配套习题/张宇1000题/02_强化篇/线性代数/第05章_线性方程组.md	22
ZY1000-QH-XD05-T04	L1_FIRST	线性方程组的解与参数	比较系数矩阵与增广矩阵的秩	verified	inherited_v2	配套习题/张宇1000题/02_强化篇/线性代数/第05章_线性方程组.md	37
ZY1000-QH-XD05-T07	L1_FIRST	齐次线性方程组解的结构	秩零化度与基础解系	verified	inherited_v2	配套习题/张宇1000题/02_强化篇/线性代数/第05章_线性方程组.md	52
ZY1000-QH-XD05-T08	L1_FIRST	齐次线性方程组解的结构	秩零化度与基础解系	verified	inherited_v2	配套习题/张宇1000题/02_强化篇/线性代数/第05章_线性方程组.md	67
ZY1000-QH-XD05-T09	L1_FIRST	齐次线性方程组解的结构	秩零化度与基础解系	verified	inherited_v2	配套习题/张宇1000题/02_强化篇/线性代数/第05章_线性方程组.md	82
ZY1000-QH-XD05-T14	L1_FIRST	线性方程组的解与参数	比较系数矩阵与增广矩阵的秩	verified	inherited_v2	配套习题/张宇1000题/02_强化篇/线性代数/第05章_线性方程组.md	97
ZY1000-QH-XD05-T15	L1_FIRST	线性方程组的解与参数	比较系数矩阵与增广矩阵的秩	needs_review	corrected_v3	配套习题/张宇1000题/02_强化篇/线性代数/第05章_线性方程组.md	112
ZY1000-QH-XD06-T01	L1_FIRST	向量组线性相关性	线性组合关系或矩阵秩	verified	inherited_v2	配套习题/张宇1000题/02_强化篇/线性代数/第06章_向量组.md	7
ZY1000-QH-XD06-T02	L1_FIRST	向量组等价性	比较列空间或双向线性表示	verified	inherited_v2	配套习题/张宇1000题/02_强化篇/线性代数/第06章_向量组.md	22
ZY1000-QH-XD06-T04	L1_FIRST	矩阵运算与矩阵方程	利用矩阵运算法则整理	verified	inherited_v2	配套习题/张宇1000题/02_强化篇/线性代数/第06章_向量组.md	43
ZY1000-QH-XD06-T08	L1_FIRST	极大无关组与基	求秩并选择独立向量	verified	inherited_v2	配套习题/张宇1000题/02_强化篇/线性代数/第06章_向量组.md	58
ZY1000-QH-XD06-T10	L1_FIRST	极大无关组与基	求秩并选择独立向量	verified	inherited_v2	配套习题/张宇1000题/02_强化篇/线性代数/第06章_向量组.md	73
ZY1000-QH-XD07-T01	L1_FIRST	特征值与特征向量	特征方程与特征子空间	verified	inherited_v2	配套习题/张宇1000题/02_强化篇/线性代数/第07章_特征值与特征向量.md	7
ZY1000-QH-XD07-T02	L1_FIRST	特征值与特征向量	特征方程与特征子空间	verified	inherited_v2	配套习题/张宇1000题/02_强化篇/线性代数/第07章_特征值与特征向量.md	22
ZY1000-QH-XD07-T03	L1_FIRST	线性方程组的解与参数	在特征向量基下求特解与零空间	verified	corrected_v3	配套习题/张宇1000题/02_强化篇/线性代数/第07章_特征值与特征向量.md	37
ZY1000-QH-XD07-T04	L1_FIRST	相似矩阵与对角化	用特征向量构造变换基	verified	inherited_v2	配套习题/张宇1000题/02_强化篇/线性代数/第07章_特征值与特征向量.md	52
ZY1000-QH-XD07-T08	L1_FIRST	特征值与特征向量	特征方程与特征子空间	verified	inherited_v2	配套习题/张宇1000题/02_强化篇/线性代数/第07章_特征值与特征向量.md	67
ZY1000-QH-XD08-T01	L1_FIRST	相似矩阵与对角化	用特征向量构造变换基	verified	inherited_v2	配套习题/张宇1000题/02_强化篇/线性代数/第08章_相似理论.md	7
ZY1000-QH-XD08-T02	L1_FIRST	相似矩阵与对角化	用特征向量构造变换基	verified	inherited_v2	配套习题/张宇1000题/02_强化篇/线性代数/第08章_相似理论.md	22
ZY1000-QH-XD08-T03	L1_FIRST	相似矩阵与对角化	用特征向量构造变换基	verified	inherited_v2	配套习题/张宇1000题/02_强化篇/线性代数/第08章_相似理论.md	37
ZY1000-QH-XD08-T11	L1_FIRST	相似矩阵与对角化	用特征向量构造变换基	verified	inherited_v2	配套习题/张宇1000题/02_强化篇/线性代数/第08章_相似理论.md	52
ZY1000-QH-XD08-T13	L1_FIRST	正交变换与实对称矩阵	正交化特征向量	verified	inherited_v2	配套习题/张宇1000题/02_强化篇/线性代数/第08章_相似理论.md	67
ZY1000-QH-XD08-T14	L1_FIRST	正交变换与实对称矩阵	正交化特征向量	verified	inherited_v2	配套习题/张宇1000题/02_强化篇/线性代数/第08章_相似理论.md	82
ZY1000-QH-XD08-T15	L1_FIRST	正交变换与实对称矩阵	正交化特征向量	verified	inherited_v2	配套习题/张宇1000题/02_强化篇/线性代数/第08章_相似理论.md	97
ZY1000-QH-XD09-T01	L1_FIRST	一般合同与正交合同的参数区别	先比较惯性指数再排除相同谱	verified	corrected_v3	配套习题/张宇1000题/02_强化篇/线性代数/第09章_二次型.md	7
ZY1000-QH-XD09-T02	L1_FIRST	对称矩阵多项式与二次型规范形	谱映射结合平移矩阵秩	verified	corrected_v3	配套习题/张宇1000题/02_强化篇/线性代数/第09章_二次型.md	22
ZY1000-QH-XD09-T03	L1_FIRST	纯交叉二次型的惯性规范形	实谱迹与行列式符号判定	verified	corrected_v3	配套习题/张宇1000题/02_强化篇/线性代数/第09章_二次型.md	37
ZY1000-QH-XD09-T04	L1_FIRST	独立线性形式乘积的惯性指数	线性形式乘积的平方差变换	verified	corrected_v3	配套习题/张宇1000题/02_强化篇/线性代数/第09章_二次型.md	52
ZY1000-QH-XD09-T19	L1_FIRST	二次型与矩阵的正定性	顺序主子式或特征值判别	verified	inherited_v2	配套习题/张宇1000题/02_强化篇/线性代数/第09章_二次型.md	67
ZY1000-QH-XD09-T20	L1_FIRST	二次型与矩阵的正定性	顺序主子式或特征值判别	verified	inherited_v2	配套习题/张宇1000题/02_强化篇/线性代数/第09章_二次型.md	82
ZY1000-QH-XD09-T21	L1_FIRST	二次型与矩阵的正定性	顺序主子式或特征值判别	verified	inherited_v2	配套习题/张宇1000题/02_强化篇/线性代数/第09章_二次型.md	97
ZY1000-QH-XD09-T22	L1_FIRST	二次型与矩阵的正定性	顺序主子式或特征值判别	verified	inherited_v2	配套习题/张宇1000题/02_强化篇/线性代数/第09章_二次型.md	112
ZY1000-QH-XD09-T25	L1_FIRST	二次型与矩阵的正定性	顺序主子式或特征值判别	verified	inherited_v2	配套习题/张宇1000题/02_强化篇/线性代数/第09章_二次型.md	127
ZY1000-QH-XD09-T26	L1_FIRST	二次型谱与实圆柱面判定	秩一谱结构与圆柱标准方程	verified	corrected_v3	配套习题/张宇1000题/02_强化篇/线性代数/第09章_二次型.md	142
ZY1000-ZH-S01-T01	L1_FIRST	高阶无穷小与局部展开	局部展开并比较首个非零项	verified	inherited_v2	配套习题/张宇1000题/03_综合篇/测试卷一.md	7
ZY1000-ZH-S01-T02	L1_FIRST	常系数齐次线性微分方程	特征方程与初始条件	verified	inherited_v2	配套习题/张宇1000题/03_综合篇/测试卷一.md	22
ZY1000-ZH-S01-T03	L1_FIRST	二重积分计算	合并曲线域后分段换序与根式换元	verified	corrected_v3	配套习题/张宇1000题/03_综合篇/测试卷一.md	37
ZY1000-ZH-S01-T04	L1_FIRST	高阶导数	递推求导或莱布尼茨公式	verified	inherited_v2	配套习题/张宇1000题/03_综合篇/测试卷一.md	52
ZY1000-ZH-S01-T05	L1_FIRST	向量的线性表示	建立列向量系数方程	verified	inherited_v2	配套习题/张宇1000题/03_综合篇/测试卷一.md	67
ZY1000-ZH-S01-T06	L1_FIRST	齐次线性方程组解的结构	秩零化度与基础解系	verified	inherited_v2	配套习题/张宇1000题/03_综合篇/测试卷一.md	82
ZY1000-ZH-S01-T07	L1_FIRST	特征值与特征向量	行和给出一个特征向量并用最大模分量估计谱界	verified	corrected_v3	配套习题/张宇1000题/03_综合篇/测试卷一.md	97
ZY1000-ZH-S01-T08	L1_FIRST	相关系数与线性相关	协方差标准化	verified	inherited_v2	配套习题/张宇1000题/03_综合篇/测试卷一.md	112
ZY1000-ZH-S01-T09	L1_FIRST	参数假设检验	统计量与拒绝域	verified	inherited_v2	配套习题/张宇1000题/03_综合篇/测试卷一.md	127
ZY1000-ZH-S01-T10	L1_FIRST	估计量的无偏性与有效性	比较期望方差或均方误差	verified	inherited_v2	配套习题/张宇1000题/03_综合篇/测试卷一.md	142
ZY1000-ZH-S03-T01	L1_FIRST	变限积分求导	微积分基本定理与链式法则	verified	inherited_v2	配套习题/张宇1000题/03_综合篇/测试卷三.md	7
ZY1000-ZH-S03-T02	L1_FIRST	积分不等式与积分中值定理	积分性质或辅助函数估计	verified	inherited_v2	配套习题/张宇1000题/03_综合篇/测试卷三.md	22
ZY1000-ZH-S03-T03	L1_FIRST	多元函数极限与连续可微性	路径检验与定义估计	verified	inherited_v2	配套习题/张宇1000题/03_综合篇/测试卷三.md	37
ZY1000-ZH-S03-T04	L1_FIRST	微分中值定理的应用	构造辅助函数并核对定理条件	verified	inherited_v2	配套习题/张宇1000题/03_综合篇/测试卷三.md	52
ZY1000-ZH-S03-T05	L1_FIRST	矩阵的秩	行变换与子式判别	verified	inherited_v2	配套习题/张宇1000题/03_综合篇/测试卷三.md	67
ZY1000-ZH-S03-T06	L1_FIRST	二次型惯性指数的Schur块约束	首变量配方后比较二阶块谱符号	verified	corrected_v3	配套习题/张宇1000题/03_综合篇/测试卷三.md	82
ZY1000-ZH-S03-T07	L1_FIRST	线性方程组的解与参数	比较系数矩阵与增广矩阵的秩	verified	inherited_v2	配套习题/张宇1000题/03_综合篇/测试卷三.md	97
ZY1000-ZH-S03-T08	L1_FIRST	相关系数与线性相关	协方差标准化	verified	inherited_v2	配套习题/张宇1000题/03_综合篇/测试卷三.md	112
ZY1000-ZH-S03-T09	L1_FIRST	数学期望及随机变量函数的期望	按分布求和或积分	verified	inherited_v2	配套习题/张宇1000题/03_综合篇/测试卷三.md	127
ZY1000-ZH-S03-T10	L1_FIRST	大数定律与依概率收敛	对不重叠独立同分布比值应用辛钦大数定律	verified	inherited_v2	配套习题/张宇1000题/03_综合篇/测试卷三.md	142
ZY1000-ZH-S02-T01	L1_FIRST	间断点的定位与分类	逐个考查可疑点的单侧极限	verified	inherited_v2	配套习题/张宇1000题/03_综合篇/测试卷二.md	7
ZY1000-ZH-S02-T02	L1_FIRST	多元隐函数求导及存在性	隐函数定理与隐式偏导	verified	inherited_v2	配套习题/张宇1000题/03_综合篇/测试卷二.md	22
ZY1000-ZH-S02-T03	L1_FIRST	反常积分敛散性与计算	化为端点极限并检查收敛	verified	inherited_v2	配套习题/张宇1000题/03_综合篇/测试卷二.md	37
ZY1000-ZH-S02-T04	L1_FIRST	空间曲面与投影	对高度变量配方后的投影存在性	verified	corrected_v3	配套习题/张宇1000题/03_综合篇/测试卷二.md	52
ZY1000-ZH-S02-T05	L1_FIRST	二次型与矩阵的正定性	顺序主子式或特征值判别	verified	inherited_v2	配套习题/张宇1000题/03_综合篇/测试卷二.md	67
ZY1000-ZH-S02-T06	L1_FIRST	初等行变换与行等价判定	比较行空间或行最简形	verified	corrected_v3	配套习题/张宇1000题/03_综合篇/测试卷二.md	82
ZY1000-ZH-S02-T07	L1_FIRST	线性方程组的解与参数	比较系数矩阵与增广矩阵的秩	verified	inherited_v2	配套习题/张宇1000题/03_综合篇/测试卷二.md	97
ZY1000-ZH-S02-T08	L1_FIRST	常见概率分布的概率计算	标准化或使用分布质量函数	verified	inherited_v2	配套习题/张宇1000题/03_综合篇/测试卷二.md	112
ZY1000-ZH-S02-T09	L1_FIRST	随机变量的独立性	比较联合分布与边缘乘积	verified	inherited_v2	配套习题/张宇1000题/03_综合篇/测试卷二.md	127
ZY1000-ZH-S02-T10	L1_FIRST	参数假设检验	统计量与拒绝域	verified	inherited_v2	配套习题/张宇1000题/03_综合篇/测试卷二.md	142
ZY1000-ZH-S04-T01	L1_FIRST	分段函数连续性与参数条件	匹配单侧极限和函数值	verified	inherited_v2	配套习题/张宇1000题/03_综合篇/测试卷四.md	7
ZY1000-ZH-S04-T02	L1_FIRST	多元函数极限与连续可微性	路径检验与定义估计	verified	inherited_v2	配套习题/张宇1000题/03_综合篇/测试卷四.md	22
ZY1000-ZH-S04-T03	L1_FIRST	线性微分方程解的结构	利用解的叠加与差的性质	verified	inherited_v2	配套习题/张宇1000题/03_综合篇/测试卷四.md	37
ZY1000-ZH-S04-T04	L1_FIRST	幂级数的收敛域	求收敛半径并逐端点检查	verified	inherited_v2	配套习题/张宇1000题/03_综合篇/测试卷四.md	52
ZY1000-ZH-S04-T05	L1_FIRST	正交变换与实对称矩阵	正交化特征向量	verified	inherited_v2	配套习题/张宇1000题/03_综合篇/测试卷四.md	67
ZY1000-ZH-S04-T06	L1_FIRST	二次型的符号差	平方差表示与惯性指数计数	verified	corrected_v3	配套习题/张宇1000题/03_综合篇/测试卷四.md	82
ZY1000-ZH-S04-T07	L1_FIRST	逆矩阵与可逆条件	严格对角占优性与最大模分量反证	verified	corrected_v3	配套习题/张宇1000题/03_综合篇/测试卷四.md	97
ZY1000-ZH-S04-T08	L1_FIRST	常见概率分布的概率计算	二项随机变量的分布函数比较	verified	corrected_v3	配套习题/张宇1000题/03_综合篇/测试卷四.md	112
ZY1000-ZH-S04-T09	L1_FIRST	条件分布	联合分布除以边缘分布	verified	inherited_v2	配套习题/张宇1000题/03_综合篇/测试卷四.md	127
ZY1000-ZH-S04-T10	L1_FIRST	随机变量的独立性	联合正态线性组合的零协方差与方差标准化	verified	corrected_v3	配套习题/张宇1000题/03_综合篇/测试卷四.md	142
