question_id	priority	main_knowledge	main_status	method	evidence_status	source_file	line_start
ZY30-GS-01-L1.01	CORE_L2	函数关系式求解析式	verified	用复合自变量及其平方化简有理式	verified	配套习题/张宇基础30讲/01_高等数学篇/第01讲_函数极限与连续.md	9
ZY30-GS-01-L1.02	CORE_L2	函数关系式求解析式	verified	倒数代换后联立函数方程	verified	配套习题/张宇基础30讲/01_高等数学篇/第01讲_函数极限与连续.md	19
ZY30-GS-01-L1.03	CORE_L2	反函数及定义域	verified	限制单调区间后反解自变量	verified	配套习题/张宇基础30讲/01_高等数学篇/第01讲_函数极限与连续.md	29
ZY30-GS-01-L1.04	CORE_L2	分段函数的复合	verified	按内层函数值划分外层定义区间	verified	配套习题/张宇基础30讲/01_高等数学篇/第01讲_函数极限与连续.md	39
ZY30-GS-01-L1.05	CORE_L2	分段函数的复合	verified	按内层函数值划分外层定义区间	verified	配套习题/张宇基础30讲/01_高等数学篇/第01讲_函数极限与连续.md	49
ZY30-GS-01-L1.06	CORE_L2	函数有界性的判定	verified	用平方非负性构造统一界	verified	配套习题/张宇基础30讲/01_高等数学篇/第01讲_函数极限与连续.md	59
ZY30-GS-01-L1.07	CORE_L2	函数单调性与变换	verified	依据定义比较自变量和函数值次序	verified	配套习题/张宇基础30讲/01_高等数学篇/第01讲_函数极限与连续.md	69
ZY30-GS-01-L1.08	CORE_L2	函数奇偶性的判定	verified	比较相反自变量处的函数值	verified	配套习题/张宇基础30讲/01_高等数学篇/第01讲_函数极限与连续.md	84
ZY30-GS-01-L1.09	CORE_L2	函数周期性及平移关系	verified	迭代平移关系	verified	配套习题/张宇基础30讲/01_高等数学篇/第01讲_函数极限与连续.md	94
ZY30-GS-01-L1.10	CORE_L2	一元函数最值	verified	对数求导并分析导数符号	verified	配套习题/张宇基础30讲/01_高等数学篇/第01讲_函数极限与连续.md	104
ZY30-GS-01-L1.11	CORE_L2	函数的幂级数展开	verified	已知幂级数的代换与运算	verified	配套习题/张宇基础30讲/01_高等数学篇/第01讲_函数极限与连续.md	114
ZY30-GS-01-L1.12	CORE_L2	反函数及定义域	verified	限制单调区间后反解自变量	verified	配套习题/张宇基础30讲/01_高等数学篇/第01讲_函数极限与连续.md	129
ZY30-GS-01-L1.13	CORE_L2	取整函数的性质与极限	verified	取整界估计与区间分解	verified	配套习题/张宇基础30讲/01_高等数学篇/第01讲_函数极限与连续.md	139
ZY30-GS-01-L1.14	CORE_L2	高阶无穷小与局部展开	verified	令待求极限为未知量并建立极限方程	verified	配套习题/张宇基础30讲/01_高等数学篇/第01讲_函数极限与连续.md	154
ZY30-GS-01-L1.15	CORE_L2	左右极限及极限存在性	verified	分别计算左右极限	verified	配套习题/张宇基础30讲/01_高等数学篇/第01讲_函数极限与连续.md	169
ZY30-GS-01-L1.16	CORE_L2	左右极限及极限存在性	verified	分别计算左右极限	verified	配套习题/张宇基础30讲/01_高等数学篇/第01讲_函数极限与连续.md	184
ZY30-GS-01-L1.17	CORE_L2	函数有界性的判定	verified	不等式估计或边界行为分析	verified	配套习题/张宇基础30讲/01_高等数学篇/第01讲_函数极限与连续.md	199
ZY30-GS-01-L1.18	CORE_L2	极限保号性	verified	用非零极限控制邻域内符号	verified	配套习题/张宇基础30讲/01_高等数学篇/第01讲_函数极限与连续.md	214
ZY30-GS-01-L1.19	CORE_L2	高阶无穷小与局部展开	verified	局部展开并比较首个非零项	verified	配套习题/张宇基础30讲/01_高等数学篇/第01讲_函数极限与连续.md	229
ZY30-GS-01-L1.20	CORE_L2	极限的四则运算法则	verified	拆分乘积或商并核对适用条件	verified	配套习题/张宇基础30讲/01_高等数学篇/第01讲_函数极限与连续.md	244
ZY30-GS-01-L1.21	CORE_L2	高阶无穷小与局部展开	verified	局部展开并比较首个非零项	verified	配套习题/张宇基础30讲/01_高等数学篇/第01讲_函数极限与连续.md	254
ZY30-GS-01-L1.22	CORE_L2	高阶无穷小与局部展开	verified	局部展开并比较首个非零项	verified	配套习题/张宇基础30讲/01_高等数学篇/第01讲_函数极限与连续.md	269
ZY30-GS-01-L1.23	CORE_L2	无穷远处增长阶比较	verified	比值极限与增长阶比较	verified	配套习题/张宇基础30讲/01_高等数学篇/第01讲_函数极限与连续.md	279
ZY30-GS-01-L1.24	CORE_L2	高阶无穷小与局部展开	verified	局部展开并比较首个非零项	verified	配套习题/张宇基础30讲/01_高等数学篇/第01讲_函数极限与连续.md	294
ZY30-GS-01-L1.25	CORE_L2	有理函数在无穷远处的极限	verified	提取最高次幂并分次数讨论	verified	配套习题/张宇基础30讲/01_高等数学篇/第01讲_函数极限与连续.md	304
ZY30-GS-01-L1.26	CORE_L2	含参数函数列的逐点极限	verified	按主导项是否消失分情况	verified	配套习题/张宇基础30讲/01_高等数学篇/第01讲_函数极限与连续.md	314
ZY30-GS-01-L1.27	CORE_L2	高阶无穷小与局部展开	verified	局部展开并比较首个非零项	verified	配套习题/张宇基础30讲/01_高等数学篇/第01讲_函数极限与连续.md	324
ZY30-GS-01-L1.28	CORE_L2	无穷远处增长阶比较	verified	换元并使用对数与幂函数的增长阶比较	verified	配套习题/张宇基础30讲/01_高等数学篇/第01讲_函数极限与连续.md	339
ZY30-GS-01-L1.29	CORE_L2	取整函数的性质与极限	verified	取整界估计与区间分解	verified	配套习题/张宇基础30讲/01_高等数学篇/第01讲_函数极限与连续.md	349
ZY30-GS-01-L1.30	CORE_L2	高阶无穷小与局部展开	verified	局部展开并比较首个非零项	verified	配套习题/张宇基础30讲/01_高等数学篇/第01讲_函数极限与连续.md	359
ZY30-GS-01-L1.31	CORE_L2	高阶无穷小与局部展开	verified	局部展开并比较首个非零项	verified	配套习题/张宇基础30讲/01_高等数学篇/第01讲_函数极限与连续.md	374
ZY30-GS-01-L1.32	CORE_L2	幂指函数的极限	verified	取对数化为乘积极限	verified	配套习题/张宇基础30讲/01_高等数学篇/第01讲_函数极限与连续.md	384
ZY30-GS-01-L1.33	CORE_L2	幂指函数的极限	verified	取对数化为乘积极限	verified	配套习题/张宇基础30讲/01_高等数学篇/第01讲_函数极限与连续.md	394
ZY30-GS-01-L1.34	CORE_L2	高阶无穷小与局部展开	verified	局部展开并比较首个非零项	verified	配套习题/张宇基础30讲/01_高等数学篇/第01讲_函数极限与连续.md	404
ZY30-GS-01-L1.35	CORE_L2	高阶无穷小与局部展开	verified	局部展开并比较首个非零项	verified	配套习题/张宇基础30讲/01_高等数学篇/第01讲_函数极限与连续.md	419
ZY30-GS-01-L1.36	CORE_L2	分段函数连续性与参数条件	verified	匹配单侧极限和函数值	verified	配套习题/张宇基础30讲/01_高等数学篇/第01讲_函数极限与连续.md	434
ZY30-GS-01-L1.37	CORE_L2	间断点的定位与分类	verified	逐个考查可疑点的单侧极限	verified	配套习题/张宇基础30讲/01_高等数学篇/第01讲_函数极限与连续.md	444
ZY30-GS-01-L1.38	CORE_L2	间断点的定位与分类	verified	逐个考查可疑点的单侧极限	verified	配套习题/张宇基础30讲/01_高等数学篇/第01讲_函数极限与连续.md	459
ZY30-GS-01-X01	CORE_L2	高阶无穷小与局部展开	verified	局部展开并比较首个非零项	verified	配套习题/张宇基础30讲/01_高等数学篇/第01讲_函数极限与连续.md	477
ZY30-GS-01-X02	CORE_L2	分段函数连续性与参数条件	verified	匹配单侧极限和函数值	verified	配套习题/张宇基础30讲/01_高等数学篇/第01讲_函数极限与连续.md	492
ZY30-GS-01-X03	CORE_L2	间断点的定位与分类	verified	逐个考查可疑点的单侧极限	verified	配套习题/张宇基础30讲/01_高等数学篇/第01讲_函数极限与连续.md	507
ZY30-GS-01-X04	CORE_L2	间断点的定位与分类	verified	逐个考查可疑点的单侧极限	verified	配套习题/张宇基础30讲/01_高等数学篇/第01讲_函数极限与连续.md	522
ZY30-GS-01-X05	CORE_L2	间断点的定位与分类	verified	逐个考查可疑点的单侧极限	verified	配套习题/张宇基础30讲/01_高等数学篇/第01讲_函数极限与连续.md	537
ZY30-GS-01-X06	CORE_L2	复合函数迭代	verified	递推化简与归纳验证	verified	配套习题/张宇基础30讲/01_高等数学篇/第01讲_函数极限与连续.md	552
ZY30-GS-01-X07	CORE_L2	高阶无穷小与局部展开	verified	局部展开并比较首个非零项	verified	配套习题/张宇基础30讲/01_高等数学篇/第01讲_函数极限与连续.md	562
ZY30-GS-01-X08	CORE_L2	幂指函数的极限	verified	取对数化为乘积极限	verified	配套习题/张宇基础30讲/01_高等数学篇/第01讲_函数极限与连续.md	572
ZY30-GS-01-X09	CORE_L2	高阶无穷小与局部展开	verified	局部展开并比较首个非零项	verified	配套习题/张宇基础30讲/01_高等数学篇/第01讲_函数极限与连续.md	582
ZY30-GS-01-X10	CORE_L2	分段函数连续性与参数条件	verified	匹配单侧极限和函数值	verified	配套习题/张宇基础30讲/01_高等数学篇/第01讲_函数极限与连续.md	592
ZY30-GS-01-X11	CORE_L2	反三角复合函数图像	verified	按反三角函数主值区间分段	verified	配套习题/张宇基础30讲/01_高等数学篇/第01讲_函数极限与连续.md	602
ZY30-GS-01-X12	CORE_L2	高阶无穷小与局部展开	verified	局部展开并比较首个非零项	verified	配套习题/张宇基础30讲/01_高等数学篇/第01讲_函数极限与连续.md	612
ZY30-GS-01-X13	CORE_L2	幂指函数的极限	verified	取对数化为乘积极限	verified	配套习题/张宇基础30讲/01_高等数学篇/第01讲_函数极限与连续.md	622
ZY30-GS-01-X14	CORE_L2	左右极限及极限存在性	verified	分别计算左右极限	verified	配套习题/张宇基础30讲/01_高等数学篇/第01讲_函数极限与连续.md	632
ZY30-GS-01-X15	CORE_L2	高阶无穷小与局部展开	verified	局部展开并比较首个非零项	verified	配套习题/张宇基础30讲/01_高等数学篇/第01讲_函数极限与连续.md	642
ZY30-GS-01-X16	CORE_L2	高阶无穷小与局部展开	verified	局部展开并比较首个非零项	verified	配套习题/张宇基础30讲/01_高等数学篇/第01讲_函数极限与连续.md	652
ZY30-GS-02-L2.01	CORE_L2	函数有界性的判定	candidate	不等式估计或边界行为分析	candidate	配套习题/张宇基础30讲/01_高等数学篇/第02讲_数列极限.md	9
ZY30-GS-02-L2.02	CORE_L2	数列极限与收敛性	candidate	估计数列或建立递推极限关系	candidate	配套习题/张宇基础30讲/01_高等数学篇/第02讲_数列极限.md	19
ZY30-GS-02-L2.03	CORE_L2	数列极限与收敛性	candidate	估计数列或建立递推极限关系	candidate	配套习题/张宇基础30讲/01_高等数学篇/第02讲_数列极限.md	29
ZY30-GS-02-L2.04	CORE_L2	数列极限与收敛性	candidate	估计数列或建立递推极限关系	candidate	配套习题/张宇基础30讲/01_高等数学篇/第02讲_数列极限.md	39
ZY30-GS-02-L2.05	CORE_L2	数列极限与收敛性	candidate	估计数列或建立递推极限关系	candidate	配套习题/张宇基础30讲/01_高等数学篇/第02讲_数列极限.md	54
ZY30-GS-02-L2.06	CORE_L2	数列极限与收敛性	candidate	估计数列或建立递推极限关系	candidate	配套习题/张宇基础30讲/01_高等数学篇/第02讲_数列极限.md	69
ZY30-GS-02-L2.07	CORE_L2		needs_review		needs_review	配套习题/张宇基础30讲/01_高等数学篇/第02讲_数列极限.md	84
ZY30-GS-02-L2.08	CORE_L2	数列极限与收敛性	candidate	估计数列或建立递推极限关系	candidate	配套习题/张宇基础30讲/01_高等数学篇/第02讲_数列极限.md	99
ZY30-GS-02-L2.09	CORE_L2	数列极限与收敛性	candidate	估计数列或建立递推极限关系	candidate	配套习题/张宇基础30讲/01_高等数学篇/第02讲_数列极限.md	109
ZY30-GS-02-L2.10	CORE_L2	数列极限与收敛性	candidate	估计数列或建立递推极限关系	candidate	配套习题/张宇基础30讲/01_高等数学篇/第02讲_数列极限.md	119
ZY30-GS-02-L2.11	CORE_L2	数列极限与收敛性	candidate	估计数列或建立递推极限关系	candidate	配套习题/张宇基础30讲/01_高等数学篇/第02讲_数列极限.md	129
ZY30-GS-02-L2.12	CORE_L2	数列极限与收敛性	candidate	估计数列或建立递推极限关系	candidate	配套习题/张宇基础30讲/01_高等数学篇/第02讲_数列极限.md	139
ZY30-GS-02-L2.13	CORE_L2	函数单调性与变换	candidate	依据定义比较自变量和函数值次序	candidate	配套习题/张宇基础30讲/01_高等数学篇/第02讲_数列极限.md	149
ZY30-GS-02-L2.14	CORE_L2	数列极限与收敛性	candidate	估计数列或建立递推极限关系	candidate	配套习题/张宇基础30讲/01_高等数学篇/第02讲_数列极限.md	164
ZY30-GS-02-L2.15	CORE_L2	数列极限与收敛性	candidate	估计数列或建立递推极限关系	candidate	配套习题/张宇基础30讲/01_高等数学篇/第02讲_数列极限.md	174
ZY30-GS-02-L2.16	CORE_L2	数列极限与收敛性	candidate	估计数列或建立递推极限关系	candidate	配套习题/张宇基础30讲/01_高等数学篇/第02讲_数列极限.md	184
ZY30-GS-02-L2.17	CORE_L2	数列极限与收敛性	candidate	估计数列或建立递推极限关系	candidate	配套习题/张宇基础30讲/01_高等数学篇/第02讲_数列极限.md	199
ZY30-GS-02-L2.18	CORE_L2	数列极限与收敛性	candidate	估计数列或建立递推极限关系	candidate	配套习题/张宇基础30讲/01_高等数学篇/第02讲_数列极限.md	214
ZY30-GS-02-X01	CORE_L2	数列极限与收敛性	candidate	估计数列或建立递推极限关系	candidate	配套习题/张宇基础30讲/01_高等数学篇/第02讲_数列极限.md	232
ZY30-GS-02-X02	CORE_L2	数列极限与收敛性	candidate	估计数列或建立递推极限关系	candidate	配套习题/张宇基础30讲/01_高等数学篇/第02讲_数列极限.md	247
ZY30-GS-02-X03	CORE_L2	数列极限与收敛性	candidate	估计数列或建立递推极限关系	candidate	配套习题/张宇基础30讲/01_高等数学篇/第02讲_数列极限.md	262
ZY30-GS-02-X04	CORE_L2	数列极限与收敛性	candidate	估计数列或建立递推极限关系	candidate	配套习题/张宇基础30讲/01_高等数学篇/第02讲_数列极限.md	272
ZY30-GS-02-X05	CORE_L2	数列极限与收敛性	candidate	估计数列或建立递推极限关系	candidate	配套习题/张宇基础30讲/01_高等数学篇/第02讲_数列极限.md	282
ZY30-GS-02-X06	CORE_L2	数列极限与收敛性	candidate	估计数列或建立递推极限关系	candidate	配套习题/张宇基础30讲/01_高等数学篇/第02讲_数列极限.md	292
ZY30-GS-02-X07	CORE_L2	数列极限与收敛性	candidate	估计数列或建立递推极限关系	candidate	配套习题/张宇基础30讲/01_高等数学篇/第02讲_数列极限.md	302
ZY30-GS-02-X08	CORE_L2	数列极限与收敛性	candidate	估计数列或建立递推极限关系	candidate	配套习题/张宇基础30讲/01_高等数学篇/第02讲_数列极限.md	312
ZY30-GS-03-L3.01	CORE_L2		needs_review		needs_review	配套习题/张宇基础30讲/01_高等数学篇/第03讲_一元函数微分学的概念.md	9
ZY30-GS-03-ZL1-P103	CORE_L2	一元函数求导	candidate	求导法则与复合链式法则	candidate	配套习题/张宇基础30讲/01_高等数学篇/第03讲_一元函数微分学的概念.md	24
ZY30-GS-03-ZL2-P103	CORE_L2		needs_review		needs_review	配套习题/张宇基础30讲/01_高等数学篇/第03讲_一元函数微分学的概念.md	34
ZY30-GS-03-Z02-P103	CORE_L2		needs_review		needs_review	配套习题/张宇基础30讲/01_高等数学篇/第03讲_一元函数微分学的概念.md	44
ZY30-GS-03-L3.02	CORE_L2	函数周期性及平移关系	candidate	迭代平移关系	candidate	配套习题/张宇基础30讲/01_高等数学篇/第03讲_一元函数微分学的概念.md	54
ZY30-GS-03-L3.03	CORE_L2		needs_review		needs_review	配套习题/张宇基础30讲/01_高等数学篇/第03讲_一元函数微分学的概念.md	69
ZY30-GS-03-L3.04	CORE_L2	一元函数求导	candidate	求导法则与复合链式法则	candidate	配套习题/张宇基础30讲/01_高等数学篇/第03讲_一元函数微分学的概念.md	84
ZY30-GS-03-L3.05	CORE_L2	导数定义与可导性	candidate	将差商化为导数定义	candidate	配套习题/张宇基础30讲/01_高等数学篇/第03讲_一元函数微分学的概念.md	99
ZY30-GS-03-L3.06	CORE_L2	导数定义与可导性	candidate	将差商化为导数定义	candidate	配套习题/张宇基础30讲/01_高等数学篇/第03讲_一元函数微分学的概念.md	114
ZY30-GS-03-L3.07	CORE_L2	导数定义与可导性	candidate	将差商化为导数定义	candidate	配套习题/张宇基础30讲/01_高等数学篇/第03讲_一元函数微分学的概念.md	129
ZY30-GS-03-ZL1-P109	CORE_L2	曲线切线与法线	candidate	用导数确定切线方向	candidate	配套习题/张宇基础30讲/01_高等数学篇/第03讲_一元函数微分学的概念.md	144
ZY30-GS-03-ZL2-P109	CORE_L2	曲线切线与法线	candidate	用导数确定切线方向	candidate	配套习题/张宇基础30讲/01_高等数学篇/第03讲_一元函数微分学的概念.md	154
ZY30-GS-03-L3.08	CORE_L2	曲线切线与法线	candidate	用导数确定切线方向	candidate	配套习题/张宇基础30讲/01_高等数学篇/第03讲_一元函数微分学的概念.md	164
ZY30-GS-03-L3.09	CORE_L2	一元函数最值	candidate	导数符号与边界比较	candidate	配套习题/张宇基础30讲/01_高等数学篇/第03讲_一元函数微分学的概念.md	174
ZY30-GS-03-L3.10	CORE_L2	一元函数求导	candidate	求导法则与复合链式法则	candidate	配套习题/张宇基础30讲/01_高等数学篇/第03讲_一元函数微分学的概念.md	184
ZY30-GS-03-L3.11	CORE_L2	导数定义与可导性	candidate	将差商化为导数定义	candidate	配套习题/张宇基础30讲/01_高等数学篇/第03讲_一元函数微分学的概念.md	199
ZY30-GS-03-YTYL	CORE_L2	导数定义与可导性	candidate	将差商化为导数定义	candidate	配套习题/张宇基础30讲/01_高等数学篇/第03讲_一元函数微分学的概念.md	214
ZY30-GS-03-X01	CORE_L2	函数有界性的判定	candidate	不等式估计或边界行为分析	candidate	配套习题/张宇基础30讲/01_高等数学篇/第03讲_一元函数微分学的概念.md	232
ZY30-GS-03-X02	CORE_L2	导数定义与可导性	candidate	将差商化为导数定义	candidate	配套习题/张宇基础30讲/01_高等数学篇/第03讲_一元函数微分学的概念.md	247
ZY30-GS-03-X03	CORE_L2	曲线切线与法线	candidate	用导数确定切线方向	candidate	配套习题/张宇基础30讲/01_高等数学篇/第03讲_一元函数微分学的概念.md	262
ZY30-GS-03-X04	CORE_L2	导数定义与可导性	candidate	将差商化为导数定义	candidate	配套习题/张宇基础30讲/01_高等数学篇/第03讲_一元函数微分学的概念.md	277
ZY30-GS-03-X05	CORE_L2	一元函数求导	candidate	求导法则与复合链式法则	candidate	配套习题/张宇基础30讲/01_高等数学篇/第03讲_一元函数微分学的概念.md	292
ZY30-GS-03-X06	CORE_L2	一元函数求导	candidate	求导法则与复合链式法则	candidate	配套习题/张宇基础30讲/01_高等数学篇/第03讲_一元函数微分学的概念.md	302
ZY30-GS-03-X07	CORE_L2	导数定义与可导性	candidate	将差商化为导数定义	candidate	配套习题/张宇基础30讲/01_高等数学篇/第03讲_一元函数微分学的概念.md	312
ZY30-GS-03-X08	CORE_L2	导数定义与可导性	candidate	将差商化为导数定义	candidate	配套习题/张宇基础30讲/01_高等数学篇/第03讲_一元函数微分学的概念.md	322
ZY30-GS-03-X09	CORE_L2	导数定义与可导性	candidate	将差商化为导数定义	candidate	配套习题/张宇基础30讲/01_高等数学篇/第03讲_一元函数微分学的概念.md	332
ZY30-GS-04-L4.01	CORE_L2	一元函数求导	candidate	求导法则与复合链式法则	candidate	配套习题/张宇基础30讲/01_高等数学篇/第04讲_一元函数微分学的计算.md	9
ZY30-GS-04-L4.02	CORE_L2	一元函数求导	candidate	求导法则与复合链式法则	candidate	配套习题/张宇基础30讲/01_高等数学篇/第04讲_一元函数微分学的计算.md	19
ZY30-GS-04-L4.03	CORE_L2	一元函数求导	candidate	求导法则与复合链式法则	candidate	配套习题/张宇基础30讲/01_高等数学篇/第04讲_一元函数微分学的计算.md	29
ZY30-GS-04-L4.04	CORE_L2	一元函数求导	candidate	求导法则与复合链式法则	candidate	配套习题/张宇基础30讲/01_高等数学篇/第04讲_一元函数微分学的计算.md	39
ZY30-GS-04-L4.05	CORE_L2	一元函数求导	candidate	求导法则与复合链式法则	candidate	配套习题/张宇基础30讲/01_高等数学篇/第04讲_一元函数微分学的计算.md	49
ZY30-GS-04-L4.06	CORE_L2	一元函数求导	candidate	求导法则与复合链式法则	candidate	配套习题/张宇基础30讲/01_高等数学篇/第04讲_一元函数微分学的计算.md	59
ZY30-GS-04-L4.07	CORE_L2	反函数及定义域	candidate	限制单调区间后反解自变量	candidate	配套习题/张宇基础30讲/01_高等数学篇/第04讲_一元函数微分学的计算.md	69
ZY30-GS-04-L4.08	CORE_L2	一元函数求导	candidate	求导法则与复合链式法则	candidate	配套习题/张宇基础30讲/01_高等数学篇/第04讲_一元函数微分学的计算.md	79
ZY30-GS-04-L4.09	CORE_L2	一元函数求导	candidate	求导法则与复合链式法则	candidate	配套习题/张宇基础30讲/01_高等数学篇/第04讲_一元函数微分学的计算.md	89
ZY30-GS-04-L4.10	CORE_L2	一元函数求导	candidate	求导法则与复合链式法则	candidate	配套习题/张宇基础30讲/01_高等数学篇/第04讲_一元函数微分学的计算.md	99
ZY30-GS-04-L4.11	CORE_L2	一元函数求导	candidate	求导法则与复合链式法则	candidate	配套习题/张宇基础30讲/01_高等数学篇/第04讲_一元函数微分学的计算.md	109
ZY30-GS-04-L4.12	CORE_L2	一元函数求导	candidate	求导法则与复合链式法则	candidate	配套习题/张宇基础30讲/01_高等数学篇/第04讲_一元函数微分学的计算.md	119
ZY30-GS-04-L4.13	CORE_L2	一元函数求导	candidate	求导法则与复合链式法则	candidate	配套习题/张宇基础30讲/01_高等数学篇/第04讲_一元函数微分学的计算.md	129
ZY30-GS-04-L4.14	CORE_L2	一元函数求导	candidate	求导法则与复合链式法则	candidate	配套习题/张宇基础30讲/01_高等数学篇/第04讲_一元函数微分学的计算.md	139
ZY30-GS-04-L4.15	CORE_L2		needs_review		needs_review	配套习题/张宇基础30讲/01_高等数学篇/第04讲_一元函数微分学的计算.md	149
ZY30-GS-04-L4.16	CORE_L2	一元函数求导	candidate	求导法则与复合链式法则	candidate	配套习题/张宇基础30讲/01_高等数学篇/第04讲_一元函数微分学的计算.md	164
ZY30-GS-04-L4.17	CORE_L2		needs_review		needs_review	配套习题/张宇基础30讲/01_高等数学篇/第04讲_一元函数微分学的计算.md	174
ZY30-GS-04-L4.18	CORE_L2		needs_review		needs_review	配套习题/张宇基础30讲/01_高等数学篇/第04讲_一元函数微分学的计算.md	184
ZY30-GS-04-L4.19	CORE_L2		needs_review		needs_review	配套习题/张宇基础30讲/01_高等数学篇/第04讲_一元函数微分学的计算.md	199
ZY30-GS-04-X01	CORE_L2		needs_review		needs_review	配套习题/张宇基础30讲/01_高等数学篇/第04讲_一元函数微分学的计算.md	212
ZY30-GS-04-X02	CORE_L2	一元函数求导	candidate	求导法则与复合链式法则	candidate	配套习题/张宇基础30讲/01_高等数学篇/第04讲_一元函数微分学的计算.md	227
ZY30-GS-04-X03	CORE_L2	反函数及定义域	candidate	限制单调区间后反解自变量	candidate	配套习题/张宇基础30讲/01_高等数学篇/第04讲_一元函数微分学的计算.md	237
ZY30-GS-04-X04	CORE_L2	一元函数求导	candidate	求导法则与复合链式法则	candidate	配套习题/张宇基础30讲/01_高等数学篇/第04讲_一元函数微分学的计算.md	247
ZY30-GS-04-X05	CORE_L2	一元函数求导	candidate	求导法则与复合链式法则	candidate	配套习题/张宇基础30讲/01_高等数学篇/第04讲_一元函数微分学的计算.md	257
ZY30-GS-04-X06	CORE_L2	一元函数求导	candidate	求导法则与复合链式法则	candidate	配套习题/张宇基础30讲/01_高等数学篇/第04讲_一元函数微分学的计算.md	267
ZY30-GS-04-X07	CORE_L2	导数定义与可导性	candidate	将差商化为导数定义	candidate	配套习题/张宇基础30讲/01_高等数学篇/第04讲_一元函数微分学的计算.md	277
ZY30-GS-04-X08	CORE_L2	一元函数求导	candidate	求导法则与复合链式法则	candidate	配套习题/张宇基础30讲/01_高等数学篇/第04讲_一元函数微分学的计算.md	287
ZY30-GS-05-L5.01	CORE_L2		needs_review		needs_review	配套习题/张宇基础30讲/01_高等数学篇/第05讲_一元函数微分学的几何应用.md	9
ZY30-GS-05-L5.02	CORE_L2	一元函数最值	candidate	导数符号与边界比较	candidate	配套习题/张宇基础30讲/01_高等数学篇/第05讲_一元函数微分学的几何应用.md	24
ZY30-GS-05-L5.03	CORE_L2	一元函数最值	candidate	导数符号与边界比较	candidate	配套习题/张宇基础30讲/01_高等数学篇/第05讲_一元函数微分学的几何应用.md	39
ZY30-GS-05-L5.04	CORE_L2	一元函数最值	candidate	导数符号与边界比较	candidate	配套习题/张宇基础30讲/01_高等数学篇/第05讲_一元函数微分学的几何应用.md	49
ZY30-GS-05-L5.05	CORE_L2		needs_review		needs_review	配套习题/张宇基础30讲/01_高等数学篇/第05讲_一元函数微分学的几何应用.md	59
ZY30-GS-05-L5.06	CORE_L2		needs_review		needs_review	配套习题/张宇基础30讲/01_高等数学篇/第05讲_一元函数微分学的几何应用.md	74
ZY30-GS-05-L5.07	CORE_L2	凹凸性与拐点	candidate	考查二阶导数及其变号	candidate	配套习题/张宇基础30讲/01_高等数学篇/第05讲_一元函数微分学的几何应用.md	89
ZY30-GS-05-L5.08	CORE_L2	凹凸性与拐点	candidate	考查二阶导数及其变号	candidate	配套习题/张宇基础30讲/01_高等数学篇/第05讲_一元函数微分学的几何应用.md	104
ZY30-GS-05-Z2-P151	CORE_L2	凹凸性与拐点	candidate	考查二阶导数及其变号	candidate	配套习题/张宇基础30讲/01_高等数学篇/第05讲_一元函数微分学的几何应用.md	119
ZY30-GS-05-L5.09	CORE_L2	曲线渐近线	candidate	以差值极限识别渐近行为	candidate	配套习题/张宇基础30讲/01_高等数学篇/第05讲_一元函数微分学的几何应用.md	134
ZY30-GS-05-L5.10	CORE_L2		needs_review		needs_review	配套习题/张宇基础30讲/01_高等数学篇/第05讲_一元函数微分学的几何应用.md	144
ZY30-GS-05-L5.11	CORE_L2		needs_review		needs_review	配套习题/张宇基础30讲/01_高等数学篇/第05讲_一元函数微分学的几何应用.md	154
ZY30-GS-05-L5.12	CORE_L2		needs_review		needs_review	配套习题/张宇基础30讲/01_高等数学篇/第05讲_一元函数微分学的几何应用.md	164
ZY30-GS-05-L5.13	CORE_L2		needs_review		needs_review	配套习题/张宇基础30讲/01_高等数学篇/第05讲_一元函数微分学的几何应用.md	174
ZY30-GS-05-L5.14	CORE_L2		needs_review		needs_review	配套习题/张宇基础30讲/01_高等数学篇/第05讲_一元函数微分学的几何应用.md	184
ZY30-GS-05-L5.15	CORE_L2		needs_review		needs_review	配套习题/张宇基础30讲/01_高等数学篇/第05讲_一元函数微分学的几何应用.md	194
ZY30-GS-05-X01	CORE_L2	一元函数最值	candidate	导数符号与边界比较	candidate	配套习题/张宇基础30讲/01_高等数学篇/第05讲_一元函数微分学的几何应用.md	207
ZY30-GS-05-X02	CORE_L2	一元函数最值	candidate	导数符号与边界比较	candidate	配套习题/张宇基础30讲/01_高等数学篇/第05讲_一元函数微分学的几何应用.md	222
ZY30-GS-05-X03	CORE_L2	曲线渐近线	candidate	以差值极限识别渐近行为	candidate	配套习题/张宇基础30讲/01_高等数学篇/第05讲_一元函数微分学的几何应用.md	237
ZY30-GS-05-X04	CORE_L2	曲线切线与法线	candidate	用导数确定切线方向	candidate	配套习题/张宇基础30讲/01_高等数学篇/第05讲_一元函数微分学的几何应用.md	247
ZY30-GS-05-X05	CORE_L2	凹凸性与拐点	candidate	考查二阶导数及其变号	candidate	配套习题/张宇基础30讲/01_高等数学篇/第05讲_一元函数微分学的几何应用.md	257
ZY30-GS-05-X06	CORE_L2	一元函数最值	candidate	导数符号与边界比较	candidate	配套习题/张宇基础30讲/01_高等数学篇/第05讲_一元函数微分学的几何应用.md	267
ZY30-GS-05-X07	CORE_L2	曲线渐近线	candidate	以差值极限识别渐近行为	candidate	配套习题/张宇基础30讲/01_高等数学篇/第05讲_一元函数微分学的几何应用.md	277
ZY30-GS-05-X08	CORE_L2		needs_review		needs_review	配套习题/张宇基础30讲/01_高等数学篇/第05讲_一元函数微分学的几何应用.md	287
ZY30-GS-05-X09	CORE_L2	一元函数最值	candidate	导数符号与边界比较	candidate	配套习题/张宇基础30讲/01_高等数学篇/第05讲_一元函数微分学的几何应用.md	297
ZY30-GS-06-L6.01	CORE_L2	微分中值定理的应用	candidate	构造辅助函数并核对定理条件	candidate	配套习题/张宇基础30讲/01_高等数学篇/第06讲_中值定理、微分等式与微分不等式.md	9
ZY30-GS-06-L6.02	CORE_L2	微分中值定理的应用	candidate	构造辅助函数并核对定理条件	candidate	配套习题/张宇基础30讲/01_高等数学篇/第06讲_中值定理、微分等式与微分不等式.md	19
ZY30-GS-06-L6.03	CORE_L2	微分中值定理的应用	candidate	构造辅助函数并核对定理条件	candidate	配套习题/张宇基础30讲/01_高等数学篇/第06讲_中值定理、微分等式与微分不等式.md	29
ZY30-GS-06-L6.04	CORE_L2	微分中值定理的应用	candidate	构造辅助函数并核对定理条件	candidate	配套习题/张宇基础30讲/01_高等数学篇/第06讲_中值定理、微分等式与微分不等式.md	39
ZY30-GS-06-L6.05	CORE_L2	微分中值定理的应用	candidate	构造辅助函数并核对定理条件	candidate	配套习题/张宇基础30讲/01_高等数学篇/第06讲_中值定理、微分等式与微分不等式.md	49
ZY30-GS-06-L6.06	CORE_L2	微分中值定理的应用	candidate	构造辅助函数并核对定理条件	candidate	配套习题/张宇基础30讲/01_高等数学篇/第06讲_中值定理、微分等式与微分不等式.md	59
ZY30-GS-06-L6.07	CORE_L2	微分中值定理的应用	candidate	构造辅助函数并核对定理条件	candidate	配套习题/张宇基础30讲/01_高等数学篇/第06讲_中值定理、微分等式与微分不等式.md	69
ZY30-GS-06-L6.08	CORE_L2	函数有界性的判定	candidate	不等式估计或边界行为分析	candidate	配套习题/张宇基础30讲/01_高等数学篇/第06讲_中值定理、微分等式与微分不等式.md	79
ZY30-GS-06-L6.09	CORE_L2	微分中值定理的应用	candidate	构造辅助函数并核对定理条件	candidate	配套习题/张宇基础30讲/01_高等数学篇/第06讲_中值定理、微分等式与微分不等式.md	89
ZY30-GS-06-L6.10	CORE_L2		needs_review		needs_review	配套习题/张宇基础30讲/01_高等数学篇/第06讲_中值定理、微分等式与微分不等式.md	99
ZY30-GS-06-L6.11	CORE_L2	微分中值定理的应用	candidate	构造辅助函数并核对定理条件	candidate	配套习题/张宇基础30讲/01_高等数学篇/第06讲_中值定理、微分等式与微分不等式.md	114
ZY30-GS-06-L6.12	CORE_L2		needs_review		needs_review	配套习题/张宇基础30讲/01_高等数学篇/第06讲_中值定理、微分等式与微分不等式.md	124
ZY30-GS-06-L6.13	CORE_L2	微分中值定理的应用	candidate	构造辅助函数并核对定理条件	candidate	配套习题/张宇基础30讲/01_高等数学篇/第06讲_中值定理、微分等式与微分不等式.md	139
ZY30-GS-06-L6.14	CORE_L2		needs_review		needs_review	配套习题/张宇基础30讲/01_高等数学篇/第06讲_中值定理、微分等式与微分不等式.md	149
ZY30-GS-06-L6.15	CORE_L2		needs_review		needs_review	配套习题/张宇基础30讲/01_高等数学篇/第06讲_中值定理、微分等式与微分不等式.md	164
ZY30-GS-06-L6.16	CORE_L2	微分中值定理的应用	candidate	构造辅助函数并核对定理条件	candidate	配套习题/张宇基础30讲/01_高等数学篇/第06讲_中值定理、微分等式与微分不等式.md	179
ZY30-GS-06-L6.17	CORE_L2		needs_review		needs_review	配套习题/张宇基础30讲/01_高等数学篇/第06讲_中值定理、微分等式与微分不等式.md	189
ZY30-GS-06-L6.18	CORE_L2	微分中值定理的应用	candidate	构造辅助函数并核对定理条件	candidate	配套习题/张宇基础30讲/01_高等数学篇/第06讲_中值定理、微分等式与微分不等式.md	199
ZY30-GS-06-L6.19	CORE_L2	微分中值定理的应用	candidate	构造辅助函数并核对定理条件	candidate	配套习题/张宇基础30讲/01_高等数学篇/第06讲_中值定理、微分等式与微分不等式.md	209
ZY30-GS-06-L6.20	CORE_L2	微分中值定理的应用	candidate	构造辅助函数并核对定理条件	candidate	配套习题/张宇基础30讲/01_高等数学篇/第06讲_中值定理、微分等式与微分不等式.md	219
ZY30-GS-06-L6.21	CORE_L2	微分中值定理的应用	candidate	构造辅助函数并核对定理条件	candidate	配套习题/张宇基础30讲/01_高等数学篇/第06讲_中值定理、微分等式与微分不等式.md	229
ZY30-GS-06-X01	CORE_L2		needs_review		needs_review	配套习题/张宇基础30讲/01_高等数学篇/第06讲_中值定理、微分等式与微分不等式.md	242
ZY30-GS-06-X02	CORE_L2	分段函数连续性与参数条件	candidate	匹配单侧极限和函数值	candidate	配套习题/张宇基础30讲/01_高等数学篇/第06讲_中值定理、微分等式与微分不等式.md	257
ZY30-GS-06-X03	CORE_L2	微分中值定理的应用	candidate	构造辅助函数并核对定理条件	candidate	配套习题/张宇基础30讲/01_高等数学篇/第06讲_中值定理、微分等式与微分不等式.md	272
ZY30-GS-06-X04	CORE_L2	微分中值定理的应用	candidate	构造辅助函数并核对定理条件	candidate	配套习题/张宇基础30讲/01_高等数学篇/第06讲_中值定理、微分等式与微分不等式.md	282
ZY30-GS-06-X05	CORE_L2	微分中值定理的应用	candidate	构造辅助函数并核对定理条件	candidate	配套习题/张宇基础30讲/01_高等数学篇/第06讲_中值定理、微分等式与微分不等式.md	292
ZY30-GS-06-X06	CORE_L2	微分中值定理的应用	candidate	构造辅助函数并核对定理条件	candidate	配套习题/张宇基础30讲/01_高等数学篇/第06讲_中值定理、微分等式与微分不等式.md	302
ZY30-GS-06-X07	CORE_L2	微分中值定理的应用	candidate	构造辅助函数并核对定理条件	candidate	配套习题/张宇基础30讲/01_高等数学篇/第06讲_中值定理、微分等式与微分不等式.md	312
ZY30-GS-06-X08	CORE_L2	高阶无穷小与局部展开	candidate	局部展开并比较首个非零项	candidate	配套习题/张宇基础30讲/01_高等数学篇/第06讲_中值定理、微分等式与微分不等式.md	322
ZY30-GS-06-X09	CORE_L2	微分中值定理的应用	candidate	构造辅助函数并核对定理条件	candidate	配套习题/张宇基础30讲/01_高等数学篇/第06讲_中值定理、微分等式与微分不等式.md	332
ZY30-GS-06-X10	CORE_L2	微分中值定理的应用	candidate	构造辅助函数并核对定理条件	candidate	配套习题/张宇基础30讲/01_高等数学篇/第06讲_中值定理、微分等式与微分不等式.md	342
ZY30-GS-07-L7.01	CORE_L2	相关变化率	candidate	对几何关系关于时间求导	candidate	配套习题/张宇基础30讲/01_高等数学篇/第07讲_一元函数微分学的物理应用.md	9
ZY30-GS-07-X01	CORE_L2	相关变化率	candidate	对几何关系关于时间求导	candidate	配套习题/张宇基础30讲/01_高等数学篇/第07讲_一元函数微分学的物理应用.md	22
ZY30-GS-07-X03	CORE_L2	相关变化率	candidate	对几何关系关于时间求导	candidate	配套习题/张宇基础30讲/01_高等数学篇/第07讲_一元函数微分学的物理应用.md	32
ZY30-GS-08-L8.01	CORE_L2	不定积分与原函数	candidate	辨认原函数或作积分变换	candidate	配套习题/张宇基础30讲/01_高等数学篇/第08讲_一元函数积分学的概念与性质.md	9
ZY30-GS-08-L8.02	CORE_L2	不定积分与原函数	candidate	辨认原函数或作积分变换	candidate	配套习题/张宇基础30讲/01_高等数学篇/第08讲_一元函数积分学的概念与性质.md	24
ZY30-GS-08-L8.03	CORE_L2	不定积分与原函数	candidate	辨认原函数或作积分变换	candidate	配套习题/张宇基础30讲/01_高等数学篇/第08讲_一元函数积分学的概念与性质.md	39
ZY30-GS-08-L8.04	CORE_L2	反函数及定义域	candidate	限制单调区间后反解自变量	candidate	配套习题/张宇基础30讲/01_高等数学篇/第08讲_一元函数积分学的概念与性质.md	54
ZY30-GS-08-L8.05	CORE_L2	定积分表示平面区域面积	candidate	分区建立面积微元	candidate	配套习题/张宇基础30讲/01_高等数学篇/第08讲_一元函数积分学的概念与性质.md	69
ZY30-GS-08-L8.06	CORE_L2	函数极限的计算与存在性	candidate	辨认极限类型并核对运算法则	candidate	配套习题/张宇基础30讲/01_高等数学篇/第08讲_一元函数积分学的概念与性质.md	84
ZY30-GS-08-L8.07	CORE_L2	定积分计算	candidate	积分变换与牛顿莱布尼茨公式	candidate	配套习题/张宇基础30讲/01_高等数学篇/第08讲_一元函数积分学的概念与性质.md	99
ZY30-GS-08-L8.08	CORE_L2	定积分计算	candidate	积分变换与牛顿莱布尼茨公式	candidate	配套习题/张宇基础30讲/01_高等数学篇/第08讲_一元函数积分学的概念与性质.md	109
ZY30-GS-08-L8.09	CORE_L2	定积分计算	candidate	积分变换与牛顿莱布尼茨公式	candidate	配套习题/张宇基础30讲/01_高等数学篇/第08讲_一元函数积分学的概念与性质.md	119
ZY30-GS-08-L8.10	CORE_L2	定积分计算	candidate	积分变换与牛顿莱布尼茨公式	candidate	配套习题/张宇基础30讲/01_高等数学篇/第08讲_一元函数积分学的概念与性质.md	134
ZY30-GS-08-L8.11	CORE_L2	定积分计算	candidate	积分变换与牛顿莱布尼茨公式	candidate	配套习题/张宇基础30讲/01_高等数学篇/第08讲_一元函数积分学的概念与性质.md	149
ZY30-GS-08-L8.12	CORE_L2	定积分计算	candidate	积分变换与牛顿莱布尼茨公式	candidate	配套习题/张宇基础30讲/01_高等数学篇/第08讲_一元函数积分学的概念与性质.md	164
ZY30-GS-08-L8.13	CORE_L2	定积分计算	candidate	积分变换与牛顿莱布尼茨公式	candidate	配套习题/张宇基础30讲/01_高等数学篇/第08讲_一元函数积分学的概念与性质.md	179
ZY30-GS-08-L8.14	CORE_L2	函数有界性的判定	candidate	不等式估计或边界行为分析	candidate	配套习题/张宇基础30讲/01_高等数学篇/第08讲_一元函数积分学的概念与性质.md	194
ZY30-GS-08-L8.15	CORE_L2	反常积分敛散性与计算	candidate	化为端点极限并检查收敛	candidate	配套习题/张宇基础30讲/01_高等数学篇/第08讲_一元函数积分学的概念与性质.md	204
ZY30-GS-08-L8.16	CORE_L2	反常积分敛散性与计算	candidate	化为端点极限并检查收敛	candidate	配套习题/张宇基础30讲/01_高等数学篇/第08讲_一元函数积分学的概念与性质.md	219
ZY30-GS-08-L8.17	CORE_L2	反常积分敛散性与计算	candidate	化为端点极限并检查收敛	candidate	配套习题/张宇基础30讲/01_高等数学篇/第08讲_一元函数积分学的概念与性质.md	229
ZY30-GS-08-L8.18	CORE_L2	反常积分敛散性与计算	candidate	化为端点极限并检查收敛	candidate	配套习题/张宇基础30讲/01_高等数学篇/第08讲_一元函数积分学的概念与性质.md	244
ZY30-GS-08-L8.19	CORE_L2	反常积分敛散性与计算	candidate	化为端点极限并检查收敛	candidate	配套习题/张宇基础30讲/01_高等数学篇/第08讲_一元函数积分学的概念与性质.md	259
ZY30-GS-08-X01	CORE_L2	定积分计算	candidate	积分变换与牛顿莱布尼茨公式	candidate	配套习题/张宇基础30讲/01_高等数学篇/第08讲_一元函数积分学的概念与性质.md	277
ZY30-GS-08-X02	CORE_L2	不定积分与原函数	candidate	辨认原函数或作积分变换	candidate	配套习题/张宇基础30讲/01_高等数学篇/第08讲_一元函数积分学的概念与性质.md	292
ZY30-GS-08-X03	CORE_L2	反常积分敛散性与计算	candidate	化为端点极限并检查收敛	candidate	配套习题/张宇基础30讲/01_高等数学篇/第08讲_一元函数积分学的概念与性质.md	307
ZY30-GS-08-X04	CORE_L2	函数极限的计算与存在性	candidate	辨认极限类型并核对运算法则	candidate	配套习题/张宇基础30讲/01_高等数学篇/第08讲_一元函数积分学的概念与性质.md	322
ZY30-GS-08-X05	CORE_L2	函数极限的计算与存在性	candidate	辨认极限类型并核对运算法则	candidate	配套习题/张宇基础30讲/01_高等数学篇/第08讲_一元函数积分学的概念与性质.md	332
ZY30-GS-08-X06	CORE_L2	取整函数的性质与极限	candidate	取整界估计与区间分解	candidate	配套习题/张宇基础30讲/01_高等数学篇/第08讲_一元函数积分学的概念与性质.md	342
ZY30-GS-08-X07	CORE_L2	定积分计算	candidate	积分变换与牛顿莱布尼茨公式	candidate	配套习题/张宇基础30讲/01_高等数学篇/第08讲_一元函数积分学的概念与性质.md	352
ZY30-GS-09-L9.01	CORE_L2	不定积分与原函数	candidate	辨认原函数或作积分变换	candidate	配套习题/张宇基础30讲/01_高等数学篇/第09讲_一元函数积分学的计算.md	9
ZY30-GS-09-L9.02	CORE_L2	不定积分与原函数	candidate	辨认原函数或作积分变换	candidate	配套习题/张宇基础30讲/01_高等数学篇/第09讲_一元函数积分学的计算.md	19
ZY30-GS-09-L9.03	CORE_L2	不定积分与原函数	candidate	辨认原函数或作积分变换	candidate	配套习题/张宇基础30讲/01_高等数学篇/第09讲_一元函数积分学的计算.md	29
ZY30-GS-09-L9.04	CORE_L2	不定积分与原函数	candidate	辨认原函数或作积分变换	candidate	配套习题/张宇基础30讲/01_高等数学篇/第09讲_一元函数积分学的计算.md	39
ZY30-GS-09-L9.05	CORE_L2	不定积分与原函数	candidate	辨认原函数或作积分变换	candidate	配套习题/张宇基础30讲/01_高等数学篇/第09讲_一元函数积分学的计算.md	49
ZY30-GS-09-L9.06	CORE_L2	不定积分与原函数	candidate	辨认原函数或作积分变换	candidate	配套习题/张宇基础30讲/01_高等数学篇/第09讲_一元函数积分学的计算.md	59
ZY30-GS-09-L9.07	CORE_L2	不定积分与原函数	candidate	辨认原函数或作积分变换	candidate	配套习题/张宇基础30讲/01_高等数学篇/第09讲_一元函数积分学的计算.md	69
ZY30-GS-09-L9.08	CORE_L2	不定积分与原函数	candidate	辨认原函数或作积分变换	candidate	配套习题/张宇基础30讲/01_高等数学篇/第09讲_一元函数积分学的计算.md	79
ZY30-GS-09-L9.09	CORE_L2	不定积分与原函数	candidate	辨认原函数或作积分变换	candidate	配套习题/张宇基础30讲/01_高等数学篇/第09讲_一元函数积分学的计算.md	89
ZY30-GS-09-L9.10	CORE_L2	不定积分与原函数	candidate	辨认原函数或作积分变换	candidate	配套习题/张宇基础30讲/01_高等数学篇/第09讲_一元函数积分学的计算.md	99
ZY30-GS-09-L9.11	CORE_L2	定积分计算	candidate	积分变换与牛顿莱布尼茨公式	candidate	配套习题/张宇基础30讲/01_高等数学篇/第09讲_一元函数积分学的计算.md	109
ZY30-GS-09-L9.12	CORE_L2	函数极限的计算与存在性	candidate	辨认极限类型并核对运算法则	candidate	配套习题/张宇基础30讲/01_高等数学篇/第09讲_一元函数积分学的计算.md	119
ZY30-GS-09-L9.13	CORE_L2	定积分计算	candidate	积分变换与牛顿莱布尼茨公式	candidate	配套习题/张宇基础30讲/01_高等数学篇/第09讲_一元函数积分学的计算.md	129
ZY30-GS-09-L9.14	CORE_L2	定积分计算	candidate	积分变换与牛顿莱布尼茨公式	candidate	配套习题/张宇基础30讲/01_高等数学篇/第09讲_一元函数积分学的计算.md	139
ZY30-GS-09-L9.15	CORE_L2	定积分计算	candidate	积分变换与牛顿莱布尼茨公式	candidate	配套习题/张宇基础30讲/01_高等数学篇/第09讲_一元函数积分学的计算.md	149
ZY30-GS-09-L9.16	CORE_L2	函数周期性及平移关系	candidate	迭代平移关系	candidate	配套习题/张宇基础30讲/01_高等数学篇/第09讲_一元函数积分学的计算.md	159
ZY30-GS-09-L9.17	CORE_L2	定积分计算	candidate	积分变换与牛顿莱布尼茨公式	candidate	配套习题/张宇基础30讲/01_高等数学篇/第09讲_一元函数积分学的计算.md	169
ZY30-GS-09-L9.18	CORE_L2	定积分计算	candidate	积分变换与牛顿莱布尼茨公式	candidate	配套习题/张宇基础30讲/01_高等数学篇/第09讲_一元函数积分学的计算.md	179
ZY30-GS-09-L9.19	CORE_L2	定积分计算	candidate	积分变换与牛顿莱布尼茨公式	candidate	配套习题/张宇基础30讲/01_高等数学篇/第09讲_一元函数积分学的计算.md	189
ZY30-GS-09-L9.20	CORE_L2	曲线切线与法线	candidate	用导数确定切线方向	candidate	配套习题/张宇基础30讲/01_高等数学篇/第09讲_一元函数积分学的计算.md	204
ZY30-GS-09-L9.21	CORE_L2	高阶无穷小与局部展开	candidate	局部展开并比较首个非零项	candidate	配套习题/张宇基础30讲/01_高等数学篇/第09讲_一元函数积分学的计算.md	219
ZY30-GS-09-L9.22	CORE_L2	定积分计算	candidate	积分变换与牛顿莱布尼茨公式	candidate	配套习题/张宇基础30讲/01_高等数学篇/第09讲_一元函数积分学的计算.md	229
ZY30-GS-09-L9.23	CORE_L2	函数奇偶性的判定	candidate	比较相反自变量处的函数值	candidate	配套习题/张宇基础30讲/01_高等数学篇/第09讲_一元函数积分学的计算.md	244
ZY30-GS-09-L9.24	CORE_L2	函数奇偶性的判定	candidate	比较相反自变量处的函数值	candidate	配套习题/张宇基础30讲/01_高等数学篇/第09讲_一元函数积分学的计算.md	254
ZY30-GS-09-L9.25	CORE_L2	函数周期性及平移关系	candidate	迭代平移关系	candidate	配套习题/张宇基础30讲/01_高等数学篇/第09讲_一元函数积分学的计算.md	269
ZY30-GS-09-L9.26	CORE_L2	反常积分敛散性与计算	candidate	化为端点极限并检查收敛	candidate	配套习题/张宇基础30讲/01_高等数学篇/第09讲_一元函数积分学的计算.md	279
ZY30-GS-09-L9.27	CORE_L2	定积分计算	candidate	积分变换与牛顿莱布尼茨公式	candidate	配套习题/张宇基础30讲/01_高等数学篇/第09讲_一元函数积分学的计算.md	289
ZY30-GS-09-L9.28	CORE_L2	定积分计算	candidate	积分变换与牛顿莱布尼茨公式	candidate	配套习题/张宇基础30讲/01_高等数学篇/第09讲_一元函数积分学的计算.md	299
ZY30-GS-09-L9.29	CORE_L2	定积分计算	candidate	积分变换与牛顿莱布尼茨公式	candidate	配套习题/张宇基础30讲/01_高等数学篇/第09讲_一元函数积分学的计算.md	309
ZY30-GS-09-X01	CORE_L2	不定积分与原函数	candidate	辨认原函数或作积分变换	candidate	配套习题/张宇基础30讲/01_高等数学篇/第09讲_一元函数积分学的计算.md	322
ZY30-GS-09-X02	CORE_L2	定积分计算	candidate	积分变换与牛顿莱布尼茨公式	candidate	配套习题/张宇基础30讲/01_高等数学篇/第09讲_一元函数积分学的计算.md	332
ZY30-GS-09-X03	CORE_L2	定积分计算	candidate	积分变换与牛顿莱布尼茨公式	candidate	配套习题/张宇基础30讲/01_高等数学篇/第09讲_一元函数积分学的计算.md	342
ZY30-GS-09-X04	CORE_L2	不定积分与原函数	candidate	辨认原函数或作积分变换	candidate	配套习题/张宇基础30讲/01_高等数学篇/第09讲_一元函数积分学的计算.md	352
ZY30-GS-09-X05	CORE_L2	不定积分与原函数	candidate	辨认原函数或作积分变换	candidate	配套习题/张宇基础30讲/01_高等数学篇/第09讲_一元函数积分学的计算.md	362
ZY30-GS-09-X06	CORE_L2	定积分计算	candidate	积分变换与牛顿莱布尼茨公式	candidate	配套习题/张宇基础30讲/01_高等数学篇/第09讲_一元函数积分学的计算.md	372
ZY30-GS-09-X07	CORE_L2	不定积分与原函数	candidate	辨认原函数或作积分变换	candidate	配套习题/张宇基础30讲/01_高等数学篇/第09讲_一元函数积分学的计算.md	382
ZY30-GS-09-X08	CORE_L2	不定积分与原函数	candidate	辨认原函数或作积分变换	candidate	配套习题/张宇基础30讲/01_高等数学篇/第09讲_一元函数积分学的计算.md	392
ZY30-GS-09-X09	CORE_L2	不定积分与原函数	candidate	辨认原函数或作积分变换	candidate	配套习题/张宇基础30讲/01_高等数学篇/第09讲_一元函数积分学的计算.md	402
ZY30-GS-09-X10	CORE_L2	定积分计算	candidate	积分变换与牛顿莱布尼茨公式	candidate	配套习题/张宇基础30讲/01_高等数学篇/第09讲_一元函数积分学的计算.md	412
ZY30-GS-09-X11	CORE_L2	定积分计算	candidate	积分变换与牛顿莱布尼茨公式	candidate	配套习题/张宇基础30讲/01_高等数学篇/第09讲_一元函数积分学的计算.md	422
ZY30-GS-09-X12	CORE_L2	定积分计算	candidate	积分变换与牛顿莱布尼茨公式	candidate	配套习题/张宇基础30讲/01_高等数学篇/第09讲_一元函数积分学的计算.md	432
ZY30-GS-09-X13	CORE_L2	定积分计算	candidate	积分变换与牛顿莱布尼茨公式	candidate	配套习题/张宇基础30讲/01_高等数学篇/第09讲_一元函数积分学的计算.md	442
ZY30-GS-09-X14	CORE_L2	定积分计算	candidate	积分变换与牛顿莱布尼茨公式	candidate	配套习题/张宇基础30讲/01_高等数学篇/第09讲_一元函数积分学的计算.md	452
ZY30-GS-09-X15	CORE_L2	定积分计算	candidate	积分变换与牛顿莱布尼茨公式	candidate	配套习题/张宇基础30讲/01_高等数学篇/第09讲_一元函数积分学的计算.md	462
ZY30-GS-09-X16	CORE_L2	定积分计算	candidate	积分变换与牛顿莱布尼茨公式	candidate	配套习题/张宇基础30讲/01_高等数学篇/第09讲_一元函数积分学的计算.md	472
ZY30-GS-09-X17	CORE_L2	定积分计算	candidate	积分变换与牛顿莱布尼茨公式	candidate	配套习题/张宇基础30讲/01_高等数学篇/第09讲_一元函数积分学的计算.md	482
ZY30-GS-10-L10.01	CORE_L2	定积分表示平面区域面积	candidate	分区建立面积微元	candidate	配套习题/张宇基础30讲/01_高等数学篇/第10讲_一元函数积分学的几何应用.md	9
ZY30-GS-10-L10.02	CORE_L2	定积分表示平面区域面积	candidate	分区建立面积微元	candidate	配套习题/张宇基础30讲/01_高等数学篇/第10讲_一元函数积分学的几何应用.md	19
ZY30-GS-10-L10.03	CORE_L2	定积分表示平面区域面积	candidate	分区建立面积微元	candidate	配套习题/张宇基础30讲/01_高等数学篇/第10讲_一元函数积分学的几何应用.md	29
ZY30-GS-10-L10.04	CORE_L2	定积分表示平面区域面积	candidate	分区建立面积微元	candidate	配套习题/张宇基础30讲/01_高等数学篇/第10讲_一元函数积分学的几何应用.md	39
ZY30-GS-10-L10.05	CORE_L2	旋转体体积	candidate	截面或壳层积分	candidate	配套习题/张宇基础30讲/01_高等数学篇/第10讲_一元函数积分学的几何应用.md	49
ZY30-GS-10-L10.06	CORE_L2	旋转体体积	candidate	截面或壳层积分	candidate	配套习题/张宇基础30讲/01_高等数学篇/第10讲_一元函数积分学的几何应用.md	59
ZY30-GS-10-L10.07	CORE_L2	旋转体体积	candidate	截面或壳层积分	candidate	配套习题/张宇基础30讲/01_高等数学篇/第10讲_一元函数积分学的几何应用.md	69
ZY30-GS-10-L10.08	CORE_L2		needs_review		needs_review	配套习题/张宇基础30讲/01_高等数学篇/第10讲_一元函数积分学的几何应用.md	79
ZY30-GS-10-L10.09	CORE_L2	积分表示质心与形心	candidate	质量矩除以总质量	candidate	配套习题/张宇基础30讲/01_高等数学篇/第10讲_一元函数积分学的几何应用.md	89
ZY30-GS-10-L10.10	CORE_L2	曲线弧长	candidate	弧长微元积分	candidate	配套习题/张宇基础30讲/01_高等数学篇/第10讲_一元函数积分学的几何应用.md	99
ZY30-GS-10-L10.11	CORE_L2	曲线弧长	candidate	弧长微元积分	candidate	配套习题/张宇基础30讲/01_高等数学篇/第10讲_一元函数积分学的几何应用.md	109
ZY30-GS-10-L10.12	CORE_L2	旋转体体积	candidate	截面或壳层积分	candidate	配套习题/张宇基础30讲/01_高等数学篇/第10讲_一元函数积分学的几何应用.md	119
ZY30-GS-10-L10.13	CORE_L2	旋转体体积	candidate	截面或壳层积分	candidate	配套习题/张宇基础30讲/01_高等数学篇/第10讲_一元函数积分学的几何应用.md	129
ZY30-GS-10-L10.14	CORE_L2	旋转体体积	candidate	截面或壳层积分	candidate	配套习题/张宇基础30讲/01_高等数学篇/第10讲_一元函数积分学的几何应用.md	139
ZY30-GS-10-X01	CORE_L2	旋转体体积	candidate	截面或壳层积分	candidate	配套习题/张宇基础30讲/01_高等数学篇/第10讲_一元函数积分学的几何应用.md	152
ZY30-GS-10-X02	CORE_L2	旋转体体积	candidate	截面或壳层积分	candidate	配套习题/张宇基础30讲/01_高等数学篇/第10讲_一元函数积分学的几何应用.md	162
ZY30-GS-10-X03	CORE_L2	曲线弧长	candidate	弧长微元积分	candidate	配套习题/张宇基础30讲/01_高等数学篇/第10讲_一元函数积分学的几何应用.md	172
ZY30-GS-10-X04	CORE_L2	曲线弧长	candidate	弧长微元积分	candidate	配套习题/张宇基础30讲/01_高等数学篇/第10讲_一元函数积分学的几何应用.md	182
ZY30-GS-10-X05	CORE_L2		needs_review		needs_review	配套习题/张宇基础30讲/01_高等数学篇/第10讲_一元函数积分学的几何应用.md	192
ZY30-GS-10-X06	CORE_L2	定积分表示平面区域面积	candidate	分区建立面积微元	candidate	配套习题/张宇基础30讲/01_高等数学篇/第10讲_一元函数积分学的几何应用.md	202
ZY30-GS-10-X07	CORE_L2	旋转体体积	candidate	截面或壳层积分	candidate	配套习题/张宇基础30讲/01_高等数学篇/第10讲_一元函数积分学的几何应用.md	212
ZY30-GS-10-X08	CORE_L2	旋转体体积	candidate	截面或壳层积分	candidate	配套习题/张宇基础30讲/01_高等数学篇/第10讲_一元函数积分学的几何应用.md	222
ZY30-GS-10-X09	CORE_L2	旋转体体积	candidate	截面或壳层积分	candidate	配套习题/张宇基础30讲/01_高等数学篇/第10讲_一元函数积分学的几何应用.md	232
ZY30-GS-11-L11.01	CORE_L2	积分不等式与积分中值定理	candidate	积分性质或辅助函数估计	candidate	配套习题/张宇基础30讲/01_高等数学篇/第11讲_积分等式与积分不等式.md	9
ZY30-GS-11-L11.02	CORE_L2	积分不等式与积分中值定理	candidate	积分性质或辅助函数估计	candidate	配套习题/张宇基础30讲/01_高等数学篇/第11讲_积分等式与积分不等式.md	19
ZY30-GS-11-L11.03	CORE_L2	函数极限的计算与存在性	candidate	辨认极限类型并核对运算法则	candidate	配套习题/张宇基础30讲/01_高等数学篇/第11讲_积分等式与积分不等式.md	29
ZY30-GS-11-L11.04	CORE_L2	函数极限的计算与存在性	candidate	辨认极限类型并核对运算法则	candidate	配套习题/张宇基础30讲/01_高等数学篇/第11讲_积分等式与积分不等式.md	44
ZY30-GS-11-L11.05	CORE_L2	取整函数的性质与极限	candidate	取整界估计与区间分解	candidate	配套习题/张宇基础30讲/01_高等数学篇/第11讲_积分等式与积分不等式.md	54
ZY30-GS-11-L11.06	CORE_L2	积分不等式与积分中值定理	candidate	积分性质或辅助函数估计	candidate	配套习题/张宇基础30讲/01_高等数学篇/第11讲_积分等式与积分不等式.md	64
ZY30-GS-11-L11.07	CORE_L2	函数单调性与变换	candidate	依据定义比较自变量和函数值次序	candidate	配套习题/张宇基础30讲/01_高等数学篇/第11讲_积分等式与积分不等式.md	74
ZY30-GS-11-L11.08	CORE_L2	积分不等式与积分中值定理	candidate	积分性质或辅助函数估计	candidate	配套习题/张宇基础30讲/01_高等数学篇/第11讲_积分等式与积分不等式.md	84
ZY30-GS-11-L11.09	CORE_L2	积分不等式与积分中值定理	candidate	积分性质或辅助函数估计	candidate	配套习题/张宇基础30讲/01_高等数学篇/第11讲_积分等式与积分不等式.md	94
ZY30-GS-11-L11.10	CORE_L2	积分不等式与积分中值定理	candidate	积分性质或辅助函数估计	candidate	配套习题/张宇基础30讲/01_高等数学篇/第11讲_积分等式与积分不等式.md	104
ZY30-GS-11-L11.11	CORE_L2	积分不等式与积分中值定理	candidate	积分性质或辅助函数估计	candidate	配套习题/张宇基础30讲/01_高等数学篇/第11讲_积分等式与积分不等式.md	114
ZY30-GS-11-X01	CORE_L2	积分不等式与积分中值定理	candidate	积分性质或辅助函数估计	candidate	配套习题/张宇基础30讲/01_高等数学篇/第11讲_积分等式与积分不等式.md	127
ZY30-GS-11-X02	CORE_L2	积分不等式与积分中值定理	candidate	积分性质或辅助函数估计	candidate	配套习题/张宇基础30讲/01_高等数学篇/第11讲_积分等式与积分不等式.md	137
ZY30-GS-11-X03	CORE_L2	反函数及定义域	candidate	限制单调区间后反解自变量	candidate	配套习题/张宇基础30讲/01_高等数学篇/第11讲_积分等式与积分不等式.md	147
ZY30-GS-11-X04	CORE_L2	函数单调性与变换	candidate	依据定义比较自变量和函数值次序	candidate	配套习题/张宇基础30讲/01_高等数学篇/第11讲_积分等式与积分不等式.md	157
ZY30-GS-11-X05	CORE_L2	积分不等式与积分中值定理	candidate	积分性质或辅助函数估计	candidate	配套习题/张宇基础30讲/01_高等数学篇/第11讲_积分等式与积分不等式.md	167
ZY30-GS-11-X06	CORE_L2	积分不等式与积分中值定理	candidate	积分性质或辅助函数估计	candidate	配套习题/张宇基础30讲/01_高等数学篇/第11讲_积分等式与积分不等式.md	177
ZY30-GS-12-L12.01-M1	CORE_L2	物理量的积分建模	candidate	微元法建立累积量	candidate	配套习题/张宇基础30讲/01_高等数学篇/第12讲_一元函数积分学的物理与经济应用.md	9
ZY30-GS-12-L12.02-M1	CORE_L2	物理量的积分建模	candidate	微元法建立累积量	candidate	配套习题/张宇基础30讲/01_高等数学篇/第12讲_一元函数积分学的物理与经济应用.md	19
ZY30-GS-12-L12.03-M1	CORE_L2	物理量的积分建模	candidate	微元法建立累积量	candidate	配套习题/张宇基础30讲/01_高等数学篇/第12讲_一元函数积分学的物理与经济应用.md	29
ZY30-GS-12-L注-M1	CORE_L2	旋转体体积	candidate	截面或壳层积分	candidate	配套习题/张宇基础30讲/01_高等数学篇/第12讲_一元函数积分学的物理与经济应用.md	39
ZY30-GS-12-X01	CORE_L2	旋转体体积	candidate	截面或壳层积分	candidate	配套习题/张宇基础30讲/01_高等数学篇/第12讲_一元函数积分学的物理与经济应用.md	52
ZY30-GS-12-X03	CORE_L2	物理量的积分建模	candidate	微元法建立累积量	candidate	配套习题/张宇基础30讲/01_高等数学篇/第12讲_一元函数积分学的物理与经济应用.md	67
ZY30-GS-13-L13.01	CORE_L2	多元函数极限与连续可微性	candidate	路径检验与定义估计	candidate	配套习题/张宇基础30讲/01_高等数学篇/第13讲_多元函数微分学.md	9
ZY30-GS-13-L13.02	CORE_L2		needs_review		needs_review	配套习题/张宇基础30讲/01_高等数学篇/第13讲_多元函数微分学.md	24
ZY30-GS-13-L13.03	CORE_L2		needs_review		needs_review	配套习题/张宇基础30讲/01_高等数学篇/第13讲_多元函数微分学.md	34
ZY30-GS-13-L13.04	CORE_L2		needs_review		needs_review	配套习题/张宇基础30讲/01_高等数学篇/第13讲_多元函数微分学.md	49
ZY30-GS-13-L13.05	CORE_L2	偏导数与全微分	candidate	逐变量求导并组合微分	candidate	配套习题/张宇基础30讲/01_高等数学篇/第13讲_多元函数微分学.md	64
ZY30-GS-13-L13.06	CORE_L2	多元函数极限与连续可微性	candidate	路径检验与定义估计	candidate	配套习题/张宇基础30讲/01_高等数学篇/第13讲_多元函数微分学.md	74
ZY30-GS-13-L13.07	CORE_L2	偏导数与全微分	candidate	逐变量求导并组合微分	candidate	配套习题/张宇基础30讲/01_高等数学篇/第13讲_多元函数微分学.md	84
ZY30-GS-13-L13.08	CORE_L2		needs_review		needs_review	配套习题/张宇基础30讲/01_高等数学篇/第13讲_多元函数微分学.md	99
ZY30-GS-13-L13.09	CORE_L2	偏导数与全微分	candidate	逐变量求导并组合微分	candidate	配套习题/张宇基础30讲/01_高等数学篇/第13讲_多元函数微分学.md	114
ZY30-GS-13-L13.10	CORE_L2	偏导数与全微分	candidate	逐变量求导并组合微分	candidate	配套习题/张宇基础30讲/01_高等数学篇/第13讲_多元函数微分学.md	129
ZY30-GS-13-L13.11	CORE_L2	偏导数与全微分	candidate	逐变量求导并组合微分	candidate	配套习题/张宇基础30讲/01_高等数学篇/第13讲_多元函数微分学.md	139
ZY30-GS-13-L13.12	CORE_L2		needs_review		needs_review	配套习题/张宇基础30讲/01_高等数学篇/第13讲_多元函数微分学.md	149
ZY30-GS-13-L13.13	CORE_L2		needs_review		needs_review	配套习题/张宇基础30讲/01_高等数学篇/第13讲_多元函数微分学.md	159
ZY30-GS-13-L13.14	CORE_L2	偏导数与全微分	candidate	逐变量求导并组合微分	candidate	配套习题/张宇基础30讲/01_高等数学篇/第13讲_多元函数微分学.md	174
ZY30-GS-13-L13.15	CORE_L2		needs_review		needs_review	配套习题/张宇基础30讲/01_高等数学篇/第13讲_多元函数微分学.md	189
ZY30-GS-13-L13.16	CORE_L2	偏导数与全微分	candidate	逐变量求导并组合微分	candidate	配套习题/张宇基础30讲/01_高等数学篇/第13讲_多元函数微分学.md	199
ZY30-GS-13-L13.17	CORE_L2	多元函数极值	candidate	驻点与二阶判别	candidate	配套习题/张宇基础30讲/01_高等数学篇/第13讲_多元函数微分学.md	209
ZY30-GS-13-L13.18	CORE_L2	偏导数与全微分	candidate	逐变量求导并组合微分	candidate	配套习题/张宇基础30讲/01_高等数学篇/第13讲_多元函数微分学.md	224
ZY30-GS-13-L13.19	CORE_L2	多元函数极值	candidate	驻点与二阶判别	candidate	配套习题/张宇基础30讲/01_高等数学篇/第13讲_多元函数微分学.md	239
ZY30-GS-13-L13.20	CORE_L2	多元函数极值	candidate	驻点与二阶判别	candidate	配套习题/张宇基础30讲/01_高等数学篇/第13讲_多元函数微分学.md	249
ZY30-GS-13-L13.21	CORE_L2		needs_review		needs_review	配套习题/张宇基础30讲/01_高等数学篇/第13讲_多元函数微分学.md	259
ZY30-GS-13-L13.22	CORE_L2	多元函数极值	candidate	驻点与二阶判别	candidate	配套习题/张宇基础30讲/01_高等数学篇/第13讲_多元函数微分学.md	269
ZY30-GS-13-X01	CORE_L2	分段函数连续性与参数条件	candidate	匹配单侧极限和函数值	candidate	配套习题/张宇基础30讲/01_高等数学篇/第13讲_多元函数微分学.md	282
ZY30-GS-13-X02	CORE_L2	偏导数与全微分	candidate	逐变量求导并组合微分	candidate	配套习题/张宇基础30讲/01_高等数学篇/第13讲_多元函数微分学.md	297
ZY30-GS-13-X03	CORE_L2		needs_review		needs_review	配套习题/张宇基础30讲/01_高等数学篇/第13讲_多元函数微分学.md	312
ZY30-GS-13-X04	CORE_L2	多元函数极限与连续可微性	candidate	路径检验与定义估计	candidate	配套习题/张宇基础30讲/01_高等数学篇/第13讲_多元函数微分学.md	327
ZY30-GS-13-X05	CORE_L2		needs_review		needs_review	配套习题/张宇基础30讲/01_高等数学篇/第13讲_多元函数微分学.md	342
ZY30-GS-13-X07	CORE_L2		needs_review		needs_review	配套习题/张宇基础30讲/01_高等数学篇/第13讲_多元函数微分学.md	357
ZY30-GS-13-X08	CORE_L2	多元函数极限与连续可微性	candidate	路径检验与定义估计	candidate	配套习题/张宇基础30讲/01_高等数学篇/第13讲_多元函数微分学.md	367
ZY30-GS-13-X09	CORE_L2	偏导数与全微分	candidate	逐变量求导并组合微分	candidate	配套习题/张宇基础30讲/01_高等数学篇/第13讲_多元函数微分学.md	377
ZY30-GS-13-X10	CORE_L2	偏导数与全微分	candidate	逐变量求导并组合微分	candidate	配套习题/张宇基础30讲/01_高等数学篇/第13讲_多元函数微分学.md	387
ZY30-GS-13-X11	CORE_L2	偏导数与全微分	candidate	逐变量求导并组合微分	candidate	配套习题/张宇基础30讲/01_高等数学篇/第13讲_多元函数微分学.md	397
ZY30-GS-13-X12	CORE_L2	多元函数极值	candidate	驻点与二阶判别	candidate	配套习题/张宇基础30讲/01_高等数学篇/第13讲_多元函数微分学.md	407
ZY30-GS-13-X13	CORE_L2	多元函数极值	candidate	驻点与二阶判别	candidate	配套习题/张宇基础30讲/01_高等数学篇/第13讲_多元函数微分学.md	417
ZY30-GS-13-X14	CORE_L2		needs_review		needs_review	配套习题/张宇基础30讲/01_高等数学篇/第13讲_多元函数微分学.md	427
ZY30-GS-14-L14.01	CORE_L2	二重积分计算	candidate	选取积分次序或坐标变换	candidate	配套习题/张宇基础30讲/01_高等数学篇/第14讲_二重积分.md	9
ZY30-GS-14-L14.02	CORE_L2	二重积分计算	candidate	选取积分次序或坐标变换	candidate	配套习题/张宇基础30讲/01_高等数学篇/第14讲_二重积分.md	24
ZY30-GS-14-L14.03	CORE_L2	二重积分计算	candidate	选取积分次序或坐标变换	candidate	配套习题/张宇基础30讲/01_高等数学篇/第14讲_二重积分.md	34
ZY30-GS-14-L14.04	CORE_L2	二重积分计算	candidate	选取积分次序或坐标变换	candidate	配套习题/张宇基础30讲/01_高等数学篇/第14讲_二重积分.md	49
ZY30-GS-14-L14.05	CORE_L2	分段函数连续性与参数条件	candidate	匹配单侧极限和函数值	candidate	配套习题/张宇基础30讲/01_高等数学篇/第14讲_二重积分.md	64
ZY30-GS-14-L14.06	CORE_L2	高阶无穷小与局部展开	candidate	局部展开并比较首个非零项	candidate	配套习题/张宇基础30讲/01_高等数学篇/第14讲_二重积分.md	79
ZY30-GS-14-L14.07	CORE_L2	二重积分计算	candidate	选取积分次序或坐标变换	candidate	配套习题/张宇基础30讲/01_高等数学篇/第14讲_二重积分.md	89
ZY30-GS-14-L14.08	CORE_L2	二重积分计算	candidate	选取积分次序或坐标变换	candidate	配套习题/张宇基础30讲/01_高等数学篇/第14讲_二重积分.md	99
ZY30-GS-14-L14.09	CORE_L2	二重积分计算	candidate	选取积分次序或坐标变换	candidate	配套习题/张宇基础30讲/01_高等数学篇/第14讲_二重积分.md	109
ZY30-GS-14-L14.10	CORE_L2	凹凸性与拐点	candidate	考查二阶导数及其变号	candidate	配套习题/张宇基础30讲/01_高等数学篇/第14讲_二重积分.md	119
ZY30-GS-14-L14.11	CORE_L2		needs_review		needs_review	配套习题/张宇基础30讲/01_高等数学篇/第14讲_二重积分.md	129
ZY30-GS-14-L14.12	CORE_L2		needs_review		needs_review	配套习题/张宇基础30讲/01_高等数学篇/第14讲_二重积分.md	139
ZY30-GS-14-L14.13	CORE_L2	函数极限的计算与存在性	candidate	辨认极限类型并核对运算法则	candidate	配套习题/张宇基础30讲/01_高等数学篇/第14讲_二重积分.md	149
ZY30-GS-14-L14.14	CORE_L2	二重积分计算	candidate	选取积分次序或坐标变换	candidate	配套习题/张宇基础30讲/01_高等数学篇/第14讲_二重积分.md	159
ZY30-GS-14-L14.15	CORE_L2	二重积分计算	candidate	选取积分次序或坐标变换	candidate	配套习题/张宇基础30讲/01_高等数学篇/第14讲_二重积分.md	169
ZY30-GS-14-L14.16	CORE_L2	旋转体体积	candidate	截面或壳层积分	candidate	配套习题/张宇基础30讲/01_高等数学篇/第14讲_二重积分.md	179
ZY30-GS-14-L14.17	CORE_L2	积分表示质心与形心	candidate	质量矩除以总质量	candidate	配套习题/张宇基础30讲/01_高等数学篇/第14讲_二重积分.md	189
ZY30-GS-14-X01	CORE_L2	函数极限的计算与存在性	candidate	辨认极限类型并核对运算法则	candidate	配套习题/张宇基础30讲/01_高等数学篇/第14讲_二重积分.md	202
ZY30-GS-14-X02	CORE_L2	二重积分计算	candidate	选取积分次序或坐标变换	candidate	配套习题/张宇基础30讲/01_高等数学篇/第14讲_二重积分.md	217
ZY30-GS-14-X03	CORE_L2	二重积分计算	candidate	选取积分次序或坐标变换	candidate	配套习题/张宇基础30讲/01_高等数学篇/第14讲_二重积分.md	232
ZY30-GS-14-X04	CORE_L2	二重积分计算	candidate	选取积分次序或坐标变换	candidate	配套习题/张宇基础30讲/01_高等数学篇/第14讲_二重积分.md	247
ZY30-GS-14-X05	CORE_L2	二重积分计算	candidate	选取积分次序或坐标变换	candidate	配套习题/张宇基础30讲/01_高等数学篇/第14讲_二重积分.md	262
ZY30-GS-14-X06	CORE_L2	二重积分计算	candidate	选取积分次序或坐标变换	candidate	配套习题/张宇基础30讲/01_高等数学篇/第14讲_二重积分.md	272
ZY30-GS-14-X07	CORE_L2	二重积分计算	candidate	选取积分次序或坐标变换	candidate	配套习题/张宇基础30讲/01_高等数学篇/第14讲_二重积分.md	282
ZY30-GS-14-X08	CORE_L2	二重积分计算	candidate	选取积分次序或坐标变换	candidate	配套习题/张宇基础30讲/01_高等数学篇/第14讲_二重积分.md	292
ZY30-GS-14-X09	CORE_L2	二重积分计算	candidate	选取积分次序或坐标变换	candidate	配套习题/张宇基础30讲/01_高等数学篇/第14讲_二重积分.md	302
ZY30-GS-14-X10	CORE_L2	二重积分计算	candidate	选取积分次序或坐标变换	candidate	配套习题/张宇基础30讲/01_高等数学篇/第14讲_二重积分.md	312
ZY30-GS-14-X11	CORE_L2	二重积分计算	candidate	选取积分次序或坐标变换	candidate	配套习题/张宇基础30讲/01_高等数学篇/第14讲_二重积分.md	322
ZY30-GS-14-X12	CORE_L2	二重积分计算	candidate	选取积分次序或坐标变换	candidate	配套习题/张宇基础30讲/01_高等数学篇/第14讲_二重积分.md	332
ZY30-GS-15-L15.01	CORE_L2	由微分方程判定解的局部极值	verified	把驻点条件代入微分方程	verified	配套习题/张宇基础30讲/01_高等数学篇/第15讲_微分方程.md	9
ZY30-GS-15-L15.02	CORE_L2	微分方程解的局部展开与极限	verified	由初始条件和方程提取低阶导数	verified	配套习题/张宇基础30讲/01_高等数学篇/第15讲_微分方程.md	24
ZY30-GS-15-L15.03	CORE_L2	不定积分与原函数	verified	辨认原函数或作积分变换	verified	配套习题/张宇基础30讲/01_高等数学篇/第15讲_微分方程.md	34
ZY30-GS-15-L15.04	CORE_L2	可分离变量微分方程	verified	分离变量积分	verified	配套习题/张宇基础30讲/01_高等数学篇/第15讲_微分方程.md	44
ZY30-GS-15-L15.05	CORE_L2	可化为可分离变量的微分方程	verified	代换线性组合后分离变量	verified	配套习题/张宇基础30讲/01_高等数学篇/第15讲_微分方程.md	54
ZY30-GS-15-L15.06	CORE_L2	微分方程建模	verified	把几何或变化率条件转为微分关系	verified	配套习题/张宇基础30讲/01_高等数学篇/第15讲_微分方程.md	64
ZY30-GS-15-L15.07	CORE_L2	一阶线性微分方程	verified	积分因子法	verified	配套习题/张宇基础30讲/01_高等数学篇/第15讲_微分方程.md	74
ZY30-GS-15-L15.08	CORE_L2	一阶线性微分方程	verified	积分因子法	verified	配套习题/张宇基础30讲/01_高等数学篇/第15讲_微分方程.md	84
ZY30-GS-15-L15.09	CORE_L2	一阶稳定线性方程解的有界性与极限	verified	积分因子表示与积分估计	verified	配套习题/张宇基础30讲/01_高等数学篇/第15讲_微分方程.md	94
ZY30-GS-15-L15.10	CORE_L2	一阶稳定线性方程解的有界性与极限	verified	积分因子表示与积分估计	verified	配套习题/张宇基础30讲/01_高等数学篇/第15讲_微分方程.md	109
ZY30-GS-15-L15.11-M1	CORE_L2	一阶线性微分方程	verified	积分因子法	verified	配套习题/张宇基础30讲/01_高等数学篇/第15讲_微分方程.md	119
ZY30-GS-15-L15.12	CORE_L2	可降阶的高阶微分方程	verified	以导数为新未知量降阶	verified	配套习题/张宇基础30讲/01_高等数学篇/第15讲_微分方程.md	129
ZY30-GS-15-L15.13	CORE_L2	可降阶的高阶微分方程	verified	以导数为新未知量降阶	verified	配套习题/张宇基础30讲/01_高等数学篇/第15讲_微分方程.md	139
ZY30-GS-15-L15.14-M1	CORE_L2	全微分方程	verified	检验恰当性并构造势函数	verified	配套习题/张宇基础30讲/01_高等数学篇/第15讲_微分方程.md	149
ZY30-GS-15-L15.15	CORE_L2	常系数齐次线性微分方程	verified	特征方程与初始条件	verified	配套习题/张宇基础30讲/01_高等数学篇/第15讲_微分方程.md	159
ZY30-GS-15-L15.16	CORE_L2	常系数齐次线性微分方程	verified	特征方程与初始条件	verified	配套习题/张宇基础30讲/01_高等数学篇/第15讲_微分方程.md	169
ZY30-GS-15-L15.17	CORE_L2	常系数非齐次线性微分方程	verified	齐次通解与待定系数特解	verified	配套习题/张宇基础30讲/01_高等数学篇/第15讲_微分方程.md	179
ZY30-GS-15-L15.18	CORE_L2	由解反求常系数微分方程	verified	代入或由特征根重数反推系数	verified	配套习题/张宇基础30讲/01_高等数学篇/第15讲_微分方程.md	189
ZY30-GS-15-L15.19	CORE_L2	由解反求常系数微分方程	verified	代入或由特征根重数反推系数	verified	配套习题/张宇基础30讲/01_高等数学篇/第15讲_微分方程.md	199
ZY30-GS-15-L15.20-M1	CORE_L2	欧拉型微分方程	verified	对数变量代换	verified	配套习题/张宇基础30讲/01_高等数学篇/第15讲_微分方程.md	209
ZY30-GS-15-L15.21	CORE_L2	微分方程建模	verified	把几何或变化率条件转为微分关系	verified	配套习题/张宇基础30讲/01_高等数学篇/第15讲_微分方程.md	219
ZY30-GS-15-L15.22-M1	CORE_L2	微分方程建模	verified	把几何或变化率条件转为微分关系	verified	配套习题/张宇基础30讲/01_高等数学篇/第15讲_微分方程.md	229
ZY30-GS-15-L15.23-M1	CORE_L2	微分方程建模	verified	把几何或变化率条件转为微分关系	verified	配套习题/张宇基础30讲/01_高等数学篇/第15讲_微分方程.md	244
ZY30-GS-15-X01	CORE_L2	常系数非齐次线性微分方程	verified	齐次通解与待定系数特解	verified	配套习题/张宇基础30讲/01_高等数学篇/第15讲_微分方程.md	257
ZY30-GS-15-X02	CORE_L2	线性微分方程解的结构	verified	利用解的叠加与差的性质	verified	配套习题/张宇基础30讲/01_高等数学篇/第15讲_微分方程.md	272
ZY30-GS-15-X03	CORE_L2	可分离变量微分方程	verified	分离变量积分	verified	配套习题/张宇基础30讲/01_高等数学篇/第15讲_微分方程.md	282
ZY30-GS-15-X04	CORE_L2	可化为可分离变量的微分方程	verified	代换线性组合后分离变量	verified	配套习题/张宇基础30讲/01_高等数学篇/第15讲_微分方程.md	292
ZY30-GS-15-X05	CORE_L2	一阶线性微分方程	verified	积分因子法	verified	配套习题/张宇基础30讲/01_高等数学篇/第15讲_微分方程.md	302
ZY30-GS-15-X06	CORE_L2	可降阶的高阶微分方程	verified	以导数为新未知量降阶	verified	配套习题/张宇基础30讲/01_高等数学篇/第15讲_微分方程.md	312
ZY30-GS-15-X07	CORE_L2	常系数非齐次线性微分方程	verified	齐次通解与待定系数特解	verified	配套习题/张宇基础30讲/01_高等数学篇/第15讲_微分方程.md	322
ZY30-GS-15-X08	CORE_L2	欧拉型微分方程	verified	对数变量代换	verified	配套习题/张宇基础30讲/01_高等数学篇/第15讲_微分方程.md	332
ZY30-GS-15-X09	CORE_L2	由给定解反求二阶线性微分方程	verified		needs_review	配套习题/张宇基础30讲/01_高等数学篇/第15讲_微分方程.md	342
ZY30-GS-15-X10	CORE_L2	积分方程转化为微分方程	verified	积分变换后对参数求导	verified	配套习题/张宇基础30讲/01_高等数学篇/第15讲_微分方程.md	352
ZY30-GS-15-X11	CORE_L2	常系数齐次线性微分方程	verified	特征方程与初始条件	verified	配套习题/张宇基础30讲/01_高等数学篇/第15讲_微分方程.md	362
ZY30-GS-15-X12	CORE_L2	微分方程建模	verified	把几何或变化率条件转为微分关系	verified	配套习题/张宇基础30讲/01_高等数学篇/第15讲_微分方程.md	372
ZY30-GS-15-X13	CORE_L2	微分方程建模	verified	把几何或变化率条件转为微分关系	verified	配套习题/张宇基础30讲/01_高等数学篇/第15讲_微分方程.md	382
ZY30-GS-16-L16.01	CORE_L2	数项级数敛散性	candidate	按项的性质选择收敛判据	candidate	配套习题/张宇基础30讲/01_高等数学篇/第16讲_无穷级数.md	9
ZY30-GS-16-L16.02	CORE_L2	数项级数敛散性	candidate	按项的性质选择收敛判据	candidate	配套习题/张宇基础30讲/01_高等数学篇/第16讲_无穷级数.md	19
ZY30-GS-16-L16.03	CORE_L2	数项级数敛散性	candidate	按项的性质选择收敛判据	candidate	配套习题/张宇基础30讲/01_高等数学篇/第16讲_无穷级数.md	29
ZY30-GS-16-L16.04	CORE_L2		needs_review		needs_review	配套习题/张宇基础30讲/01_高等数学篇/第16讲_无穷级数.md	39
ZY30-GS-16-L16.05	CORE_L2	数项级数敛散性	candidate	按项的性质选择收敛判据	candidate	配套习题/张宇基础30讲/01_高等数学篇/第16讲_无穷级数.md	54
ZY30-GS-16-L16.06	CORE_L2	数项级数敛散性	candidate	按项的性质选择收敛判据	candidate	配套习题/张宇基础30讲/01_高等数学篇/第16讲_无穷级数.md	64
ZY30-GS-16-L16.07	CORE_L2	数项级数敛散性	candidate	按项的性质选择收敛判据	candidate	配套习题/张宇基础30讲/01_高等数学篇/第16讲_无穷级数.md	74
ZY30-GS-16-L16.08	CORE_L2	数项级数敛散性	candidate	按项的性质选择收敛判据	candidate	配套习题/张宇基础30讲/01_高等数学篇/第16讲_无穷级数.md	84
ZY30-GS-16-L16.09	CORE_L2	数项级数敛散性	candidate	按项的性质选择收敛判据	candidate	配套习题/张宇基础30讲/01_高等数学篇/第16讲_无穷级数.md	99
ZY30-GS-16-L16.10	CORE_L2	数项级数敛散性	candidate	按项的性质选择收敛判据	candidate	配套习题/张宇基础30讲/01_高等数学篇/第16讲_无穷级数.md	109
ZY30-GS-16-L16.11	CORE_L2	数项级数敛散性	candidate	按项的性质选择收敛判据	candidate	配套习题/张宇基础30讲/01_高等数学篇/第16讲_无穷级数.md	119
ZY30-GS-16-L16.12	CORE_L2	数项级数敛散性	candidate	按项的性质选择收敛判据	candidate	配套习题/张宇基础30讲/01_高等数学篇/第16讲_无穷级数.md	134
ZY30-GS-16-L16.13	CORE_L2	数项级数敛散性	candidate	按项的性质选择收敛判据	candidate	配套习题/张宇基础30讲/01_高等数学篇/第16讲_无穷级数.md	149
ZY30-GS-16-L16.14	CORE_L2	数项级数敛散性	candidate	按项的性质选择收敛判据	candidate	配套习题/张宇基础30讲/01_高等数学篇/第16讲_无穷级数.md	159
ZY30-GS-16-L16.15	CORE_L2	数项级数敛散性	candidate	按项的性质选择收敛判据	candidate	配套习题/张宇基础30讲/01_高等数学篇/第16讲_无穷级数.md	169
ZY30-GS-16-L16.16	CORE_L2	数项级数敛散性	candidate	按项的性质选择收敛判据	candidate	配套习题/张宇基础30讲/01_高等数学篇/第16讲_无穷级数.md	179
ZY30-GS-16-L16.17	CORE_L2	数项级数敛散性	candidate	按项的性质选择收敛判据	candidate	配套习题/张宇基础30讲/01_高等数学篇/第16讲_无穷级数.md	189
ZY30-GS-16-L16.18	CORE_L2	数项级数敛散性	candidate	按项的性质选择收敛判据	candidate	配套习题/张宇基础30讲/01_高等数学篇/第16讲_无穷级数.md	204
ZY30-GS-16-L16.19	CORE_L2	数项级数敛散性	candidate	按项的性质选择收敛判据	candidate	配套习题/张宇基础30讲/01_高等数学篇/第16讲_无穷级数.md	219
ZY30-GS-16-L16.20	CORE_L2	数项级数敛散性	candidate	按项的性质选择收敛判据	candidate	配套习题/张宇基础30讲/01_高等数学篇/第16讲_无穷级数.md	234
ZY30-GS-16-L16.21	CORE_L2	数项级数敛散性	candidate	按项的性质选择收敛判据	candidate	配套习题/张宇基础30讲/01_高等数学篇/第16讲_无穷级数.md	249
ZY30-GS-16-L16.22	CORE_L2	幂级数的收敛域	candidate	求收敛半径并逐端点检查	candidate	配套习题/张宇基础30讲/01_高等数学篇/第16讲_无穷级数.md	259
ZY30-GS-16-L16.23	CORE_L2	幂级数的收敛域	candidate	求收敛半径并逐端点检查	candidate	配套习题/张宇基础30讲/01_高等数学篇/第16讲_无穷级数.md	269
ZY30-GS-16-L16.24	CORE_L2	幂级数的收敛域	candidate	求收敛半径并逐端点检查	candidate	配套习题/张宇基础30讲/01_高等数学篇/第16讲_无穷级数.md	279
ZY30-GS-16-L16.25	CORE_L2	幂级数的收敛域	candidate	求收敛半径并逐端点检查	candidate	配套习题/张宇基础30讲/01_高等数学篇/第16讲_无穷级数.md	294
ZY30-GS-16-L16.26	CORE_L2	数项级数敛散性	candidate	按项的性质选择收敛判据	candidate	配套习题/张宇基础30讲/01_高等数学篇/第16讲_无穷级数.md	304
ZY30-GS-16-L16.27	CORE_L2	幂级数的收敛域	candidate	求收敛半径并逐端点检查	candidate	配套习题/张宇基础30讲/01_高等数学篇/第16讲_无穷级数.md	319
ZY30-GS-16-L16.28	CORE_L2	级数求和与和函数	candidate	逐项运算或与已知级数比较	candidate	配套习题/张宇基础30讲/01_高等数学篇/第16讲_无穷级数.md	329
ZY30-GS-16-L16.29	CORE_L2	数项级数敛散性	candidate	按项的性质选择收敛判据	candidate	配套习题/张宇基础30讲/01_高等数学篇/第16讲_无穷级数.md	339
ZY30-GS-16-L16.30	CORE_L2	级数求和与和函数	candidate	逐项运算或与已知级数比较	candidate	配套习题/张宇基础30讲/01_高等数学篇/第16讲_无穷级数.md	349
ZY30-GS-16-L16.31	CORE_L2	级数求和与和函数	candidate	逐项运算或与已知级数比较	candidate	配套习题/张宇基础30讲/01_高等数学篇/第16讲_无穷级数.md	359
ZY30-GS-16-L16.32	CORE_L2	级数求和与和函数	candidate	逐项运算或与已知级数比较	candidate	配套习题/张宇基础30讲/01_高等数学篇/第16讲_无穷级数.md	369
ZY30-GS-16-L16.33	CORE_L2	级数求和与和函数	candidate	逐项运算或与已知级数比较	candidate	配套习题/张宇基础30讲/01_高等数学篇/第16讲_无穷级数.md	379
ZY30-GS-16-L16.34	CORE_L2	数项级数敛散性	candidate	按项的性质选择收敛判据	candidate	配套习题/张宇基础30讲/01_高等数学篇/第16讲_无穷级数.md	389
ZY30-GS-16-L16.35	CORE_L2	数项级数敛散性	candidate	按项的性质选择收敛判据	candidate	配套习题/张宇基础30讲/01_高等数学篇/第16讲_无穷级数.md	399
ZY30-GS-16-L16.36	CORE_L2	数项级数敛散性	candidate	按项的性质选择收敛判据	candidate	配套习题/张宇基础30讲/01_高等数学篇/第16讲_无穷级数.md	414
ZY30-GS-16-L16.37	CORE_L2	函数的幂级数展开	candidate	已知幂级数的代换与运算	candidate	配套习题/张宇基础30讲/01_高等数学篇/第16讲_无穷级数.md	424
ZY30-GS-16-L16.38	CORE_L2	数项级数敛散性	candidate	按项的性质选择收敛判据	candidate	配套习题/张宇基础30讲/01_高等数学篇/第16讲_无穷级数.md	434
ZY30-GS-16-L16.39	CORE_L2	函数的幂级数展开	candidate	已知幂级数的代换与运算	candidate	配套习题/张宇基础30讲/01_高等数学篇/第16讲_无穷级数.md	444
ZY30-GS-16-X01	CORE_L2	数项级数敛散性	candidate	按项的性质选择收敛判据	candidate	配套习题/张宇基础30讲/01_高等数学篇/第16讲_无穷级数.md	457
ZY30-GS-16-X02	CORE_L2	数项级数敛散性	candidate	按项的性质选择收敛判据	candidate	配套习题/张宇基础30讲/01_高等数学篇/第16讲_无穷级数.md	472
ZY30-GS-16-X03	CORE_L2	数项级数敛散性	candidate	按项的性质选择收敛判据	candidate	配套习题/张宇基础30讲/01_高等数学篇/第16讲_无穷级数.md	487
ZY30-GS-16-X04	CORE_L2	数项级数敛散性	candidate	按项的性质选择收敛判据	candidate	配套习题/张宇基础30讲/01_高等数学篇/第16讲_无穷级数.md	502
ZY30-GS-16-X05	CORE_L2	数项级数敛散性	candidate	按项的性质选择收敛判据	candidate	配套习题/张宇基础30讲/01_高等数学篇/第16讲_无穷级数.md	517
ZY30-GS-16-X06	CORE_L2	幂级数的收敛域	candidate	求收敛半径并逐端点检查	candidate	配套习题/张宇基础30讲/01_高等数学篇/第16讲_无穷级数.md	527
ZY30-GS-16-X07	CORE_L2	傅里叶级数	candidate	系数积分与收敛定理	candidate	配套习题/张宇基础30讲/01_高等数学篇/第16讲_无穷级数.md	537
ZY30-GS-16-X08	CORE_L2	傅里叶级数	candidate	系数积分与收敛定理	candidate	配套习题/张宇基础30讲/01_高等数学篇/第16讲_无穷级数.md	547
ZY30-GS-16-X09	CORE_L2	数项级数敛散性	candidate	按项的性质选择收敛判据	candidate	配套习题/张宇基础30讲/01_高等数学篇/第16讲_无穷级数.md	557
ZY30-GS-16-X10	CORE_L2	数项级数敛散性	candidate	按项的性质选择收敛判据	candidate	配套习题/张宇基础30讲/01_高等数学篇/第16讲_无穷级数.md	567
ZY30-GS-16-X11	CORE_L2	数项级数敛散性	candidate	按项的性质选择收敛判据	candidate	配套习题/张宇基础30讲/01_高等数学篇/第16讲_无穷级数.md	577
ZY30-GS-16-X12	CORE_L2	幂级数的收敛域	candidate	求收敛半径并逐端点检查	candidate	配套习题/张宇基础30讲/01_高等数学篇/第16讲_无穷级数.md	587
ZY30-GS-16-X13	CORE_L2	级数求和与和函数	candidate	逐项运算或与已知级数比较	candidate	配套习题/张宇基础30讲/01_高等数学篇/第16讲_无穷级数.md	597
ZY30-GS-16-X14	CORE_L2	数项级数敛散性	candidate	按项的性质选择收敛判据	candidate	配套习题/张宇基础30讲/01_高等数学篇/第16讲_无穷级数.md	607
ZY30-GS-16-X15	CORE_L2	幂级数的收敛域	candidate	求收敛半径并逐端点检查	candidate	配套习题/张宇基础30讲/01_高等数学篇/第16讲_无穷级数.md	617
ZY30-GS-16-X16	CORE_L2	数项级数敛散性	candidate	按项的性质选择收敛判据	candidate	配套习题/张宇基础30讲/01_高等数学篇/第16讲_无穷级数.md	627
ZY30-GS-16-X17	CORE_L2	级数求和与和函数	candidate	逐项运算或与已知级数比较	candidate	配套习题/张宇基础30讲/01_高等数学篇/第16讲_无穷级数.md	637
ZY30-GS-17-L17.01	CORE_L2	函数极限的计算与存在性	candidate	辨认极限类型并核对运算法则	candidate	配套习题/张宇基础30讲/01_高等数学篇/第17讲_多元函数积分学的预备知识.md	9
ZY30-GS-17-L17.02	CORE_L2	空间直线和平面	candidate	向量法建立线面关系	candidate	配套习题/张宇基础30讲/01_高等数学篇/第17讲_多元函数积分学的预备知识.md	19
ZY30-GS-17-L17.03	CORE_L2	空间直线和平面	candidate	向量法建立线面关系	candidate	配套习题/张宇基础30讲/01_高等数学篇/第17讲_多元函数积分学的预备知识.md	29
ZY30-GS-17-L17.04	CORE_L2	空间直线和平面	candidate	向量法建立线面关系	candidate	配套习题/张宇基础30讲/01_高等数学篇/第17讲_多元函数积分学的预备知识.md	39
ZY30-GS-17-L17.05	CORE_L2	空间直线和平面	candidate	向量法建立线面关系	candidate	配套习题/张宇基础30讲/01_高等数学篇/第17讲_多元函数积分学的预备知识.md	54
ZY30-GS-17-L17.06	CORE_L2	曲线切线与法线	candidate	用导数确定切线方向	candidate	配套习题/张宇基础30讲/01_高等数学篇/第17讲_多元函数积分学的预备知识.md	64
ZY30-GS-17-L17.07	CORE_L2	空间直线和平面	candidate	向量法建立线面关系	candidate	配套习题/张宇基础30讲/01_高等数学篇/第17讲_多元函数积分学的预备知识.md	74
ZY30-GS-17-L17.08	CORE_L2	空间直线和平面	candidate	向量法建立线面关系	candidate	配套习题/张宇基础30讲/01_高等数学篇/第17讲_多元函数积分学的预备知识.md	84
ZY30-GS-17-L17.09	CORE_L2	空间曲面与投影	candidate	消元或几何构型识别	candidate	配套习题/张宇基础30讲/01_高等数学篇/第17讲_多元函数积分学的预备知识.md	94
ZY30-GS-17-L17.10	CORE_L2	方向导数与梯度	candidate	梯度与单位方向的内积	candidate	配套习题/张宇基础30讲/01_高等数学篇/第17讲_多元函数积分学的预备知识.md	109
ZY30-GS-17-L17.11	CORE_L2	方向导数与梯度	candidate	梯度与单位方向的内积	candidate	配套习题/张宇基础30讲/01_高等数学篇/第17讲_多元函数积分学的预备知识.md	124
ZY30-GS-17-L17.12	CORE_L2	方向导数与梯度	candidate	梯度与单位方向的内积	candidate	配套习题/张宇基础30讲/01_高等数学篇/第17讲_多元函数积分学的预备知识.md	139
ZY30-GS-17-L17.13	CORE_L2	散度与旋度	candidate	向量场的微分运算	candidate	配套习题/张宇基础30讲/01_高等数学篇/第17讲_多元函数积分学的预备知识.md	149
ZY30-GS-17-X01	CORE_L2	空间直线和平面	candidate	向量法建立线面关系	candidate	配套习题/张宇基础30讲/01_高等数学篇/第17讲_多元函数积分学的预备知识.md	162
ZY30-GS-17-X02	CORE_L2	空间直线和平面	candidate	向量法建立线面关系	candidate	配套习题/张宇基础30讲/01_高等数学篇/第17讲_多元函数积分学的预备知识.md	177
ZY30-GS-17-X03	CORE_L2	空间直线和平面	candidate	向量法建立线面关系	candidate	配套习题/张宇基础30讲/01_高等数学篇/第17讲_多元函数积分学的预备知识.md	192
ZY30-GS-17-X04	CORE_L2		needs_review		needs_review	配套习题/张宇基础30讲/01_高等数学篇/第17讲_多元函数积分学的预备知识.md	207
ZY30-GS-17-X05	CORE_L2	空间直线和平面	candidate	向量法建立线面关系	candidate	配套习题/张宇基础30讲/01_高等数学篇/第17讲_多元函数积分学的预备知识.md	217
ZY30-GS-17-X06	CORE_L2	空间直线和平面	candidate	向量法建立线面关系	candidate	配套习题/张宇基础30讲/01_高等数学篇/第17讲_多元函数积分学的预备知识.md	227
ZY30-GS-17-X07	CORE_L2	方向导数与梯度	candidate	梯度与单位方向的内积	candidate	配套习题/张宇基础30讲/01_高等数学篇/第17讲_多元函数积分学的预备知识.md	237
ZY30-GS-17-X08	CORE_L2	方向导数与梯度	candidate	梯度与单位方向的内积	candidate	配套习题/张宇基础30讲/01_高等数学篇/第17讲_多元函数积分学的预备知识.md	247
ZY30-GS-17-X09	CORE_L2	散度与旋度	candidate	向量场的微分运算	candidate	配套习题/张宇基础30讲/01_高等数学篇/第17讲_多元函数积分学的预备知识.md	257
ZY30-GS-17-X10	CORE_L2	散度与旋度	candidate	向量场的微分运算	candidate	配套习题/张宇基础30讲/01_高等数学篇/第17讲_多元函数积分学的预备知识.md	267
ZY30-GS-18-L18.01	CORE_L2	三重积分计算	candidate	分层积分或空间坐标变换	candidate	配套习题/张宇基础30讲/01_高等数学篇/第18讲_多元函数积分学.md	9
ZY30-GS-18-L18.02	CORE_L2	三重积分计算	candidate	分层积分或空间坐标变换	candidate	配套习题/张宇基础30讲/01_高等数学篇/第18讲_多元函数积分学.md	19
ZY30-GS-18-L18.03	CORE_L2	三重积分计算	candidate	分层积分或空间坐标变换	candidate	配套习题/张宇基础30讲/01_高等数学篇/第18讲_多元函数积分学.md	29
ZY30-GS-18-L18.04	CORE_L2	三重积分计算	candidate	分层积分或空间坐标变换	candidate	配套习题/张宇基础30讲/01_高等数学篇/第18讲_多元函数积分学.md	39
ZY30-GS-18-L18.05	CORE_L2	三重积分计算	candidate	分层积分或空间坐标变换	candidate	配套习题/张宇基础30讲/01_高等数学篇/第18讲_多元函数积分学.md	49
ZY30-GS-18-L18.06	CORE_L2	三重积分计算	candidate	分层积分或空间坐标变换	candidate	配套习题/张宇基础30讲/01_高等数学篇/第18讲_多元函数积分学.md	59
ZY30-GS-18-L18.07	CORE_L2	积分表示质心与形心	candidate	质量矩除以总质量	candidate	配套习题/张宇基础30讲/01_高等数学篇/第18讲_多元函数积分学.md	69
ZY30-GS-18-L18.08	CORE_L2	曲线积分	candidate	参数化或选用相应积分定理	candidate	配套习题/张宇基础30讲/01_高等数学篇/第18讲_多元函数积分学.md	79
ZY30-GS-18-L18.09	CORE_L2	曲线积分	candidate	参数化或选用相应积分定理	candidate	配套习题/张宇基础30讲/01_高等数学篇/第18讲_多元函数积分学.md	89
ZY30-GS-18-L18.10	CORE_L2	曲线积分	candidate	参数化或选用相应积分定理	candidate	配套习题/张宇基础30讲/01_高等数学篇/第18讲_多元函数积分学.md	99
ZY30-GS-18-L18.11	CORE_L2	曲线积分	candidate	参数化或选用相应积分定理	candidate	配套习题/张宇基础30讲/01_高等数学篇/第18讲_多元函数积分学.md	109
ZY30-GS-18-L18.12	CORE_L2	曲面积分	candidate	曲面参数化或积分定理	candidate	配套习题/张宇基础30讲/01_高等数学篇/第18讲_多元函数积分学.md	119
ZY30-GS-18-L18.13	CORE_L2	曲面积分	candidate	曲面参数化或积分定理	candidate	配套习题/张宇基础30讲/01_高等数学篇/第18讲_多元函数积分学.md	129
ZY30-GS-18-L18.14	CORE_L2		needs_review		needs_review	配套习题/张宇基础30讲/01_高等数学篇/第18讲_多元函数积分学.md	139
ZY30-GS-18-L18.15	CORE_L2	曲线积分	candidate	参数化或选用相应积分定理	candidate	配套习题/张宇基础30讲/01_高等数学篇/第18讲_多元函数积分学.md	149
ZY30-GS-18-L18.16	CORE_L2	曲线积分	candidate	参数化或选用相应积分定理	candidate	配套习题/张宇基础30讲/01_高等数学篇/第18讲_多元函数积分学.md	159
ZY30-GS-18-L18.17	CORE_L2	物理量的积分建模	candidate	微元法建立累积量	candidate	配套习题/张宇基础30讲/01_高等数学篇/第18讲_多元函数积分学.md	169
ZY30-GS-18-L18.18	CORE_L2	曲线积分	candidate	参数化或选用相应积分定理	candidate	配套习题/张宇基础30讲/01_高等数学篇/第18讲_多元函数积分学.md	179
ZY30-GS-18-L18.19	CORE_L2	曲线积分	candidate	参数化或选用相应积分定理	candidate	配套习题/张宇基础30讲/01_高等数学篇/第18讲_多元函数积分学.md	189
ZY30-GS-18-L18.20	CORE_L2	曲线积分与路径无关	candidate	检查保守场条件并构造势函数	candidate	配套习题/张宇基础30讲/01_高等数学篇/第18讲_多元函数积分学.md	199
ZY30-GS-18-L18.21	CORE_L2	曲线积分与路径无关	candidate	检查保守场条件并构造势函数	candidate	配套习题/张宇基础30讲/01_高等数学篇/第18讲_多元函数积分学.md	209
ZY30-GS-18-L18.22	CORE_L2	函数有界性的判定	candidate	不等式估计或边界行为分析	candidate	配套习题/张宇基础30讲/01_高等数学篇/第18讲_多元函数积分学.md	219
ZY30-GS-18-L18.23	CORE_L2		needs_review		needs_review	配套习题/张宇基础30讲/01_高等数学篇/第18讲_多元函数积分学.md	229
ZY30-GS-18-L18.24	CORE_L2		needs_review		needs_review	配套习题/张宇基础30讲/01_高等数学篇/第18讲_多元函数积分学.md	239
ZY30-GS-18-L18.25	CORE_L2	曲面积分	candidate	曲面参数化或积分定理	candidate	配套习题/张宇基础30讲/01_高等数学篇/第18讲_多元函数积分学.md	249
ZY30-GS-18-L18.26	CORE_L2	曲面积分	candidate	曲面参数化或积分定理	candidate	配套习题/张宇基础30讲/01_高等数学篇/第18讲_多元函数积分学.md	259
ZY30-GS-18-L18.27	CORE_L2	曲面积分	candidate	曲面参数化或积分定理	candidate	配套习题/张宇基础30讲/01_高等数学篇/第18讲_多元函数积分学.md	269
ZY30-GS-18-L18.28	CORE_L2		needs_review		needs_review	配套习题/张宇基础30讲/01_高等数学篇/第18讲_多元函数积分学.md	279
ZY30-GS-18-L18.29	CORE_L2		needs_review		needs_review	配套习题/张宇基础30讲/01_高等数学篇/第18讲_多元函数积分学.md	289
ZY30-GS-18-L18.30	CORE_L2	曲线积分	candidate	参数化或选用相应积分定理	candidate	配套习题/张宇基础30讲/01_高等数学篇/第18讲_多元函数积分学.md	299
ZY30-GS-18-X01	CORE_L2	曲线积分	candidate	参数化或选用相应积分定理	candidate	配套习题/张宇基础30讲/01_高等数学篇/第18讲_多元函数积分学.md	312
ZY30-GS-18-X02	CORE_L2		needs_review		needs_review	配套习题/张宇基础30讲/01_高等数学篇/第18讲_多元函数积分学.md	327
ZY30-GS-18-X03	CORE_L2	曲线积分	candidate	参数化或选用相应积分定理	candidate	配套习题/张宇基础30讲/01_高等数学篇/第18讲_多元函数积分学.md	342
ZY30-GS-18-X04	CORE_L2	曲线积分	candidate	参数化或选用相应积分定理	candidate	配套习题/张宇基础30讲/01_高等数学篇/第18讲_多元函数积分学.md	352
ZY30-GS-18-X05	CORE_L2	曲面积分	candidate	曲面参数化或积分定理	candidate	配套习题/张宇基础30讲/01_高等数学篇/第18讲_多元函数积分学.md	362
ZY30-GS-18-X06	CORE_L2	曲面积分	candidate	曲面参数化或积分定理	candidate	配套习题/张宇基础30讲/01_高等数学篇/第18讲_多元函数积分学.md	372
ZY30-GS-18-X07	CORE_L2	曲面积分	candidate	曲面参数化或积分定理	candidate	配套习题/张宇基础30讲/01_高等数学篇/第18讲_多元函数积分学.md	382
ZY30-GS-18-X08	CORE_L2	三重积分计算	candidate	分层积分或空间坐标变换	candidate	配套习题/张宇基础30讲/01_高等数学篇/第18讲_多元函数积分学.md	392
ZY30-GS-18-X09	CORE_L2	曲线积分	candidate	参数化或选用相应积分定理	candidate	配套习题/张宇基础30讲/01_高等数学篇/第18讲_多元函数积分学.md	402
ZY30-GS-18-X10	CORE_L2	曲面积分	candidate	曲面参数化或积分定理	candidate	配套习题/张宇基础30讲/01_高等数学篇/第18讲_多元函数积分学.md	412
ZY30-GS-18-X11	CORE_L2	一元函数最值	candidate	导数符号与边界比较	candidate	配套习题/张宇基础30讲/01_高等数学篇/第18讲_多元函数积分学.md	422
ZY30-XD-00-ZL①-P3	CORE_L2	矩阵运算与矩阵方程	candidate	利用矩阵运算法则整理	candidate	配套习题/张宇基础30讲/02_线性代数篇/第00讲_零基础课线性代数入门.md	9
ZY30-XD-00-ZL②-P3	CORE_L2	矩阵运算与矩阵方程	candidate	利用矩阵运算法则整理	candidate	配套习题/张宇基础30讲/02_线性代数篇/第00讲_零基础课线性代数入门.md	19
ZY30-XD-00-ZL③-P3	CORE_L2	矩阵运算与矩阵方程	candidate	利用矩阵运算法则整理	candidate	配套习题/张宇基础30讲/02_线性代数篇/第00讲_零基础课线性代数入门.md	29
ZY30-XD-00-ZL④-P3	CORE_L2	矩阵运算与矩阵方程	candidate	利用矩阵运算法则整理	candidate	配套习题/张宇基础30讲/02_线性代数篇/第00讲_零基础课线性代数入门.md	39
ZY30-XD-00-ZL⑤-P3	CORE_L2	矩阵运算与矩阵方程	candidate	利用矩阵运算法则整理	candidate	配套习题/张宇基础30讲/02_线性代数篇/第00讲_零基础课线性代数入门.md	49
ZY30-XD-00-ZL⑥-P3	CORE_L2	矩阵运算与矩阵方程	candidate	利用矩阵运算法则整理	candidate	配套习题/张宇基础30讲/02_线性代数篇/第00讲_零基础课线性代数入门.md	59
ZY30-XD-00-ZL⑦-P3	CORE_L2	矩阵运算与矩阵方程	candidate	利用矩阵运算法则整理	candidate	配套习题/张宇基础30讲/02_线性代数篇/第00讲_零基础课线性代数入门.md	69
ZY30-XD-00-ZL⑧-P3	CORE_L2	矩阵运算与矩阵方程	candidate	利用矩阵运算法则整理	candidate	配套习题/张宇基础30讲/02_线性代数篇/第00讲_零基础课线性代数入门.md	79
ZY30-XD-00-ZL①-P4	CORE_L2	矩阵运算与矩阵方程	candidate	利用矩阵运算法则整理	candidate	配套习题/张宇基础30讲/02_线性代数篇/第00讲_零基础课线性代数入门.md	89
ZY30-XD-00-ZL②-P4	CORE_L2	矩阵运算与矩阵方程	candidate	利用矩阵运算法则整理	candidate	配套习题/张宇基础30讲/02_线性代数篇/第00讲_零基础课线性代数入门.md	99
ZY30-XD-01-L1.01	CORE_L2	行列式计算	verified	行列变换与展开	verified	配套习题/张宇基础30讲/02_线性代数篇/第01讲_行列式.md	9
ZY30-XD-01-L1.02	CORE_L2	行列式计算	verified	行列变换与展开	verified	配套习题/张宇基础30讲/02_线性代数篇/第01讲_行列式.md	24
ZY30-XD-01-L1.03	CORE_L2	行列式计算	verified	行列变换与展开	verified	配套习题/张宇基础30讲/02_线性代数篇/第01讲_行列式.md	34
ZY30-XD-01-L1.04	CORE_L2	行列式计算	verified	行列变换与展开	verified	配套习题/张宇基础30讲/02_线性代数篇/第01讲_行列式.md	44
ZY30-XD-01-L1.05	CORE_L2	行列式计算	verified	行列变换与展开	verified	配套习题/张宇基础30讲/02_线性代数篇/第01讲_行列式.md	54
ZY30-XD-01-L1.06	CORE_L2	行列式计算	verified	行列变换与展开	verified	配套习题/张宇基础30讲/02_线性代数篇/第01讲_行列式.md	64
ZY30-XD-01-L1.07	CORE_L2	行列式计算	verified	行列变换与展开	verified	配套习题/张宇基础30讲/02_线性代数篇/第01讲_行列式.md	74
ZY30-XD-01-L1.08	CORE_L2	行列式中的参数与多项式系数	verified	展开整理参数多项式	verified	配套习题/张宇基础30讲/02_线性代数篇/第01讲_行列式.md	89
ZY30-XD-01-L1.09	CORE_L2	行列式中的参数与多项式系数	verified	展开整理参数多项式	verified	配套习题/张宇基础30讲/02_线性代数篇/第01讲_行列式.md	99
ZY30-XD-01-L1.10	CORE_L2	行列式的多线性性质	verified	按列或行拆分并调整次序	verified	配套习题/张宇基础30讲/02_线性代数篇/第01讲_行列式.md	109
ZY30-XD-01-L1.11	CORE_L2	向量列组合形成的矩阵行列式	verified	将列组合写成矩阵乘积	verified	配套习题/张宇基础30讲/02_线性代数篇/第01讲_行列式.md	119
ZY30-XD-01-L1.12	CORE_L2	代数余子式及其组合	verified	按行列展开或替换对应行列	verified	配套习题/张宇基础30讲/02_线性代数篇/第01讲_行列式.md	129
ZY30-XD-01-L1.13	CORE_L2	齐次线性方程组解的结构	verified	秩零化度与基础解系	verified	配套习题/张宇基础30讲/02_线性代数篇/第01讲_行列式.md	144
ZY30-XD-01-X01	CORE_L2	行列式中的参数与多项式系数	verified	展开整理参数多项式	verified	配套习题/张宇基础30讲/02_线性代数篇/第01讲_行列式.md	157
ZY30-XD-01-X02	CORE_L2	代数余子式及其组合	verified	按行列展开或替换对应行列	verified	配套习题/张宇基础30讲/02_线性代数篇/第01讲_行列式.md	172
ZY30-XD-01-X03	CORE_L2	行列式中的参数与多项式系数	verified	展开整理参数多项式	verified	配套习题/张宇基础30讲/02_线性代数篇/第01讲_行列式.md	187
ZY30-XD-01-X04	CORE_L2	行列式计算	verified	行列变换与展开	verified	配套习题/张宇基础30讲/02_线性代数篇/第01讲_行列式.md	197
ZY30-XD-01-X05	CORE_L2	行列式计算	verified	行列变换与展开	verified	配套习题/张宇基础30讲/02_线性代数篇/第01讲_行列式.md	207
ZY30-XD-01-X06	CORE_L2	行列式计算	verified	行列变换与展开	verified	配套习题/张宇基础30讲/02_线性代数篇/第01讲_行列式.md	217
ZY30-XD-01-X07	CORE_L2	行列式中的参数与多项式系数	verified	展开整理参数多项式	verified	配套习题/张宇基础30讲/02_线性代数篇/第01讲_行列式.md	227
ZY30-XD-01-X08	CORE_L2	行列式的多线性性质	verified	按列或行拆分并调整次序	verified	配套习题/张宇基础30讲/02_线性代数篇/第01讲_行列式.md	237
ZY30-XD-01-X09	CORE_L2	由基向量像求线性变换的行列式	verified	在给定基下建立表示矩阵	verified	配套习题/张宇基础30讲/02_线性代数篇/第01讲_行列式.md	247
ZY30-XD-01-X10	CORE_L2	齐次线性方程组解的结构	verified	秩零化度与基础解系	verified	配套习题/张宇基础30讲/02_线性代数篇/第01讲_行列式.md	257
ZY30-XD-01-X11	CORE_L2	齐次线性方程组解的结构	verified	秩零化度与基础解系	verified	配套习题/张宇基础30讲/02_线性代数篇/第01讲_行列式.md	267
ZY30-XD-02-L2.01	CORE_L2		needs_review		needs_review	配套习题/张宇基础30讲/02_线性代数篇/第02讲_矩阵.md	9
ZY30-XD-02-L2.02	CORE_L2	矩阵运算与矩阵方程	candidate	利用矩阵运算法则整理	candidate	配套习题/张宇基础30讲/02_线性代数篇/第02讲_矩阵.md	19
ZY30-XD-02-L2.03	CORE_L2	矩阵运算与矩阵方程	candidate	利用矩阵运算法则整理	candidate	配套习题/张宇基础30讲/02_线性代数篇/第02讲_矩阵.md	29
ZY30-XD-02-L2.04	CORE_L2	矩阵运算与矩阵方程	candidate	利用矩阵运算法则整理	candidate	配套习题/张宇基础30讲/02_线性代数篇/第02讲_矩阵.md	39
ZY30-XD-02-L2.05	CORE_L2	逆矩阵与可逆条件	candidate	初等变换或逆矩阵恒等式	candidate	配套习题/张宇基础30讲/02_线性代数篇/第02讲_矩阵.md	54
ZY30-XD-02-L2.06	CORE_L2	矩阵运算与矩阵方程	candidate	利用矩阵运算法则整理	candidate	配套习题/张宇基础30讲/02_线性代数篇/第02讲_矩阵.md	64
ZY30-XD-02-L2.07	CORE_L2	逆矩阵与可逆条件	candidate	初等变换或逆矩阵恒等式	candidate	配套习题/张宇基础30讲/02_线性代数篇/第02讲_矩阵.md	74
ZY30-XD-02-L2.08	CORE_L2	逆矩阵与可逆条件	candidate	初等变换或逆矩阵恒等式	candidate	配套习题/张宇基础30讲/02_线性代数篇/第02讲_矩阵.md	84
ZY30-XD-02-L2.09	CORE_L2	伴随矩阵的性质	candidate	伴随恒等式与秩分类	candidate	配套习题/张宇基础30讲/02_线性代数篇/第02讲_矩阵.md	94
ZY30-XD-02-L2.10	CORE_L2	伴随矩阵的性质	candidate	伴随恒等式与秩分类	candidate	配套习题/张宇基础30讲/02_线性代数篇/第02讲_矩阵.md	104
ZY30-XD-02-L2.11	CORE_L2		needs_review		needs_review	配套习题/张宇基础30讲/02_线性代数篇/第02讲_矩阵.md	119
ZY30-XD-02-L2.12	CORE_L2	矩阵运算与矩阵方程	candidate	利用矩阵运算法则整理	candidate	配套习题/张宇基础30讲/02_线性代数篇/第02讲_矩阵.md	129
ZY30-XD-02-L2.13	CORE_L2	逆矩阵与可逆条件	candidate	初等变换或逆矩阵恒等式	candidate	配套习题/张宇基础30讲/02_线性代数篇/第02讲_矩阵.md	139
ZY30-XD-02-L2.14	CORE_L2	逆矩阵与可逆条件	candidate	初等变换或逆矩阵恒等式	candidate	配套习题/张宇基础30讲/02_线性代数篇/第02讲_矩阵.md	149
ZY30-XD-02-L2.15	CORE_L2	矩阵运算与矩阵方程	candidate	利用矩阵运算法则整理	candidate	配套习题/张宇基础30讲/02_线性代数篇/第02讲_矩阵.md	164
ZY30-XD-02-L2.16	CORE_L2	逆矩阵与可逆条件	candidate	初等变换或逆矩阵恒等式	candidate	配套习题/张宇基础30讲/02_线性代数篇/第02讲_矩阵.md	174
ZY30-XD-02-L2.17	CORE_L2	伴随矩阵的性质	candidate	伴随恒等式与秩分类	candidate	配套习题/张宇基础30讲/02_线性代数篇/第02讲_矩阵.md	184
ZY30-XD-02-L2.18	CORE_L2	逆矩阵与可逆条件	candidate	初等变换或逆矩阵恒等式	candidate	配套习题/张宇基础30讲/02_线性代数篇/第02讲_矩阵.md	194
ZY30-XD-02-L2.19	CORE_L2	矩阵的秩	candidate	行变换与子式判别	candidate	配套习题/张宇基础30讲/02_线性代数篇/第02讲_矩阵.md	204
ZY30-XD-02-L2.20	CORE_L2	矩阵运算与矩阵方程	candidate	利用矩阵运算法则整理	candidate	配套习题/张宇基础30讲/02_线性代数篇/第02讲_矩阵.md	219
ZY30-XD-02-X01	CORE_L2	矩阵运算与矩阵方程	candidate	利用矩阵运算法则整理	candidate	配套习题/张宇基础30讲/02_线性代数篇/第02讲_矩阵.md	237
ZY30-XD-02-X02	CORE_L2	行列式中的参数与多项式系数	candidate	展开整理参数多项式	candidate	配套习题/张宇基础30讲/02_线性代数篇/第02讲_矩阵.md	252
ZY30-XD-02-X03	CORE_L2		needs_review		needs_review	配套习题/张宇基础30讲/02_线性代数篇/第02讲_矩阵.md	267
ZY30-XD-02-X04	CORE_L2	矩阵运算与矩阵方程	candidate	利用矩阵运算法则整理	candidate	配套习题/张宇基础30讲/02_线性代数篇/第02讲_矩阵.md	282
ZY30-XD-02-X05	CORE_L2	伴随矩阵的性质	candidate	伴随恒等式与秩分类	candidate	配套习题/张宇基础30讲/02_线性代数篇/第02讲_矩阵.md	297
ZY30-XD-02-X06	CORE_L2	矩阵运算与矩阵方程	candidate	利用矩阵运算法则整理	candidate	配套习题/张宇基础30讲/02_线性代数篇/第02讲_矩阵.md	312
ZY30-XD-02-X07	CORE_L2	矩阵运算与矩阵方程	candidate	利用矩阵运算法则整理	candidate	配套习题/张宇基础30讲/02_线性代数篇/第02讲_矩阵.md	327
ZY30-XD-02-X08	CORE_L2	矩阵运算与矩阵方程	candidate	利用矩阵运算法则整理	candidate	配套习题/张宇基础30讲/02_线性代数篇/第02讲_矩阵.md	337
ZY30-XD-02-X09	CORE_L2	矩阵运算与矩阵方程	candidate	利用矩阵运算法则整理	candidate	配套习题/张宇基础30讲/02_线性代数篇/第02讲_矩阵.md	347
ZY30-XD-02-X10	CORE_L2	矩阵运算与矩阵方程	candidate	利用矩阵运算法则整理	candidate	配套习题/张宇基础30讲/02_线性代数篇/第02讲_矩阵.md	357
ZY30-XD-02-X11	CORE_L2	伴随矩阵的性质	candidate	伴随恒等式与秩分类	candidate	配套习题/张宇基础30讲/02_线性代数篇/第02讲_矩阵.md	367
ZY30-XD-02-X12	CORE_L2	矩阵运算与矩阵方程	candidate	利用矩阵运算法则整理	candidate	配套习题/张宇基础30讲/02_线性代数篇/第02讲_矩阵.md	377
ZY30-XD-02-X13	CORE_L2	矩阵运算与矩阵方程	candidate	利用矩阵运算法则整理	candidate	配套习题/张宇基础30讲/02_线性代数篇/第02讲_矩阵.md	387
ZY30-XD-02-X14	CORE_L2	矩阵运算与矩阵方程	candidate	利用矩阵运算法则整理	candidate	配套习题/张宇基础30讲/02_线性代数篇/第02讲_矩阵.md	397
ZY30-XD-02-X15	CORE_L2	矩阵运算与矩阵方程	candidate	利用矩阵运算法则整理	candidate	配套习题/张宇基础30讲/02_线性代数篇/第02讲_矩阵.md	407
ZY30-XD-03-L3.01	CORE_L2	向量的线性表示	candidate	建立列向量系数方程	candidate	配套习题/张宇基础30讲/02_线性代数篇/第03讲_向量组.md	9
ZY30-XD-03-L3.02	CORE_L2	向量的线性表示	candidate	建立列向量系数方程	candidate	配套习题/张宇基础30讲/02_线性代数篇/第03讲_向量组.md	19
ZY30-XD-03-L3.03	CORE_L2		needs_review		needs_review	配套习题/张宇基础30讲/02_线性代数篇/第03讲_向量组.md	29
ZY30-XD-03-L3.04	CORE_L2	向量组线性相关性	candidate	线性组合关系或矩阵秩	candidate	配套习题/张宇基础30讲/02_线性代数篇/第03讲_向量组.md	44
ZY30-XD-03-L3.05	CORE_L2	向量组线性相关性	candidate	线性组合关系或矩阵秩	candidate	配套习题/张宇基础30讲/02_线性代数篇/第03讲_向量组.md	59
ZY30-XD-03-L3.06	CORE_L2	向量组线性相关性	candidate	线性组合关系或矩阵秩	candidate	配套习题/张宇基础30讲/02_线性代数篇/第03讲_向量组.md	69
ZY30-XD-03-L3.07	CORE_L2	向量组线性相关性	candidate	线性组合关系或矩阵秩	candidate	配套习题/张宇基础30讲/02_线性代数篇/第03讲_向量组.md	79
ZY30-XD-03-L3.08	CORE_L2	矩阵运算与矩阵方程	candidate	利用矩阵运算法则整理	candidate	配套习题/张宇基础30讲/02_线性代数篇/第03讲_向量组.md	94
ZY30-XD-03-L3.09	CORE_L2	矩阵的秩	candidate	行变换与子式判别	candidate	配套习题/张宇基础30讲/02_线性代数篇/第03讲_向量组.md	109
ZY30-XD-03-L3.10	CORE_L2	矩阵的秩	candidate	行变换与子式判别	candidate	配套习题/张宇基础30讲/02_线性代数篇/第03讲_向量组.md	119
ZY30-XD-03-L3.11	CORE_L2	伴随矩阵的性质	candidate	伴随恒等式与秩分类	candidate	配套习题/张宇基础30讲/02_线性代数篇/第03讲_向量组.md	129
ZY30-XD-03-L3.12	CORE_L2	向量组等价性	candidate	比较列空间或双向线性表示	candidate	配套习题/张宇基础30讲/02_线性代数篇/第03讲_向量组.md	139
ZY30-XD-03-L3.13-M1	CORE_L2	矩阵运算与矩阵方程	candidate	利用矩阵运算法则整理	candidate	配套习题/张宇基础30讲/02_线性代数篇/第03讲_向量组.md	149
ZY30-XD-03-L3.14-M1	CORE_L2	正交变换与实对称矩阵	candidate	正交化特征向量	candidate	配套习题/张宇基础30讲/02_线性代数篇/第03讲_向量组.md	159
ZY30-XD-03-X01	CORE_L2	矩阵运算与矩阵方程	candidate	利用矩阵运算法则整理	candidate	配套习题/张宇基础30讲/02_线性代数篇/第03讲_向量组.md	172
ZY30-XD-03-X02	CORE_L2	向量组线性相关性	candidate	线性组合关系或矩阵秩	candidate	配套习题/张宇基础30讲/02_线性代数篇/第03讲_向量组.md	187
ZY30-XD-03-X03	CORE_L2	向量的线性表示	candidate	建立列向量系数方程	candidate	配套习题/张宇基础30讲/02_线性代数篇/第03讲_向量组.md	202
ZY30-XD-03-X04	CORE_L2	向量组线性相关性	candidate	线性组合关系或矩阵秩	candidate	配套习题/张宇基础30讲/02_线性代数篇/第03讲_向量组.md	217
ZY30-XD-03-X05	CORE_L2	矩阵的秩	candidate	行变换与子式判别	candidate	配套习题/张宇基础30讲/02_线性代数篇/第03讲_向量组.md	232
ZY30-XD-03-X06	CORE_L2		needs_review		needs_review	配套习题/张宇基础30讲/02_线性代数篇/第03讲_向量组.md	247
ZY30-XD-03-X07	CORE_L2	向量组线性相关性	candidate	线性组合关系或矩阵秩	candidate	配套习题/张宇基础30讲/02_线性代数篇/第03讲_向量组.md	262
ZY30-XD-03-X08	CORE_L2	向量的线性表示	candidate	建立列向量系数方程	candidate	配套习题/张宇基础30讲/02_线性代数篇/第03讲_向量组.md	272
ZY30-XD-03-X09	CORE_L2	向量的线性表示	candidate	建立列向量系数方程	candidate	配套习题/张宇基础30讲/02_线性代数篇/第03讲_向量组.md	282
ZY30-XD-03-X10	CORE_L2	向量的线性表示	candidate	建立列向量系数方程	candidate	配套习题/张宇基础30讲/02_线性代数篇/第03讲_向量组.md	292
ZY30-XD-03-X11	CORE_L2	正交变换与实对称矩阵	candidate	正交化特征向量	candidate	配套习题/张宇基础30讲/02_线性代数篇/第03讲_向量组.md	302
ZY30-XD-03-X12	CORE_L2	矩阵运算与矩阵方程	candidate	利用矩阵运算法则整理	candidate	配套习题/张宇基础30讲/02_线性代数篇/第03讲_向量组.md	312
ZY30-XD-04-L4.01	CORE_L2	齐次线性方程组解的结构	candidate	秩零化度与基础解系	candidate	配套习题/张宇基础30讲/02_线性代数篇/第04讲_线性方程组.md	9
ZY30-XD-04-L4.02	CORE_L2	正交变换与实对称矩阵	candidate	正交化特征向量	candidate	配套习题/张宇基础30讲/02_线性代数篇/第04讲_线性方程组.md	19
ZY30-XD-04-L4.03	CORE_L2	向量组线性相关性	candidate	线性组合关系或矩阵秩	candidate	配套习题/张宇基础30讲/02_线性代数篇/第04讲_线性方程组.md	29
ZY30-XD-04-L4.04	CORE_L2	伴随矩阵的性质	candidate	伴随恒等式与秩分类	candidate	配套习题/张宇基础30讲/02_线性代数篇/第04讲_线性方程组.md	44
ZY30-XD-04-L4.05	CORE_L2	线性方程组的解与参数	candidate	比较系数矩阵与增广矩阵的秩	candidate	配套习题/张宇基础30讲/02_线性代数篇/第04讲_线性方程组.md	59
ZY30-XD-04-L4.06	CORE_L2	齐次线性方程组解的结构	candidate	秩零化度与基础解系	candidate	配套习题/张宇基础30讲/02_线性代数篇/第04讲_线性方程组.md	74
ZY30-XD-04-L4.07	CORE_L2	线性方程组的解与参数	candidate	比较系数矩阵与增广矩阵的秩	candidate	配套习题/张宇基础30讲/02_线性代数篇/第04讲_线性方程组.md	89
ZY30-XD-04-L4.08	CORE_L2	线性方程组的解与参数	candidate	比较系数矩阵与增广矩阵的秩	candidate	配套习题/张宇基础30讲/02_线性代数篇/第04讲_线性方程组.md	104
ZY30-XD-04-L4.09	CORE_L2	线性方程组的解与参数	candidate	比较系数矩阵与增广矩阵的秩	candidate	配套习题/张宇基础30讲/02_线性代数篇/第04讲_线性方程组.md	114
ZY30-XD-04-L4.10	CORE_L2	线性方程组的解与参数	candidate	比较系数矩阵与增广矩阵的秩	candidate	配套习题/张宇基础30讲/02_线性代数篇/第04讲_线性方程组.md	124
ZY30-XD-04-L4.11	CORE_L2	线性方程组的解与参数	candidate	比较系数矩阵与增广矩阵的秩	candidate	配套习题/张宇基础30讲/02_线性代数篇/第04讲_线性方程组.md	134
ZY30-XD-04-L4.12	CORE_L2	线性方程组的解与参数	candidate	比较系数矩阵与增广矩阵的秩	candidate	配套习题/张宇基础30讲/02_线性代数篇/第04讲_线性方程组.md	149
ZY30-XD-04-L4.13	CORE_L2	线性方程组的解与参数	candidate	比较系数矩阵与增广矩阵的秩	candidate	配套习题/张宇基础30讲/02_线性代数篇/第04讲_线性方程组.md	159
ZY30-XD-04-L4.14	CORE_L2	矩阵运算与矩阵方程	candidate	利用矩阵运算法则整理	candidate	配套习题/张宇基础30讲/02_线性代数篇/第04讲_线性方程组.md	169
ZY30-XD-04-L4.15	CORE_L2	矩阵运算与矩阵方程	candidate	利用矩阵运算法则整理	candidate	配套习题/张宇基础30讲/02_线性代数篇/第04讲_线性方程组.md	179
ZY30-XD-04-X01	CORE_L2	线性方程组的解与参数	candidate	比较系数矩阵与增广矩阵的秩	candidate	配套习题/张宇基础30讲/02_线性代数篇/第04讲_线性方程组.md	192
ZY30-XD-04-X02	CORE_L2	齐次线性方程组解的结构	candidate	秩零化度与基础解系	candidate	配套习题/张宇基础30讲/02_线性代数篇/第04讲_线性方程组.md	207
ZY30-XD-04-X03	CORE_L2	线性方程组的解与参数	candidate	比较系数矩阵与增广矩阵的秩	candidate	配套习题/张宇基础30讲/02_线性代数篇/第04讲_线性方程组.md	222
ZY30-XD-04-X04	CORE_L2	线性方程组的解与参数	candidate	比较系数矩阵与增广矩阵的秩	candidate	配套习题/张宇基础30讲/02_线性代数篇/第04讲_线性方程组.md	237
ZY30-XD-04-X05	CORE_L2	齐次线性方程组解的结构	candidate	秩零化度与基础解系	candidate	配套习题/张宇基础30讲/02_线性代数篇/第04讲_线性方程组.md	252
ZY30-XD-04-X06	CORE_L2	线性方程组的解与参数	candidate	比较系数矩阵与增广矩阵的秩	candidate	配套习题/张宇基础30讲/02_线性代数篇/第04讲_线性方程组.md	267
ZY30-XD-04-X07	CORE_L2	线性方程组的解与参数	candidate	比较系数矩阵与增广矩阵的秩	candidate	配套习题/张宇基础30讲/02_线性代数篇/第04讲_线性方程组.md	277
ZY30-XD-04-X08	CORE_L2	齐次线性方程组解的结构	candidate	秩零化度与基础解系	candidate	配套习题/张宇基础30讲/02_线性代数篇/第04讲_线性方程组.md	287
ZY30-XD-04-X09	CORE_L2	向量组线性相关性	candidate	线性组合关系或矩阵秩	candidate	配套习题/张宇基础30讲/02_线性代数篇/第04讲_线性方程组.md	297
ZY30-XD-04-X10	CORE_L2		needs_review		needs_review	配套习题/张宇基础30讲/02_线性代数篇/第04讲_线性方程组.md	307
ZY30-XD-05-L5.01	CORE_L2	特征值与特征向量	candidate	特征方程与特征子空间	candidate	配套习题/张宇基础30讲/02_线性代数篇/第05讲_特征值与特征向量.md	9
ZY30-XD-05-L5.02	CORE_L2	特征值与特征向量	candidate	特征方程与特征子空间	candidate	配套习题/张宇基础30讲/02_线性代数篇/第05讲_特征值与特征向量.md	19
ZY30-XD-05-L5.03	CORE_L2	特征值与特征向量	candidate	特征方程与特征子空间	candidate	配套习题/张宇基础30讲/02_线性代数篇/第05讲_特征值与特征向量.md	29
ZY30-XD-05-L5.04	CORE_L2	代数余子式及其组合	candidate	按行列展开或替换对应行列	candidate	配套习题/张宇基础30讲/02_线性代数篇/第05讲_特征值与特征向量.md	39
ZY30-XD-05-L5.05	CORE_L2	代数余子式及其组合	candidate	按行列展开或替换对应行列	candidate	配套习题/张宇基础30讲/02_线性代数篇/第05讲_特征值与特征向量.md	49
ZY30-XD-05-L5.06	CORE_L2	相似矩阵与对角化	candidate	用特征向量构造变换基	candidate	配套习题/张宇基础30讲/02_线性代数篇/第05讲_特征值与特征向量.md	59
ZY30-XD-05-L5.07	CORE_L2	矩阵运算与矩阵方程	candidate	利用矩阵运算法则整理	candidate	配套习题/张宇基础30讲/02_线性代数篇/第05讲_特征值与特征向量.md	74
ZY30-XD-05-L5.08	CORE_L2	相似矩阵与对角化	candidate	用特征向量构造变换基	candidate	配套习题/张宇基础30讲/02_线性代数篇/第05讲_特征值与特征向量.md	84
ZY30-XD-05-L5.09	CORE_L2	相似矩阵与对角化	candidate	用特征向量构造变换基	candidate	配套习题/张宇基础30讲/02_线性代数篇/第05讲_特征值与特征向量.md	99
ZY30-XD-05-L5.10	CORE_L2	相似矩阵与对角化	candidate	用特征向量构造变换基	candidate	配套习题/张宇基础30讲/02_线性代数篇/第05讲_特征值与特征向量.md	114
ZY30-XD-05-L5.11	CORE_L2	特征值与特征向量	candidate	特征方程与特征子空间	candidate	配套习题/张宇基础30讲/02_线性代数篇/第05讲_特征值与特征向量.md	124
ZY30-XD-05-L5.12	CORE_L2	相似矩阵与对角化	candidate	用特征向量构造变换基	candidate	配套习题/张宇基础30讲/02_线性代数篇/第05讲_特征值与特征向量.md	139
ZY30-XD-05-L5.13	CORE_L2	逆矩阵与可逆条件	candidate	初等变换或逆矩阵恒等式	candidate	配套习题/张宇基础30讲/02_线性代数篇/第05讲_特征值与特征向量.md	149
ZY30-XD-05-L5.14	CORE_L2	特征值与特征向量	candidate	特征方程与特征子空间	candidate	配套习题/张宇基础30讲/02_线性代数篇/第05讲_特征值与特征向量.md	164
ZY30-XD-05-L5.15	CORE_L2	矩阵运算与矩阵方程	candidate	利用矩阵运算法则整理	candidate	配套习题/张宇基础30讲/02_线性代数篇/第05讲_特征值与特征向量.md	174
ZY30-XD-05-L5.16	CORE_L2	矩阵运算与矩阵方程	candidate	利用矩阵运算法则整理	candidate	配套习题/张宇基础30讲/02_线性代数篇/第05讲_特征值与特征向量.md	184
ZY30-XD-05-L5.17	CORE_L2	相似矩阵与对角化	candidate	用特征向量构造变换基	candidate	配套习题/张宇基础30讲/02_线性代数篇/第05讲_特征值与特征向量.md	194
ZY30-XD-05-L5.18	CORE_L2	正交变换与实对称矩阵	candidate	正交化特征向量	candidate	配套习题/张宇基础30讲/02_线性代数篇/第05讲_特征值与特征向量.md	204
ZY30-XD-05-L5.19	CORE_L2	相似矩阵与对角化	candidate	用特征向量构造变换基	candidate	配套习题/张宇基础30讲/02_线性代数篇/第05讲_特征值与特征向量.md	214
ZY30-XD-05-X01	CORE_L2	特征值与特征向量	candidate	特征方程与特征子空间	candidate	配套习题/张宇基础30讲/02_线性代数篇/第05讲_特征值与特征向量.md	227
ZY30-XD-05-X02	CORE_L2	特征值与特征向量	candidate	特征方程与特征子空间	candidate	配套习题/张宇基础30讲/02_线性代数篇/第05讲_特征值与特征向量.md	242
ZY30-XD-05-X03	CORE_L2	矩阵运算与矩阵方程	candidate	利用矩阵运算法则整理	candidate	配套习题/张宇基础30讲/02_线性代数篇/第05讲_特征值与特征向量.md	257
ZY30-XD-05-X04	CORE_L2	相似矩阵与对角化	candidate	用特征向量构造变换基	candidate	配套习题/张宇基础30讲/02_线性代数篇/第05讲_特征值与特征向量.md	272
ZY30-XD-05-X05	CORE_L2	逆矩阵与可逆条件	candidate	初等变换或逆矩阵恒等式	candidate	配套习题/张宇基础30讲/02_线性代数篇/第05讲_特征值与特征向量.md	287
ZY30-XD-05-X06	CORE_L2	伴随矩阵的性质	candidate	伴随恒等式与秩分类	candidate	配套习题/张宇基础30讲/02_线性代数篇/第05讲_特征值与特征向量.md	297
ZY30-XD-05-X07	CORE_L2	相似矩阵与对角化	candidate	用特征向量构造变换基	candidate	配套习题/张宇基础30讲/02_线性代数篇/第05讲_特征值与特征向量.md	307
ZY30-XD-05-X08	CORE_L2	矩阵的秩	candidate	行变换与子式判别	candidate	配套习题/张宇基础30讲/02_线性代数篇/第05讲_特征值与特征向量.md	317
ZY30-XD-05-X09	CORE_L2	特征值与特征向量	candidate	特征方程与特征子空间	candidate	配套习题/张宇基础30讲/02_线性代数篇/第05讲_特征值与特征向量.md	327
ZY30-XD-05-X10	CORE_L2	伴随矩阵的性质	candidate	伴随恒等式与秩分类	candidate	配套习题/张宇基础30讲/02_线性代数篇/第05讲_特征值与特征向量.md	337
ZY30-XD-05-X11	CORE_L2	逆矩阵与可逆条件	candidate	初等变换或逆矩阵恒等式	candidate	配套习题/张宇基础30讲/02_线性代数篇/第05讲_特征值与特征向量.md	347
ZY30-XD-05-X12	CORE_L2	相似矩阵与对角化	candidate	用特征向量构造变换基	candidate	配套习题/张宇基础30讲/02_线性代数篇/第05讲_特征值与特征向量.md	357
ZY30-XD-05-X13	CORE_L2	正交变换与实对称矩阵	candidate	正交化特征向量	candidate	配套习题/张宇基础30讲/02_线性代数篇/第05讲_特征值与特征向量.md	367
ZY30-XD-05-X14	CORE_L2	特征值与特征向量	candidate	特征方程与特征子空间	candidate	配套习题/张宇基础30讲/02_线性代数篇/第05讲_特征值与特征向量.md	377
ZY30-XD-05-X15	CORE_L2	矩阵运算与矩阵方程	candidate	利用矩阵运算法则整理	candidate	配套习题/张宇基础30讲/02_线性代数篇/第05讲_特征值与特征向量.md	387
ZY30-XD-06-L6.01	CORE_L2	二次型化标准形	candidate	配方法或合同变换	candidate	配套习题/张宇基础30讲/02_线性代数篇/第06讲_二次型.md	9
ZY30-XD-06-L6.02	CORE_L2	二次型化标准形	candidate	配方法或合同变换	candidate	配套习题/张宇基础30讲/02_线性代数篇/第06讲_二次型.md	19
ZY30-XD-06-L6.03	CORE_L2	二次型化标准形	candidate	配方法或合同变换	candidate	配套习题/张宇基础30讲/02_线性代数篇/第06讲_二次型.md	29
ZY30-XD-06-L6.04	CORE_L2	二次型化标准形	candidate	配方法或合同变换	candidate	配套习题/张宇基础30讲/02_线性代数篇/第06讲_二次型.md	39
ZY30-XD-06-L6.05	CORE_L2	二次型化标准形	candidate	配方法或合同变换	candidate	配套习题/张宇基础30讲/02_线性代数篇/第06讲_二次型.md	49
ZY30-XD-06-L6.06	CORE_L2	二次型化标准形	candidate	配方法或合同变换	candidate	配套习题/张宇基础30讲/02_线性代数篇/第06讲_二次型.md	64
ZY30-XD-06-L6.07	CORE_L2	二次型化标准形	candidate	配方法或合同变换	candidate	配套习题/张宇基础30讲/02_线性代数篇/第06讲_二次型.md	74
ZY30-XD-06-L6.08	CORE_L2	二次型化标准形	candidate	配方法或合同变换	candidate	配套习题/张宇基础30讲/02_线性代数篇/第06讲_二次型.md	84
ZY30-XD-06-L6.09	CORE_L2	矩阵运算与矩阵方程	candidate	利用矩阵运算法则整理	candidate	配套习题/张宇基础30讲/02_线性代数篇/第06讲_二次型.md	99
ZY30-XD-06-L6.10	CORE_L2	二次型与矩阵的正定性	candidate	顺序主子式或特征值判别	candidate	配套习题/张宇基础30讲/02_线性代数篇/第06讲_二次型.md	114
ZY30-XD-06-L6.11	CORE_L2	二次型与矩阵的正定性	candidate	顺序主子式或特征值判别	candidate	配套习题/张宇基础30讲/02_线性代数篇/第06讲_二次型.md	124
ZY30-XD-06-L6.12	CORE_L2	二次型与矩阵的正定性	candidate	顺序主子式或特征值判别	candidate	配套习题/张宇基础30讲/02_线性代数篇/第06讲_二次型.md	134
ZY30-XD-06-X01	CORE_L2	二次型化标准形	candidate	配方法或合同变换	candidate	配套习题/张宇基础30讲/02_线性代数篇/第06讲_二次型.md	152
ZY30-XD-06-X02	CORE_L2	二次型化标准形	candidate	配方法或合同变换	candidate	配套习题/张宇基础30讲/02_线性代数篇/第06讲_二次型.md	167
ZY30-XD-06-X03	CORE_L2	二次型与矩阵的正定性	candidate	顺序主子式或特征值判别	candidate	配套习题/张宇基础30讲/02_线性代数篇/第06讲_二次型.md	182
ZY30-XD-06-X04	CORE_L2	二次型化标准形	candidate	配方法或合同变换	candidate	配套习题/张宇基础30讲/02_线性代数篇/第06讲_二次型.md	197
ZY30-XD-06-X05	CORE_L2	二次型化标准形	candidate	配方法或合同变换	candidate	配套习题/张宇基础30讲/02_线性代数篇/第06讲_二次型.md	207
ZY30-XD-06-X06	CORE_L2	二次型化标准形	candidate	配方法或合同变换	candidate	配套习题/张宇基础30讲/02_线性代数篇/第06讲_二次型.md	217
ZY30-XD-06-X07	CORE_L2	二次型与矩阵的正定性	candidate	顺序主子式或特征值判别	candidate	配套习题/张宇基础30讲/02_线性代数篇/第06讲_二次型.md	227
ZY30-XD-06-X08	CORE_L2	二次型化标准形	candidate	配方法或合同变换	candidate	配套习题/张宇基础30讲/02_线性代数篇/第06讲_二次型.md	237
ZY30-XD-06-X09	CORE_L2	二次型化标准形	candidate	配方法或合同变换	candidate	配套习题/张宇基础30讲/02_线性代数篇/第06讲_二次型.md	247
ZY30-XD-06-X10	CORE_L2	二次型化标准形	candidate	配方法或合同变换	candidate	配套习题/张宇基础30讲/02_线性代数篇/第06讲_二次型.md	257
ZY30-XD-06-X11	CORE_L2	二次型化标准形	candidate	配方法或合同变换	candidate	配套习题/张宇基础30讲/02_线性代数篇/第06讲_二次型.md	267
ZY30-XD-06-X12	CORE_L2	二次型与矩阵的正定性	candidate	顺序主子式或特征值判别	candidate	配套习题/张宇基础30讲/02_线性代数篇/第06讲_二次型.md	277
ZY30-XD-06-X13	CORE_L2	二次型与矩阵的正定性	candidate	顺序主子式或特征值判别	candidate	配套习题/张宇基础30讲/02_线性代数篇/第06讲_二次型.md	287
ZY30-GL-01-L1.01	CORE_L2	古典概型与组合计数	verified	计数等可能样本点	verified	配套习题/张宇基础30讲/03_概率论与数理统计篇/第01讲_随机事件与概率.md	9
ZY30-GL-01-L1.02	CORE_L2	古典概型与组合计数	verified	计数等可能样本点	verified	配套习题/张宇基础30讲/03_概率论与数理统计篇/第01讲_随机事件与概率.md	19
ZY30-GL-01-L1.03	CORE_L2	古典概型与组合计数	verified	计数等可能样本点	verified	配套习题/张宇基础30讲/03_概率论与数理统计篇/第01讲_随机事件与概率.md	29
ZY30-GL-01-L1.04	CORE_L2	几何概型	verified	把事件化为几何区域的测度比	verified	配套习题/张宇基础30讲/03_概率论与数理统计篇/第01讲_随机事件与概率.md	39
ZY30-GL-01-L1.05	CORE_L2	概率性质与事件关系	verified	概率公理和加法公式	verified	配套习题/张宇基础30讲/03_概率论与数理统计篇/第01讲_随机事件与概率.md	49
ZY30-GL-01-L1.06	CORE_L2	概率性质与事件关系	verified	概率公理和加法公式	verified	配套习题/张宇基础30讲/03_概率论与数理统计篇/第01讲_随机事件与概率.md	64
ZY30-GL-01-L1.07	CORE_L2	条件概率及乘法公式	verified	转换条件事件并计算交事件	verified	配套习题/张宇基础30讲/03_概率论与数理统计篇/第01讲_随机事件与概率.md	79
ZY30-GL-01-L1.08	CORE_L2	条件概率及乘法公式	verified	转换条件事件并计算交事件	verified	配套习题/张宇基础30讲/03_概率论与数理统计篇/第01讲_随机事件与概率.md	89
ZY30-GL-01-L1.09	CORE_L2	古典概型与组合计数	verified	排列计数与容斥	verified	配套习题/张宇基础30讲/03_概率论与数理统计篇/第01讲_随机事件与概率.md	99
ZY30-GL-01-L1.10	CORE_L2	全概率公式	verified	按完备事件组分解	verified	配套习题/张宇基础30讲/03_概率论与数理统计篇/第01讲_随机事件与概率.md	109
ZY30-GL-01-L1.11	CORE_L2	全概率公式	verified	按完备事件组分解	verified	配套习题/张宇基础30讲/03_概率论与数理统计篇/第01讲_随机事件与概率.md	119
ZY30-GL-01-L1.12	CORE_L2	贝叶斯公式与后验预测	verified	更新来源概率再进行条件计算	verified	配套习题/张宇基础30讲/03_概率论与数理统计篇/第01讲_随机事件与概率.md	129
ZY30-GL-01-L1.13	CORE_L2	随机事件独立性	verified	核对交事件概率的乘积条件	verified	配套习题/张宇基础30讲/03_概率论与数理统计篇/第01讲_随机事件与概率.md	139
ZY30-GL-01-L1.14	CORE_L2	独立重复试验的事件概率	verified	二项计数与指定次序分解	verified	配套习题/张宇基础30讲/03_概率论与数理统计篇/第01讲_随机事件与概率.md	154
ZY30-GL-01-L1.15	CORE_L2	独立重复试验的事件概率	verified	二项计数与指定次序分解	verified	配套习题/张宇基础30讲/03_概率论与数理统计篇/第01讲_随机事件与概率.md	164
ZY30-GL-01-X01	CORE_L2	随机事件的集合运算	verified	事件分解与集合恒等式	verified	配套习题/张宇基础30讲/03_概率论与数理统计篇/第01讲_随机事件与概率.md	182
ZY30-GL-01-X02	CORE_L2	概率性质与事件关系	verified	概率公理和加法公式	verified	配套习题/张宇基础30讲/03_概率论与数理统计篇/第01讲_随机事件与概率.md	197
ZY30-GL-01-X03	CORE_L2	古典概型与组合计数	verified	计数等可能样本点	verified	配套习题/张宇基础30讲/03_概率论与数理统计篇/第01讲_随机事件与概率.md	212
ZY30-GL-01-X04	CORE_L2	古典概型与组合计数	verified	计数等可能样本点	verified	配套习题/张宇基础30讲/03_概率论与数理统计篇/第01讲_随机事件与概率.md	227
ZY30-GL-01-X05	CORE_L2	随机事件独立性	verified	核对交事件概率的乘积条件	verified	配套习题/张宇基础30讲/03_概率论与数理统计篇/第01讲_随机事件与概率.md	242
ZY30-GL-01-X06	CORE_L2	几何概型	verified	把事件化为几何区域的测度比	verified	配套习题/张宇基础30讲/03_概率论与数理统计篇/第01讲_随机事件与概率.md	257
ZY30-GL-01-X07	CORE_L2	几何概型	verified	把事件化为几何区域的测度比	verified	配套习题/张宇基础30讲/03_概率论与数理统计篇/第01讲_随机事件与概率.md	267
ZY30-GL-01-X08	CORE_L2	概率性质与事件关系	verified	概率公理和加法公式	verified	配套习题/张宇基础30讲/03_概率论与数理统计篇/第01讲_随机事件与概率.md	277
ZY30-GL-01-X09	CORE_L2	概率性质与事件关系	verified	概率公理和加法公式	verified	配套习题/张宇基础30讲/03_概率论与数理统计篇/第01讲_随机事件与概率.md	287
ZY30-GL-01-X10	CORE_L2	条件概率及乘法公式	verified	转换条件事件并计算交事件	verified	配套习题/张宇基础30讲/03_概率论与数理统计篇/第01讲_随机事件与概率.md	297
ZY30-GL-01-X11	CORE_L2	概率性质与事件关系	verified	概率公理和加法公式	verified	配套习题/张宇基础30讲/03_概率论与数理统计篇/第01讲_随机事件与概率.md	307
ZY30-GL-01-X12	CORE_L2	随机事件独立性	verified	对立事件与独立性	verified	配套习题/张宇基础30讲/03_概率论与数理统计篇/第01讲_随机事件与概率.md	317
ZY30-GL-01-X13	CORE_L2	条件概率及乘法公式	verified	转换条件事件并计算交事件	verified	配套习题/张宇基础30讲/03_概率论与数理统计篇/第01讲_随机事件与概率.md	327
ZY30-GL-01-X14	CORE_L2	随机事件的集合运算	verified	事件分解与集合恒等式	verified	配套习题/张宇基础30讲/03_概率论与数理统计篇/第01讲_随机事件与概率.md	337
ZY30-GL-01-X15	CORE_L2	随机事件的集合运算	verified	事件分解与集合恒等式	verified	配套习题/张宇基础30讲/03_概率论与数理统计篇/第01讲_随机事件与概率.md	347
ZY30-GL-01-X16	CORE_L2	随机事件的集合运算	verified	事件分解与集合恒等式	verified	配套习题/张宇基础30讲/03_概率论与数理统计篇/第01讲_随机事件与概率.md	357
ZY30-GL-01-X17	CORE_L2	贝叶斯公式与后验预测	verified	更新来源概率再进行条件计算	verified	配套习题/张宇基础30讲/03_概率论与数理统计篇/第01讲_随机事件与概率.md	367
ZY30-GL-01-X18	CORE_L2	贝叶斯公式与后验预测	verified	更新来源概率再进行条件计算	verified	配套习题/张宇基础30讲/03_概率论与数理统计篇/第01讲_随机事件与概率.md	377
ZY30-GL-01-X19	CORE_L2	全概率公式	verified	按完备事件组分解	verified	配套习题/张宇基础30讲/03_概率论与数理统计篇/第01讲_随机事件与概率.md	387
ZY30-GL-02-L2.01	CORE_L2	分布函数与概率分布	candidate	依据分布定义求概率	candidate	配套习题/张宇基础30讲/03_概率论与数理统计篇/第02讲_一维随机变量及其分布.md	9
ZY30-GL-02-L2.02	CORE_L2	概率密度及归一化	candidate	密度积分	candidate	配套习题/张宇基础30讲/03_概率论与数理统计篇/第02讲_一维随机变量及其分布.md	19
ZY30-GL-02-L2.03	CORE_L2	随机变量函数的分布	candidate	分布函数法或变量变换	candidate	配套习题/张宇基础30讲/03_概率论与数理统计篇/第02讲_一维随机变量及其分布.md	34
ZY30-GL-02-L2.04	CORE_L2	概率密度及归一化	candidate	密度积分	candidate	配套习题/张宇基础30讲/03_概率论与数理统计篇/第02讲_一维随机变量及其分布.md	44
ZY30-GL-02-L2.05	CORE_L2	随机变量函数的分布	candidate	分布函数法或变量变换	candidate	配套习题/张宇基础30讲/03_概率论与数理统计篇/第02讲_一维随机变量及其分布.md	54
ZY30-GL-02-L2.06	CORE_L2	常见概率分布的概率计算	candidate	标准化或使用分布质量函数	candidate	配套习题/张宇基础30讲/03_概率论与数理统计篇/第02讲_一维随机变量及其分布.md	64
ZY30-GL-02-L2.07	CORE_L2	概率密度及归一化	candidate	密度积分	candidate	配套习题/张宇基础30讲/03_概率论与数理统计篇/第02讲_一维随机变量及其分布.md	79
ZY30-GL-02-L2.08	CORE_L2	概率密度及归一化	candidate	密度积分	candidate	配套习题/张宇基础30讲/03_概率论与数理统计篇/第02讲_一维随机变量及其分布.md	89
ZY30-GL-02-L2.09	CORE_L2	常见概率分布的概率计算	candidate	标准化或使用分布质量函数	candidate	配套习题/张宇基础30讲/03_概率论与数理统计篇/第02讲_一维随机变量及其分布.md	99
ZY30-GL-02-L2.10	CORE_L2	常见概率分布的概率计算	candidate	标准化或使用分布质量函数	candidate	配套习题/张宇基础30讲/03_概率论与数理统计篇/第02讲_一维随机变量及其分布.md	109
ZY30-GL-02-L2.11	CORE_L2	常见概率分布的概率计算	candidate	标准化或使用分布质量函数	candidate	配套习题/张宇基础30讲/03_概率论与数理统计篇/第02讲_一维随机变量及其分布.md	119
ZY30-GL-02-L2.12	CORE_L2	常见概率分布的概率计算	candidate	标准化或使用分布质量函数	candidate	配套习题/张宇基础30讲/03_概率论与数理统计篇/第02讲_一维随机变量及其分布.md	134
ZY30-GL-02-L2.13	CORE_L2	随机变量函数的分布	candidate	分布函数法或变量变换	candidate	配套习题/张宇基础30讲/03_概率论与数理统计篇/第02讲_一维随机变量及其分布.md	149
ZY30-GL-02-L2.14	CORE_L2	随机变量函数的分布	candidate	分布函数法或变量变换	candidate	配套习题/张宇基础30讲/03_概率论与数理统计篇/第02讲_一维随机变量及其分布.md	159
ZY30-GL-02-L2.15	CORE_L2	分布函数与概率分布	candidate	依据分布定义求概率	candidate	配套习题/张宇基础30讲/03_概率论与数理统计篇/第02讲_一维随机变量及其分布.md	169
ZY30-GL-02-L2.16	CORE_L2	概率密度及归一化	candidate	密度积分	candidate	配套习题/张宇基础30讲/03_概率论与数理统计篇/第02讲_一维随机变量及其分布.md	179
ZY30-GL-02-L2.17	CORE_L2	概率密度及归一化	candidate	密度积分	candidate	配套习题/张宇基础30讲/03_概率论与数理统计篇/第02讲_一维随机变量及其分布.md	189
ZY30-GL-02-L2.18	CORE_L2	参数假设检验	candidate	统计量与拒绝域	candidate	配套习题/张宇基础30讲/03_概率论与数理统计篇/第02讲_一维随机变量及其分布.md	199
ZY30-GL-02-X01	CORE_L2	分布函数与概率分布	candidate	依据分布定义求概率	candidate	配套习题/张宇基础30讲/03_概率论与数理统计篇/第02讲_一维随机变量及其分布.md	212
ZY30-GL-02-X02	CORE_L2	常见概率分布的概率计算	candidate	标准化或使用分布质量函数	candidate	配套习题/张宇基础30讲/03_概率论与数理统计篇/第02讲_一维随机变量及其分布.md	227
ZY30-GL-02-X03	CORE_L2	常见概率分布的概率计算	candidate	标准化或使用分布质量函数	candidate	配套习题/张宇基础30讲/03_概率论与数理统计篇/第02讲_一维随机变量及其分布.md	242
ZY30-GL-02-X04	CORE_L2	分布函数与概率分布	candidate	依据分布定义求概率	candidate	配套习题/张宇基础30讲/03_概率论与数理统计篇/第02讲_一维随机变量及其分布.md	257
ZY30-GL-02-X05	CORE_L2	分布函数与概率分布	candidate	依据分布定义求概率	candidate	配套习题/张宇基础30讲/03_概率论与数理统计篇/第02讲_一维随机变量及其分布.md	267
ZY30-GL-02-X06	CORE_L2	概率密度及归一化	candidate	密度积分	candidate	配套习题/张宇基础30讲/03_概率论与数理统计篇/第02讲_一维随机变量及其分布.md	277
ZY30-GL-02-X07	CORE_L2	概率密度及归一化	candidate	密度积分	candidate	配套习题/张宇基础30讲/03_概率论与数理统计篇/第02讲_一维随机变量及其分布.md	287
ZY30-GL-02-X08	CORE_L2	常见概率分布的概率计算	candidate	标准化或使用分布质量函数	candidate	配套习题/张宇基础30讲/03_概率论与数理统计篇/第02讲_一维随机变量及其分布.md	297
ZY30-GL-02-X09	CORE_L2	随机变量的独立性	candidate	比较联合分布与边缘乘积	candidate	配套习题/张宇基础30讲/03_概率论与数理统计篇/第02讲_一维随机变量及其分布.md	307
ZY30-GL-02-X10	CORE_L2	概率密度及归一化	candidate	密度积分	candidate	配套习题/张宇基础30讲/03_概率论与数理统计篇/第02讲_一维随机变量及其分布.md	317
ZY30-GL-02-X11	CORE_L2	概率密度及归一化	candidate	密度积分	candidate	配套习题/张宇基础30讲/03_概率论与数理统计篇/第02讲_一维随机变量及其分布.md	327
ZY30-GL-02-X12	CORE_L2	分布函数与概率分布	candidate	依据分布定义求概率	candidate	配套习题/张宇基础30讲/03_概率论与数理统计篇/第02讲_一维随机变量及其分布.md	337
ZY30-GL-02-X13	CORE_L2	随机变量函数的分布	candidate	分布函数法或变量变换	candidate	配套习题/张宇基础30讲/03_概率论与数理统计篇/第02讲_一维随机变量及其分布.md	347
ZY30-GL-02-X14	CORE_L2	随机变量函数的分布	candidate	分布函数法或变量变换	candidate	配套习题/张宇基础30讲/03_概率论与数理统计篇/第02讲_一维随机变量及其分布.md	357
ZY30-GL-02-X15	CORE_L2	概率密度及归一化	candidate	密度积分	candidate	配套习题/张宇基础30讲/03_概率论与数理统计篇/第02讲_一维随机变量及其分布.md	367
ZY30-GL-02-X16	CORE_L2	概率密度及归一化	candidate	密度积分	candidate	配套习题/张宇基础30讲/03_概率论与数理统计篇/第02讲_一维随机变量及其分布.md	377
ZY30-GL-02-X17	CORE_L2	随机变量函数的分布	candidate	分布函数法或变量变换	candidate	配套习题/张宇基础30讲/03_概率论与数理统计篇/第02讲_一维随机变量及其分布.md	387
ZY30-GL-02-X18	CORE_L2	概率密度及归一化	candidate	密度积分	candidate	配套习题/张宇基础30讲/03_概率论与数理统计篇/第02讲_一维随机变量及其分布.md	397
ZY30-GL-03-L3.01	CORE_L2	条件分布	candidate	联合分布除以边缘分布	candidate	配套习题/张宇基础30讲/03_概率论与数理统计篇/第03讲_多维随机变量及其分布.md	9
ZY30-GL-03-L3.02	CORE_L2	随机变量的独立性	candidate	比较联合分布与边缘乘积	candidate	配套习题/张宇基础30讲/03_概率论与数理统计篇/第03讲_多维随机变量及其分布.md	19
ZY30-GL-03-L3.03	CORE_L2	联合分布与边缘分布	candidate	在联合支持集上积分或求和	candidate	配套习题/张宇基础30讲/03_概率论与数理统计篇/第03讲_多维随机变量及其分布.md	34
ZY30-GL-03-L3.04	CORE_L2	概率密度及归一化	candidate	密度积分	candidate	配套习题/张宇基础30讲/03_概率论与数理统计篇/第03讲_多维随机变量及其分布.md	44
ZY30-GL-03-L3.05	CORE_L2	概率密度及归一化	candidate	密度积分	candidate	配套习题/张宇基础30讲/03_概率论与数理统计篇/第03讲_多维随机变量及其分布.md	54
ZY30-GL-03-L3.06	CORE_L2	概率密度及归一化	candidate	密度积分	candidate	配套习题/张宇基础30讲/03_概率论与数理统计篇/第03讲_多维随机变量及其分布.md	64
ZY30-GL-03-L3.07	CORE_L2	随机变量函数的分布	candidate	分布函数法或变量变换	candidate	配套习题/张宇基础30讲/03_概率论与数理统计篇/第03讲_多维随机变量及其分布.md	74
ZY30-GL-03-L3.08	CORE_L2	概率密度及归一化	candidate	密度积分	candidate	配套习题/张宇基础30讲/03_概率论与数理统计篇/第03讲_多维随机变量及其分布.md	84
ZY30-GL-03-L3.09	CORE_L2	概率密度及归一化	candidate	密度积分	candidate	配套习题/张宇基础30讲/03_概率论与数理统计篇/第03讲_多维随机变量及其分布.md	94
ZY30-GL-03-L3.10	CORE_L2	随机变量函数的分布	candidate	分布函数法或变量变换	candidate	配套习题/张宇基础30讲/03_概率论与数理统计篇/第03讲_多维随机变量及其分布.md	104
ZY30-GL-03-L3.11	CORE_L2	概率密度及归一化	candidate	密度积分	candidate	配套习题/张宇基础30讲/03_概率论与数理统计篇/第03讲_多维随机变量及其分布.md	114
ZY30-GL-03-L3.12	CORE_L2	方差与协方差	candidate	中心矩或二阶矩关系	candidate	配套习题/张宇基础30讲/03_概率论与数理统计篇/第03讲_多维随机变量及其分布.md	124
ZY30-GL-03-X01	CORE_L2	概率密度及归一化	candidate	密度积分	candidate	配套习题/张宇基础30讲/03_概率论与数理统计篇/第03讲_多维随机变量及其分布.md	137
ZY30-GL-03-X02	CORE_L2		needs_review		needs_review	配套习题/张宇基础30讲/03_概率论与数理统计篇/第03讲_多维随机变量及其分布.md	152
ZY30-GL-03-X03	CORE_L2	随机变量的独立性	candidate	比较联合分布与边缘乘积	candidate	配套习题/张宇基础30讲/03_概率论与数理统计篇/第03讲_多维随机变量及其分布.md	167
ZY30-GL-03-X04	CORE_L2	分布函数与概率分布	candidate	依据分布定义求概率	candidate	配套习题/张宇基础30讲/03_概率论与数理统计篇/第03讲_多维随机变量及其分布.md	182
ZY30-GL-03-X05	CORE_L2	联合分布与边缘分布	candidate	在联合支持集上积分或求和	candidate	配套习题/张宇基础30讲/03_概率论与数理统计篇/第03讲_多维随机变量及其分布.md	197
ZY30-GL-03-X06	CORE_L2	联合分布与边缘分布	candidate	在联合支持集上积分或求和	candidate	配套习题/张宇基础30讲/03_概率论与数理统计篇/第03讲_多维随机变量及其分布.md	207
ZY30-GL-03-X07	CORE_L2	随机变量的独立性	candidate	比较联合分布与边缘乘积	candidate	配套习题/张宇基础30讲/03_概率论与数理统计篇/第03讲_多维随机变量及其分布.md	217
ZY30-GL-03-X08	CORE_L2	概率密度及归一化	candidate	密度积分	candidate	配套习题/张宇基础30讲/03_概率论与数理统计篇/第03讲_多维随机变量及其分布.md	227
ZY30-GL-03-X09	CORE_L2	联合分布与边缘分布	candidate	在联合支持集上积分或求和	candidate	配套习题/张宇基础30讲/03_概率论与数理统计篇/第03讲_多维随机变量及其分布.md	237
ZY30-GL-03-X10	CORE_L2	条件分布	candidate	联合分布除以边缘分布	candidate	配套习题/张宇基础30讲/03_概率论与数理统计篇/第03讲_多维随机变量及其分布.md	247
ZY30-GL-03-X11	CORE_L2		needs_review		needs_review	配套习题/张宇基础30讲/03_概率论与数理统计篇/第03讲_多维随机变量及其分布.md	257
ZY30-GL-03-X12	CORE_L2	联合分布与边缘分布	candidate	在联合支持集上积分或求和	candidate	配套习题/张宇基础30讲/03_概率论与数理统计篇/第03讲_多维随机变量及其分布.md	267
ZY30-GL-03-X13	CORE_L2	概率密度及归一化	candidate	密度积分	candidate	配套习题/张宇基础30讲/03_概率论与数理统计篇/第03讲_多维随机变量及其分布.md	277
ZY30-GL-03-X14	CORE_L2	概率密度及归一化	candidate	密度积分	candidate	配套习题/张宇基础30讲/03_概率论与数理统计篇/第03讲_多维随机变量及其分布.md	287
ZY30-GL-03-X15	CORE_L2	随机变量的独立性	candidate	比较联合分布与边缘乘积	candidate	配套习题/张宇基础30讲/03_概率论与数理统计篇/第03讲_多维随机变量及其分布.md	297
ZY30-GL-03-X16	CORE_L2	概率密度及归一化	candidate	密度积分	candidate	配套习题/张宇基础30讲/03_概率论与数理统计篇/第03讲_多维随机变量及其分布.md	307
ZY30-GL-03-X17	CORE_L2	概率密度及归一化	candidate	密度积分	candidate	配套习题/张宇基础30讲/03_概率论与数理统计篇/第03讲_多维随机变量及其分布.md	317
ZY30-GL-03-X18	CORE_L2	分布函数与概率分布	candidate	依据分布定义求概率	candidate	配套习题/张宇基础30讲/03_概率论与数理统计篇/第03讲_多维随机变量及其分布.md	327
ZY30-GL-04-L4.01	CORE_L2	随机变量的独立性	candidate	比较联合分布与边缘乘积	candidate	配套习题/张宇基础30讲/03_概率论与数理统计篇/第04讲_随机变量的数字特征.md	9
ZY30-GL-04-L4.02	CORE_L2	数学期望及随机变量函数的期望	candidate	按分布求和或积分	candidate	配套习题/张宇基础30讲/03_概率论与数理统计篇/第04讲_随机变量的数字特征.md	19
ZY30-GL-04-L4.03	CORE_L2	概率密度及归一化	candidate	密度积分	candidate	配套习题/张宇基础30讲/03_概率论与数理统计篇/第04讲_随机变量的数字特征.md	29
ZY30-GL-04-L4.04	CORE_L2	概率密度及归一化	candidate	密度积分	candidate	配套习题/张宇基础30讲/03_概率论与数理统计篇/第04讲_随机变量的数字特征.md	44
ZY30-GL-04-L4.05	CORE_L2	数学期望及随机变量函数的期望	candidate	按分布求和或积分	candidate	配套习题/张宇基础30讲/03_概率论与数理统计篇/第04讲_随机变量的数字特征.md	54
ZY30-GL-04-L4.06	CORE_L2	数学期望及随机变量函数的期望	candidate	按分布求和或积分	candidate	配套习题/张宇基础30讲/03_概率论与数理统计篇/第04讲_随机变量的数字特征.md	64
ZY30-GL-04-L4.07	CORE_L2	相关系数与线性相关	candidate	协方差标准化	candidate	配套习题/张宇基础30讲/03_概率论与数理统计篇/第04讲_随机变量的数字特征.md	74
ZY30-GL-04-L4.08	CORE_L2	参数假设检验	candidate	统计量与拒绝域	candidate	配套习题/张宇基础30讲/03_概率论与数理统计篇/第04讲_随机变量的数字特征.md	84
ZY30-GL-04-L4.09	CORE_L2	常见概率分布的概率计算	candidate	标准化或使用分布质量函数	candidate	配套习题/张宇基础30讲/03_概率论与数理统计篇/第04讲_随机变量的数字特征.md	94
ZY30-GL-04-L4.10	CORE_L2		needs_review		needs_review	配套习题/张宇基础30讲/03_概率论与数理统计篇/第04讲_随机变量的数字特征.md	109
ZY30-GL-04-L4.11	CORE_L2	相关系数与线性相关	candidate	协方差标准化	candidate	配套习题/张宇基础30讲/03_概率论与数理统计篇/第04讲_随机变量的数字特征.md	124
ZY30-GL-04-L4.12	CORE_L2	数学期望及随机变量函数的期望	candidate	按分布求和或积分	candidate	配套习题/张宇基础30讲/03_概率论与数理统计篇/第04讲_随机变量的数字特征.md	134
ZY30-GL-04-X01	CORE_L2	概率密度及归一化	candidate	密度积分	candidate	配套习题/张宇基础30讲/03_概率论与数理统计篇/第04讲_随机变量的数字特征.md	147
ZY30-GL-04-X02	CORE_L2	相关系数与线性相关	candidate	协方差标准化	candidate	配套习题/张宇基础30讲/03_概率论与数理统计篇/第04讲_随机变量的数字特征.md	162
ZY30-GL-04-X03	CORE_L2	随机变量的独立性	candidate	比较联合分布与边缘乘积	candidate	配套习题/张宇基础30讲/03_概率论与数理统计篇/第04讲_随机变量的数字特征.md	177
ZY30-GL-04-X04	CORE_L2		needs_review		needs_review	配套习题/张宇基础30讲/03_概率论与数理统计篇/第04讲_随机变量的数字特征.md	192
ZY30-GL-04-X05	CORE_L2	方差与协方差	candidate	中心矩或二阶矩关系	candidate	配套习题/张宇基础30讲/03_概率论与数理统计篇/第04讲_随机变量的数字特征.md	207
ZY30-GL-04-X06	CORE_L2	方差与协方差	candidate	中心矩或二阶矩关系	candidate	配套习题/张宇基础30讲/03_概率论与数理统计篇/第04讲_随机变量的数字特征.md	217
ZY30-GL-04-X07	CORE_L2	数学期望及随机变量函数的期望	candidate	按分布求和或积分	candidate	配套习题/张宇基础30讲/03_概率论与数理统计篇/第04讲_随机变量的数字特征.md	227
ZY30-GL-04-X08	CORE_L2	常见概率分布的概率计算	candidate	标准化或使用分布质量函数	candidate	配套习题/张宇基础30讲/03_概率论与数理统计篇/第04讲_随机变量的数字特征.md	237
ZY30-GL-04-X09	CORE_L2	数学期望及随机变量函数的期望	candidate	按分布求和或积分	candidate	配套习题/张宇基础30讲/03_概率论与数理统计篇/第04讲_随机变量的数字特征.md	247
ZY30-GL-04-X10	CORE_L2	数学期望及随机变量函数的期望	candidate	按分布求和或积分	candidate	配套习题/张宇基础30讲/03_概率论与数理统计篇/第04讲_随机变量的数字特征.md	257
ZY30-GL-04-X11	CORE_L2		needs_review		needs_review	配套习题/张宇基础30讲/03_概率论与数理统计篇/第04讲_随机变量的数字特征.md	267
ZY30-GL-04-X12	CORE_L2	联合分布与边缘分布	candidate	在联合支持集上积分或求和	candidate	配套习题/张宇基础30讲/03_概率论与数理统计篇/第04讲_随机变量的数字特征.md	277
ZY30-GL-04-X13	CORE_L2	相关系数与线性相关	candidate	协方差标准化	candidate	配套习题/张宇基础30讲/03_概率论与数理统计篇/第04讲_随机变量的数字特征.md	287
ZY30-GL-04-X14	CORE_L2	随机变量的独立性	candidate	比较联合分布与边缘乘积	candidate	配套习题/张宇基础30讲/03_概率论与数理统计篇/第04讲_随机变量的数字特征.md	297
ZY30-GL-05-L5.01	CORE_L2	大数定律与依概率收敛	candidate	核对均值方差及收敛条件	candidate	配套习题/张宇基础30讲/03_概率论与数理统计篇/第05讲_大数定律与中心极限定理.md	9
ZY30-GL-05-L5.02-M3	CORE_L2	分布函数与概率分布	candidate	依据分布定义求概率	candidate	配套习题/张宇基础30讲/03_概率论与数理统计篇/第05讲_大数定律与中心极限定理.md	24
ZY30-GL-05-L5.03	CORE_L2	大数定律与依概率收敛	candidate	核对均值方差及收敛条件	candidate	配套习题/张宇基础30讲/03_概率论与数理统计篇/第05讲_大数定律与中心极限定理.md	34
ZY30-GL-05-L5.04	CORE_L2	中心极限定理与正态近似	candidate	中心化标准化	candidate	配套习题/张宇基础30讲/03_概率论与数理统计篇/第05讲_大数定律与中心极限定理.md	49
ZY30-GL-05-L5.05	CORE_L2		needs_review		needs_review	配套习题/张宇基础30讲/03_概率论与数理统计篇/第05讲_大数定律与中心极限定理.md	64
ZY30-GL-05-L5.06	CORE_L2	参数假设检验	candidate	统计量与拒绝域	candidate	配套习题/张宇基础30讲/03_概率论与数理统计篇/第05讲_大数定律与中心极限定理.md	79
ZY30-GL-05-X01	CORE_L2	分布函数与概率分布	candidate	依据分布定义求概率	candidate	配套习题/张宇基础30讲/03_概率论与数理统计篇/第05讲_大数定律与中心极限定理.md	92
ZY30-GL-05-X02	CORE_L2	中心极限定理与正态近似	candidate	中心化标准化	candidate	配套习题/张宇基础30讲/03_概率论与数理统计篇/第05讲_大数定律与中心极限定理.md	107
ZY30-GL-05-X03	CORE_L2	中心极限定理与正态近似	candidate	中心化标准化	candidate	配套习题/张宇基础30讲/03_概率论与数理统计篇/第05讲_大数定律与中心极限定理.md	122
ZY30-GL-05-X04	CORE_L2	大数定律与依概率收敛	candidate	核对均值方差及收敛条件	candidate	配套习题/张宇基础30讲/03_概率论与数理统计篇/第05讲_大数定律与中心极限定理.md	132
ZY30-GL-05-X05	CORE_L2	参数假设检验	candidate	统计量与拒绝域	candidate	配套习题/张宇基础30讲/03_概率论与数理统计篇/第05讲_大数定律与中心极限定理.md	142
ZY30-GL-06-L6.01	CORE_L2	方差与协方差	candidate	中心矩或二阶矩关系	candidate	配套习题/张宇基础30讲/03_概率论与数理统计篇/第06讲_数理统计.md	9
ZY30-GL-06-L6.02	CORE_L2	方差与协方差	candidate	中心矩或二阶矩关系	candidate	配套习题/张宇基础30讲/03_概率论与数理统计篇/第06讲_数理统计.md	19
ZY30-GL-06-L6.03	CORE_L2	统计量及抽样分布	candidate	标准统计量构造与独立性	candidate	配套习题/张宇基础30讲/03_概率论与数理统计篇/第06讲_数理统计.md	34
ZY30-GL-06-L6.04	CORE_L2	统计量及抽样分布	candidate	标准统计量构造与独立性	candidate	配套习题/张宇基础30讲/03_概率论与数理统计篇/第06讲_数理统计.md	44
ZY30-GL-06-L6.05	CORE_L2	统计量及抽样分布	candidate	标准统计量构造与独立性	candidate	配套习题/张宇基础30讲/03_概率论与数理统计篇/第06讲_数理统计.md	59
ZY30-GL-06-L6.06	CORE_L2		needs_review		needs_review	配套习题/张宇基础30讲/03_概率论与数理统计篇/第06讲_数理统计.md	74
ZY30-GL-06-L6.07	CORE_L2	最大似然估计	candidate	构造似然并比较极值	candidate	配套习题/张宇基础30讲/03_概率论与数理统计篇/第06讲_数理统计.md	89
ZY30-GL-06-L6.08	CORE_L2	最大似然估计	candidate	构造似然并比较极值	candidate	配套习题/张宇基础30讲/03_概率论与数理统计篇/第06讲_数理统计.md	99
ZY30-GL-06-L6.09	CORE_L2	最大似然估计	candidate	构造似然并比较极值	candidate	配套习题/张宇基础30讲/03_概率论与数理统计篇/第06讲_数理统计.md	109
ZY30-GL-06-L6.10-M1	CORE_L2	估计量的无偏性与有效性	candidate	比较期望方差或均方误差	candidate	配套习题/张宇基础30讲/03_概率论与数理统计篇/第06讲_数理统计.md	119
ZY30-GL-06-L6.10-M3	CORE_L2	统计量及抽样分布	candidate	标准统计量构造与独立性	candidate	配套习题/张宇基础30讲/03_概率论与数理统计篇/第06讲_数理统计.md	134
ZY30-GL-06-L6.11	CORE_L2	估计量的无偏性与有效性	candidate	比较期望方差或均方误差	candidate	配套习题/张宇基础30讲/03_概率论与数理统计篇/第06讲_数理统计.md	149
ZY30-GL-06-L6.12	CORE_L2	估计量的无偏性与有效性	candidate	比较期望方差或均方误差	candidate	配套习题/张宇基础30讲/03_概率论与数理统计篇/第06讲_数理统计.md	159
ZY30-GL-06-L6.13	CORE_L2	参数置信区间	candidate	构造枢轴量并反解区间	candidate	配套习题/张宇基础30讲/03_概率论与数理统计篇/第06讲_数理统计.md	169
ZY30-GL-06-L6.14	CORE_L2	参数置信区间	candidate	构造枢轴量并反解区间	candidate	配套习题/张宇基础30讲/03_概率论与数理统计篇/第06讲_数理统计.md	184
ZY30-GL-06-L6.15	CORE_L2	参数置信区间	candidate	构造枢轴量并反解区间	candidate	配套习题/张宇基础30讲/03_概率论与数理统计篇/第06讲_数理统计.md	194
ZY30-GL-06-L6.16-M1	CORE_L2	参数假设检验	candidate	统计量与拒绝域	candidate	配套习题/张宇基础30讲/03_概率论与数理统计篇/第06讲_数理统计.md	204
ZY30-GL-06-L6.17-M1	CORE_L2	参数假设检验	candidate	统计量与拒绝域	candidate	配套习题/张宇基础30讲/03_概率论与数理统计篇/第06讲_数理统计.md	219
ZY30-GL-06-X01	CORE_L2	统计量及抽样分布	candidate	标准统计量构造与独立性	candidate	配套习题/张宇基础30讲/03_概率论与数理统计篇/第06讲_数理统计.md	237
ZY30-GL-06-X02	CORE_L2	随机变量的独立性	candidate	比较联合分布与边缘乘积	candidate	配套习题/张宇基础30讲/03_概率论与数理统计篇/第06讲_数理统计.md	252
ZY30-GL-06-X03	CORE_L2	统计量及抽样分布	candidate	标准统计量构造与独立性	candidate	配套习题/张宇基础30讲/03_概率论与数理统计篇/第06讲_数理统计.md	267
ZY30-GL-06-X04	CORE_L2	方差与协方差	candidate	中心矩或二阶矩关系	candidate	配套习题/张宇基础30讲/03_概率论与数理统计篇/第06讲_数理统计.md	282
ZY30-GL-06-X05	CORE_L2	最大似然估计	candidate	构造似然并比较极值	candidate	配套习题/张宇基础30讲/03_概率论与数理统计篇/第06讲_数理统计.md	297
ZY30-GL-06-X06	CORE_L2	参数置信区间	candidate	构造枢轴量并反解区间	candidate	配套习题/张宇基础30讲/03_概率论与数理统计篇/第06讲_数理统计.md	312
ZY30-GL-06-X07	CORE_L2	参数假设检验	candidate	统计量与拒绝域	candidate	配套习题/张宇基础30讲/03_概率论与数理统计篇/第06讲_数理统计.md	327
ZY30-GL-06-X08	CORE_L2	方差与协方差	candidate	中心矩或二阶矩关系	candidate	配套习题/张宇基础30讲/03_概率论与数理统计篇/第06讲_数理统计.md	342
ZY30-GL-06-X09	CORE_L2	矩估计	candidate	总体矩与样本矩匹配	candidate	配套习题/张宇基础30讲/03_概率论与数理统计篇/第06讲_数理统计.md	352
ZY30-GL-06-X10	CORE_L2	最大似然估计	candidate	构造似然并比较极值	candidate	配套习题/张宇基础30讲/03_概率论与数理统计篇/第06讲_数理统计.md	362
ZY30-GL-06-X11	CORE_L2	最大似然估计	candidate	构造似然并比较极值	candidate	配套习题/张宇基础30讲/03_概率论与数理统计篇/第06讲_数理统计.md	372
ZY30-GL-06-X12	CORE_L2	估计量的无偏性与有效性	candidate	比较期望方差或均方误差	candidate	配套习题/张宇基础30讲/03_概率论与数理统计篇/第06讲_数理统计.md	382
ZY1000-JC-GL01-T01	L1_FIRST	随机事件的集合运算	candidate	事件分解与集合恒等式	candidate	配套习题/张宇1000题/01_基础篇/概率论与数理统计/第01章_随机事件与概率.md	7
ZY1000-JC-GL01-T02	L1_FIRST	参数假设检验	candidate	统计量与拒绝域	candidate	配套习题/张宇1000题/01_基础篇/概率论与数理统计/第01章_随机事件与概率.md	22
ZY1000-JC-GL01-T03	L1_FIRST	概率性质与事件关系	candidate	概率公理和加法公式	candidate	配套习题/张宇1000题/01_基础篇/概率论与数理统计/第01章_随机事件与概率.md	37
ZY1000-JC-GL01-T04	L1_FIRST		needs_review		needs_review	配套习题/张宇1000题/01_基础篇/概率论与数理统计/第01章_随机事件与概率.md	52
ZY1000-JC-GL01-T05	L1_FIRST	概率性质与事件关系	candidate	概率公理和加法公式	candidate	配套习题/张宇1000题/01_基础篇/概率论与数理统计/第01章_随机事件与概率.md	67
ZY1000-JC-GL01-T06	L1_FIRST	概率性质与事件关系	candidate	概率公理和加法公式	candidate	配套习题/张宇1000题/01_基础篇/概率论与数理统计/第01章_随机事件与概率.md	82
ZY1000-JC-GL01-T09	L1_FIRST	随机事件的集合运算	candidate	事件分解与集合恒等式	candidate	配套习题/张宇1000题/01_基础篇/概率论与数理统计/第01章_随机事件与概率.md	97
ZY1000-JC-GL01-T11	L1_FIRST	随机事件独立性	candidate	核对交事件概率的乘积条件	candidate	配套习题/张宇1000题/01_基础篇/概率论与数理统计/第01章_随机事件与概率.md	112
ZY1000-JC-GL02-T02	L1_FIRST	常见概率分布的概率计算	candidate	标准化或使用分布质量函数	candidate	配套习题/张宇1000题/01_基础篇/概率论与数理统计/第02章_一维随机变量及其分布.md	7
ZY1000-JC-GL02-T03	L1_FIRST	常见概率分布的概率计算	candidate	标准化或使用分布质量函数	candidate	配套习题/张宇1000题/01_基础篇/概率论与数理统计/第02章_一维随机变量及其分布.md	22
ZY1000-JC-GL02-T04	L1_FIRST	随机变量的独立性	candidate	比较联合分布与边缘乘积	candidate	配套习题/张宇1000题/01_基础篇/概率论与数理统计/第02章_一维随机变量及其分布.md	37
ZY1000-JC-GL02-T05	L1_FIRST	常见概率分布的概率计算	candidate	标准化或使用分布质量函数	candidate	配套习题/张宇1000题/01_基础篇/概率论与数理统计/第02章_一维随机变量及其分布.md	52
ZY1000-JC-GL02-T06	L1_FIRST	概率密度及归一化	candidate	密度积分	candidate	配套习题/张宇1000题/01_基础篇/概率论与数理统计/第02章_一维随机变量及其分布.md	67
ZY1000-JC-GL02-T07	L1_FIRST		needs_review		needs_review	配套习题/张宇1000题/01_基础篇/概率论与数理统计/第02章_一维随机变量及其分布.md	82
ZY1000-JC-GL02-T08	L1_FIRST	概率密度及归一化	candidate	密度积分	candidate	配套习题/张宇1000题/01_基础篇/概率论与数理统计/第02章_一维随机变量及其分布.md	97
ZY1000-JC-GL03-T01	L1_FIRST	随机变量的独立性	candidate	比较联合分布与边缘乘积	candidate	配套习题/张宇1000题/01_基础篇/概率论与数理统计/第03章_多维随机变量及其分布.md	7
ZY1000-JC-GL03-T02	L1_FIRST	随机变量的独立性	candidate	比较联合分布与边缘乘积	candidate	配套习题/张宇1000题/01_基础篇/概率论与数理统计/第03章_多维随机变量及其分布.md	22
ZY1000-JC-GL03-T03	L1_FIRST	数学期望及随机变量函数的期望	candidate	按分布求和或积分	candidate	配套习题/张宇1000题/01_基础篇/概率论与数理统计/第03章_多维随机变量及其分布.md	37
ZY1000-JC-GL03-T07	L1_FIRST	概率密度及归一化	candidate	密度积分	candidate	配套习题/张宇1000题/01_基础篇/概率论与数理统计/第03章_多维随机变量及其分布.md	52
ZY1000-JC-GL04-T02	L1_FIRST	数学期望及随机变量函数的期望	candidate	按分布求和或积分	candidate	配套习题/张宇1000题/01_基础篇/概率论与数理统计/第04章_随机变量的数字特征.md	7
ZY1000-JC-GL04-T03	L1_FIRST	概率密度及归一化	candidate	密度积分	candidate	配套习题/张宇1000题/01_基础篇/概率论与数理统计/第04章_随机变量的数字特征.md	22
ZY1000-JC-GL04-T04	L1_FIRST	数学期望及随机变量函数的期望	candidate	按分布求和或积分	candidate	配套习题/张宇1000题/01_基础篇/概率论与数理统计/第04章_随机变量的数字特征.md	37
ZY1000-JC-GL04-T05	L1_FIRST	数学期望及随机变量函数的期望	candidate	按分布求和或积分	candidate	配套习题/张宇1000题/01_基础篇/概率论与数理统计/第04章_随机变量的数字特征.md	52
ZY1000-JC-GL04-T10	L1_FIRST	数学期望及随机变量函数的期望	candidate	按分布求和或积分	candidate	配套习题/张宇1000题/01_基础篇/概率论与数理统计/第04章_随机变量的数字特征.md	67
ZY1000-JC-GL04-T11	L1_FIRST	数学期望及随机变量函数的期望	candidate	按分布求和或积分	candidate	配套习题/张宇1000题/01_基础篇/概率论与数理统计/第04章_随机变量的数字特征.md	82
ZY1000-JC-GL04-T12	L1_FIRST	相关系数与线性相关	candidate	协方差标准化	candidate	配套习题/张宇1000题/01_基础篇/概率论与数理统计/第04章_随机变量的数字特征.md	97
ZY1000-JC-GL04-T13	L1_FIRST	方差与协方差	candidate	中心矩或二阶矩关系	candidate	配套习题/张宇1000题/01_基础篇/概率论与数理统计/第04章_随机变量的数字特征.md	112
ZY1000-JC-GL04-T14	L1_FIRST		needs_review		needs_review	配套习题/张宇1000题/01_基础篇/概率论与数理统计/第04章_随机变量的数字特征.md	127
ZY1000-JC-GL04-T15	L1_FIRST	随机变量的独立性	candidate	比较联合分布与边缘乘积	candidate	配套习题/张宇1000题/01_基础篇/概率论与数理统计/第04章_随机变量的数字特征.md	142
ZY1000-JC-GL04-T16	L1_FIRST	方差与协方差	candidate	中心矩或二阶矩关系	candidate	配套习题/张宇1000题/01_基础篇/概率论与数理统计/第04章_随机变量的数字特征.md	157
ZY1000-JC-GL04-T17	L1_FIRST	随机变量的独立性	candidate	比较联合分布与边缘乘积	candidate	配套习题/张宇1000题/01_基础篇/概率论与数理统计/第04章_随机变量的数字特征.md	172
ZY1000-JC-GL04-T18	L1_FIRST	相关系数与线性相关	candidate	协方差标准化	candidate	配套习题/张宇1000题/01_基础篇/概率论与数理统计/第04章_随机变量的数字特征.md	187
ZY1000-JC-GL05-T03	L1_FIRST	分布函数与概率分布	candidate	依据分布定义求概率	candidate	配套习题/张宇1000题/01_基础篇/概率论与数理统计/第05章_大数定律与中心极限定理.md	7
ZY1000-JC-GL05-T04	L1_FIRST	中心极限定理与正态近似	candidate	中心化标准化	candidate	配套习题/张宇1000题/01_基础篇/概率论与数理统计/第05章_大数定律与中心极限定理.md	22
ZY1000-JC-GL05-T05	L1_FIRST	中心极限定理与正态近似	candidate	中心化标准化	candidate	配套习题/张宇1000题/01_基础篇/概率论与数理统计/第05章_大数定律与中心极限定理.md	37
ZY1000-JC-GL06-T01	L1_FIRST	统计量及抽样分布	candidate	标准统计量构造与独立性	candidate	配套习题/张宇1000题/01_基础篇/概率论与数理统计/第06章_数理统计.md	7
ZY1000-JC-GL06-T02	L1_FIRST	统计量及抽样分布	candidate	标准统计量构造与独立性	candidate	配套习题/张宇1000题/01_基础篇/概率论与数理统计/第06章_数理统计.md	22
ZY1000-JC-GL06-T03	L1_FIRST	方差与协方差	candidate	中心矩或二阶矩关系	candidate	配套习题/张宇1000题/01_基础篇/概率论与数理统计/第06章_数理统计.md	37
ZY1000-JC-GL06-T04	L1_FIRST	常见概率分布的概率计算	candidate	标准化或使用分布质量函数	candidate	配套习题/张宇1000题/01_基础篇/概率论与数理统计/第06章_数理统计.md	52
ZY1000-JC-GL06-T05	L1_FIRST		needs_review		needs_review	配套习题/张宇1000题/01_基础篇/概率论与数理统计/第06章_数理统计.md	67
ZY1000-JC-GL06-T06	L1_FIRST	数学期望及随机变量函数的期望	candidate	按分布求和或积分	candidate	配套习题/张宇1000题/01_基础篇/概率论与数理统计/第06章_数理统计.md	82
ZY1000-JC-GL06-T07	L1_FIRST	方差与协方差	candidate	中心矩或二阶矩关系	candidate	配套习题/张宇1000题/01_基础篇/概率论与数理统计/第06章_数理统计.md	97
ZY1000-JC-GL06-T08	L1_FIRST	最大似然估计	candidate	构造似然并比较极值	candidate	配套习题/张宇1000题/01_基础篇/概率论与数理统计/第06章_数理统计.md	112
ZY1000-JC-GL06-T14	L1_FIRST	最大似然估计	candidate	构造似然并比较极值	candidate	配套习题/张宇1000题/01_基础篇/概率论与数理统计/第06章_数理统计.md	127
ZY1000-JC-GL06-T16	L1_FIRST	估计量的无偏性与有效性	candidate	比较期望方差或均方误差	candidate	配套习题/张宇1000题/01_基础篇/概率论与数理统计/第06章_数理统计.md	142
ZY1000-JC-GL06-T17	L1_FIRST	估计量的无偏性与有效性	candidate	比较期望方差或均方误差	candidate	配套习题/张宇1000题/01_基础篇/概率论与数理统计/第06章_数理统计.md	157
ZY1000-JC-GL06-T18	L1_FIRST	统计量及抽样分布	candidate	标准统计量构造与独立性	candidate	配套习题/张宇1000题/01_基础篇/概率论与数理统计/第06章_数理统计.md	172
ZY1000-JC-GL06-T21	L1_FIRST	参数置信区间	candidate	构造枢轴量并反解区间	candidate	配套习题/张宇1000题/01_基础篇/概率论与数理统计/第06章_数理统计.md	187
ZY1000-JC-GL06-T22	L1_FIRST	参数假设检验	candidate	统计量与拒绝域	candidate	配套习题/张宇1000题/01_基础篇/概率论与数理统计/第06章_数理统计.md	202
ZY1000-JC-GL06-T23	L1_FIRST	参数假设检验	candidate	统计量与拒绝域	candidate	配套习题/张宇1000题/01_基础篇/概率论与数理统计/第06章_数理统计.md	217
ZY1000-JC-GS00-T01	L1_FIRST		needs_review		needs_review	配套习题/张宇1000题/01_基础篇/第00章_零基础.md	7
ZY1000-JC-GS00-T02	L1_FIRST		needs_review		needs_review	配套习题/张宇1000题/01_基础篇/第00章_零基础.md	22
ZY1000-JC-GS00-T03	L1_FIRST		needs_review		needs_review	配套习题/张宇1000题/01_基础篇/第00章_零基础.md	32
ZY1000-JC-GS00-T04	L1_FIRST		needs_review		needs_review	配套习题/张宇1000题/01_基础篇/第00章_零基础.md	47
ZY1000-JC-GS00-T05	L1_FIRST		needs_review		needs_review	配套习题/张宇1000题/01_基础篇/第00章_零基础.md	58
ZY1000-JC-GS00-T06	L1_FIRST		needs_review		needs_review	配套习题/张宇1000题/01_基础篇/第00章_零基础.md	69
ZY1000-JC-GS00-T07	L1_FIRST		needs_review		needs_review	配套习题/张宇1000题/01_基础篇/第00章_零基础.md	96
ZY1000-JC-GS00-T08	L1_FIRST	一元函数最值	candidate	导数符号与边界比较	candidate	配套习题/张宇1000题/01_基础篇/第00章_零基础.md	116
ZY1000-JC-GS00-T09	L1_FIRST	一元函数最值	candidate	导数符号与边界比较	candidate	配套习题/张宇1000题/01_基础篇/第00章_零基础.md	128
ZY1000-JC-GS00-T10	L1_FIRST		needs_review		needs_review	配套习题/张宇1000题/01_基础篇/第00章_零基础.md	138
ZY1000-JC-GS00-T11	L1_FIRST	函数关系式求解析式	candidate	换元并联立函数关系	candidate	配套习题/张宇1000题/01_基础篇/第00章_零基础.md	155
ZY1000-JC-GS00-T12	L1_FIRST		needs_review		needs_review	配套习题/张宇1000题/01_基础篇/第00章_零基础.md	170
ZY1000-JC-GS00-T13	L1_FIRST		needs_review		needs_review	配套习题/张宇1000题/01_基础篇/第00章_零基础.md	188
ZY1000-JC-GS00-T14	L1_FIRST		needs_review		needs_review	配套习题/张宇1000题/01_基础篇/第00章_零基础.md	203
ZY1000-JC-GS00-T15	L1_FIRST		needs_review		needs_review	配套习题/张宇1000题/01_基础篇/第00章_零基础.md	219
ZY1000-JC-GS00-T16	L1_FIRST		needs_review		needs_review	配套习题/张宇1000题/01_基础篇/第00章_零基础.md	232
ZY1000-JC-GS01-T01	L1_FIRST		needs_review		needs_review	配套习题/张宇1000题/01_基础篇/第01章_函数极限与连续.md	7
ZY1000-JC-GS01-T02	L1_FIRST	函数关系式求解析式	candidate	换元并联立函数关系	candidate	配套习题/张宇1000题/01_基础篇/第01章_函数极限与连续.md	22
ZY1000-JC-GS01-T03	L1_FIRST	反函数及定义域	candidate	限制单调区间后反解自变量	candidate	配套习题/张宇1000题/01_基础篇/第01章_函数极限与连续.md	37
ZY1000-JC-GS01-T04	L1_FIRST	函数周期性及平移关系	verified	迭代平移关系	verified	配套习题/张宇1000题/01_基础篇/第01章_函数极限与连续.md	52
ZY1000-JC-GS01-T05	L1_FIRST	高阶无穷小与局部展开	verified	局部展开并比较首个非零项	verified	配套习题/张宇1000题/01_基础篇/第01章_函数极限与连续.md	64
ZY1000-JC-GS01-T06	L1_FIRST	函数极限的计算与存在性	candidate	辨认极限类型并核对运算法则	candidate	配套习题/张宇1000题/01_基础篇/第01章_函数极限与连续.md	79
ZY1000-JC-GS01-T07	L1_FIRST	高阶无穷小与局部展开	candidate	局部展开并比较首个非零项	candidate	配套习题/张宇1000题/01_基础篇/第01章_函数极限与连续.md	95
ZY1000-JC-GS01-T08	L1_FIRST		needs_review		needs_review	配套习题/张宇1000题/01_基础篇/第01章_函数极限与连续.md	107
ZY1000-JC-GS01-T09	L1_FIRST		needs_review		needs_review	配套习题/张宇1000题/01_基础篇/第01章_函数极限与连续.md	131
ZY1000-JC-GS01-T10	L1_FIRST	函数极限的计算与存在性	candidate	辨认极限类型并核对运算法则	candidate	配套习题/张宇1000题/01_基础篇/第01章_函数极限与连续.md	150
ZY1000-JC-GS01-T11	L1_FIRST	函数极限的计算与存在性	candidate	辨认极限类型并核对运算法则	candidate	配套习题/张宇1000题/01_基础篇/第01章_函数极限与连续.md	164
ZY1000-JC-GS01-T12	L1_FIRST	函数极限的计算与存在性	candidate	辨认极限类型并核对运算法则	candidate	配套习题/张宇1000题/01_基础篇/第01章_函数极限与连续.md	177
ZY1000-JC-GS01-T13	L1_FIRST		needs_review		needs_review	配套习题/张宇1000题/01_基础篇/第01章_函数极限与连续.md	192
ZY1000-JC-GS01-T14	L1_FIRST	函数极限的计算与存在性	candidate	辨认极限类型并核对运算法则	candidate	配套习题/张宇1000题/01_基础篇/第01章_函数极限与连续.md	204
ZY1000-JC-GS01-T15	L1_FIRST	函数极限的计算与存在性	candidate	辨认极限类型并核对运算法则	candidate	配套习题/张宇1000题/01_基础篇/第01章_函数极限与连续.md	217
ZY1000-JC-GS01-T16	L1_FIRST	函数极限的计算与存在性	candidate	辨认极限类型并核对运算法则	candidate	配套习题/张宇1000题/01_基础篇/第01章_函数极限与连续.md	234
ZY1000-JC-GS01-T17	L1_FIRST	高阶无穷小与局部展开	candidate	局部展开并比较首个非零项	candidate	配套习题/张宇1000题/01_基础篇/第01章_函数极限与连续.md	249
ZY1000-JC-GS01-T18	L1_FIRST		needs_review		needs_review	配套习题/张宇1000题/01_基础篇/第01章_函数极限与连续.md	262
ZY1000-JC-GS01-T19	L1_FIRST	分段函数连续性与参数条件	candidate	匹配单侧极限和函数值	candidate	配套习题/张宇1000题/01_基础篇/第01章_函数极限与连续.md	277
ZY1000-JC-GS01-T20	L1_FIRST	分段函数连续性与参数条件	candidate	匹配单侧极限和函数值	candidate	配套习题/张宇1000题/01_基础篇/第01章_函数极限与连续.md	292
ZY1000-JC-GS01-T21	L1_FIRST	间断点的定位与分类	candidate	逐个考查可疑点的单侧极限	candidate	配套习题/张宇1000题/01_基础篇/第01章_函数极限与连续.md	307
ZY1000-JC-GS01-T22	L1_FIRST	间断点的定位与分类	candidate	逐个考查可疑点的单侧极限	candidate	配套习题/张宇1000题/01_基础篇/第01章_函数极限与连续.md	327
ZY1000-JC-GS01-T23	L1_FIRST	函数极限的计算与存在性	candidate	辨认极限类型并核对运算法则	candidate	配套习题/张宇1000题/01_基础篇/第01章_函数极限与连续.md	345
ZY1000-JC-GS02-T01	L1_FIRST	数列极限与收敛性	candidate	估计数列或建立递推极限关系	candidate	配套习题/张宇1000题/01_基础篇/第02章_数列极限.md	7
ZY1000-JC-GS02-T02	L1_FIRST	数列极限与收敛性	candidate	估计数列或建立递推极限关系	candidate	配套习题/张宇1000题/01_基础篇/第02章_数列极限.md	25
ZY1000-JC-GS02-T03	L1_FIRST	函数有界性的判定	candidate	不等式估计或边界行为分析	candidate	配套习题/张宇1000题/01_基础篇/第02章_数列极限.md	40
ZY1000-JC-GS02-T04	L1_FIRST	数列极限与收敛性	candidate	估计数列或建立递推极限关系	candidate	配套习题/张宇1000题/01_基础篇/第02章_数列极限.md	54
ZY1000-JC-GS02-T05	L1_FIRST	数列极限与收敛性	candidate	估计数列或建立递推极限关系	candidate	配套习题/张宇1000题/01_基础篇/第02章_数列极限.md	66
ZY1000-JC-GS02-T06	L1_FIRST	数列极限与收敛性	candidate	估计数列或建立递推极限关系	candidate	配套习题/张宇1000题/01_基础篇/第02章_数列极限.md	78
ZY1000-JC-GS02-T07	L1_FIRST	数列极限与收敛性	candidate	估计数列或建立递推极限关系	candidate	配套习题/张宇1000题/01_基础篇/第02章_数列极限.md	89
ZY1000-JC-GS02-T08	L1_FIRST	数列极限与收敛性	candidate	估计数列或建立递推极限关系	candidate	配套习题/张宇1000题/01_基础篇/第02章_数列极限.md	104
ZY1000-JC-GS02-T09	L1_FIRST	数列极限与收敛性	candidate	估计数列或建立递推极限关系	candidate	配套习题/张宇1000题/01_基础篇/第02章_数列极限.md	115
ZY1000-JC-GS02-T10	L1_FIRST	数列极限与收敛性	candidate	估计数列或建立递推极限关系	candidate	配套习题/张宇1000题/01_基础篇/第02章_数列极限.md	127
ZY1000-JC-GS02-T11	L1_FIRST		needs_review		needs_review	配套习题/张宇1000题/01_基础篇/第02章_数列极限.md	139
ZY1000-JC-GS02-T12	L1_FIRST	函数单调性与变换	candidate	依据定义比较自变量和函数值次序	candidate	配套习题/张宇1000题/01_基础篇/第02章_数列极限.md	150
ZY1000-JC-GS03-T01	L1_FIRST	一元函数求导	candidate	求导法则与复合链式法则	candidate	配套习题/张宇1000题/01_基础篇/第03章_一元函数微分学的概念.md	7
ZY1000-JC-GS03-T02	L1_FIRST	导数定义与可导性	candidate	将差商化为导数定义	candidate	配套习题/张宇1000题/01_基础篇/第03章_一元函数微分学的概念.md	23
ZY1000-JC-GS03-T03	L1_FIRST	一元函数求导	candidate	求导法则与复合链式法则	candidate	配套习题/张宇1000题/01_基础篇/第03章_一元函数微分学的概念.md	39
ZY1000-JC-GS03-T04	L1_FIRST	导数定义与可导性	candidate	将差商化为导数定义	candidate	配套习题/张宇1000题/01_基础篇/第03章_一元函数微分学的概念.md	62
ZY1000-JC-GS03-T05	L1_FIRST		needs_review		needs_review	配套习题/张宇1000题/01_基础篇/第03章_一元函数微分学的概念.md	79
ZY1000-JC-GS03-T06	L1_FIRST	导数定义与可导性	candidate	将差商化为导数定义	candidate	配套习题/张宇1000题/01_基础篇/第03章_一元函数微分学的概念.md	95
ZY1000-JC-GS03-T07	L1_FIRST	导数定义与可导性	candidate	将差商化为导数定义	candidate	配套习题/张宇1000题/01_基础篇/第03章_一元函数微分学的概念.md	111
ZY1000-JC-GS03-T08	L1_FIRST	曲线切线与法线	candidate	用导数确定切线方向	candidate	配套习题/张宇1000题/01_基础篇/第03章_一元函数微分学的概念.md	124
ZY1000-JC-GS03-T09	L1_FIRST	导数定义与可导性	candidate	将差商化为导数定义	candidate	配套习题/张宇1000题/01_基础篇/第03章_一元函数微分学的概念.md	142
ZY1000-JC-GS03-T10	L1_FIRST		needs_review		needs_review	配套习题/张宇1000题/01_基础篇/第03章_一元函数微分学的概念.md	160
ZY1000-JC-GS03-T11	L1_FIRST	导数定义与可导性	candidate	将差商化为导数定义	candidate	配套习题/张宇1000题/01_基础篇/第03章_一元函数微分学的概念.md	178
ZY1000-JC-GS03-T12	L1_FIRST	导数定义与可导性	candidate	将差商化为导数定义	candidate	配套习题/张宇1000题/01_基础篇/第03章_一元函数微分学的概念.md	191
ZY1000-JC-GS03-T13	L1_FIRST	函数奇偶性的判定	candidate	比较相反自变量处的函数值	candidate	配套习题/张宇1000题/01_基础篇/第03章_一元函数微分学的概念.md	203
ZY1000-JC-GS03-T14	L1_FIRST	一元函数求导	candidate	求导法则与复合链式法则	candidate	配套习题/张宇1000题/01_基础篇/第03章_一元函数微分学的概念.md	219
ZY1000-JC-GS03-T15	L1_FIRST	导数定义与可导性	candidate	将差商化为导数定义	candidate	配套习题/张宇1000题/01_基础篇/第03章_一元函数微分学的概念.md	230
ZY1000-JC-GS04-T01	L1_FIRST	导数定义与可导性	candidate	将差商化为导数定义	candidate	配套习题/张宇1000题/01_基础篇/第04章_一元函数微分学的计算.md	7
ZY1000-JC-GS04-T02	L1_FIRST	一元函数求导	candidate	求导法则与复合链式法则	candidate	配套习题/张宇1000题/01_基础篇/第04章_一元函数微分学的计算.md	24
ZY1000-JC-GS04-T03	L1_FIRST	导数定义与可导性	candidate	将差商化为导数定义	candidate	配套习题/张宇1000题/01_基础篇/第04章_一元函数微分学的计算.md	35
ZY1000-JC-GS04-T04	L1_FIRST	导数定义与可导性	candidate	将差商化为导数定义	candidate	配套习题/张宇1000题/01_基础篇/第04章_一元函数微分学的计算.md	46
ZY1000-JC-GS04-T05	L1_FIRST	一元函数求导	candidate	求导法则与复合链式法则	candidate	配套习题/张宇1000题/01_基础篇/第04章_一元函数微分学的计算.md	65
ZY1000-JC-GS04-T06	L1_FIRST	一元函数求导	candidate	求导法则与复合链式法则	candidate	配套习题/张宇1000题/01_基础篇/第04章_一元函数微分学的计算.md	78
ZY1000-JC-GS04-T07	L1_FIRST	一元函数求导	candidate	求导法则与复合链式法则	candidate	配套习题/张宇1000题/01_基础篇/第04章_一元函数微分学的计算.md	90
ZY1000-JC-GS04-T08	L1_FIRST		needs_review		needs_review	配套习题/张宇1000题/01_基础篇/第04章_一元函数微分学的计算.md	101
ZY1000-JC-GS04-T09	L1_FIRST	函数奇偶性的判定	candidate	比较相反自变量处的函数值	candidate	配套习题/张宇1000题/01_基础篇/第04章_一元函数微分学的计算.md	118
ZY1000-JC-GS04-T10	L1_FIRST	导数定义与可导性	candidate	将差商化为导数定义	candidate	配套习题/张宇1000题/01_基础篇/第04章_一元函数微分学的计算.md	129
ZY1000-JC-GS04-T11	L1_FIRST		needs_review		needs_review	配套习题/张宇1000题/01_基础篇/第04章_一元函数微分学的计算.md	144
ZY1000-JC-GS04-T12	L1_FIRST	一元函数求导	candidate	求导法则与复合链式法则	candidate	配套习题/张宇1000题/01_基础篇/第04章_一元函数微分学的计算.md	155
ZY1000-JC-GS04-T13	L1_FIRST	一元函数求导	candidate	求导法则与复合链式法则	candidate	配套习题/张宇1000题/01_基础篇/第04章_一元函数微分学的计算.md	172
ZY1000-JC-GS04-T14	L1_FIRST	一元函数求导	candidate	求导法则与复合链式法则	candidate	配套习题/张宇1000题/01_基础篇/第04章_一元函数微分学的计算.md	189
ZY1000-JC-GS04-T15	L1_FIRST	曲线切线与法线	candidate	用导数确定切线方向	candidate	配套习题/张宇1000题/01_基础篇/第04章_一元函数微分学的计算.md	200
ZY1000-JC-GS04-T16	L1_FIRST	一元函数求导	candidate	求导法则与复合链式法则	candidate	配套习题/张宇1000题/01_基础篇/第04章_一元函数微分学的计算.md	213
ZY1000-JC-GS04-T17	L1_FIRST		needs_review		needs_review	配套习题/张宇1000题/01_基础篇/第04章_一元函数微分学的计算.md	228
ZY1000-JC-GS04-T18	L1_FIRST		needs_review		needs_review	配套习题/张宇1000题/01_基础篇/第04章_一元函数微分学的计算.md	239
ZY1000-JC-GS05-T01	L1_FIRST	一元函数最值	candidate	导数符号与边界比较	candidate	配套习题/张宇1000题/01_基础篇/第05章_一元函数微分学的几何应用.md	7
ZY1000-JC-GS05-T02	L1_FIRST	一元函数最值	candidate	导数符号与边界比较	candidate	配套习题/张宇1000题/01_基础篇/第05章_一元函数微分学的几何应用.md	19
ZY1000-JC-GS05-T03	L1_FIRST		needs_review		needs_review	配套习题/张宇1000题/01_基础篇/第05章_一元函数微分学的几何应用.md	30
ZY1000-JC-GS05-T04	L1_FIRST		needs_review		needs_review	配套习题/张宇1000题/01_基础篇/第05章_一元函数微分学的几何应用.md	50
ZY1000-JC-GS05-T05	L1_FIRST	凹凸性与拐点	candidate	考查二阶导数及其变号	candidate	配套习题/张宇1000题/01_基础篇/第05章_一元函数微分学的几何应用.md	64
ZY1000-JC-GS05-T06	L1_FIRST	凹凸性与拐点	candidate	考查二阶导数及其变号	candidate	配套习题/张宇1000题/01_基础篇/第05章_一元函数微分学的几何应用.md	81
ZY1000-JC-GS05-T07	L1_FIRST	曲线渐近线	candidate	以差值极限识别渐近行为	candidate	配套习题/张宇1000题/01_基础篇/第05章_一元函数微分学的几何应用.md	92
ZY1000-JC-GS05-T08	L1_FIRST	曲线渐近线	candidate	以差值极限识别渐近行为	candidate	配套习题/张宇1000题/01_基础篇/第05章_一元函数微分学的几何应用.md	109
ZY1000-JC-GS05-T09	L1_FIRST		needs_review		needs_review	配套习题/张宇1000题/01_基础篇/第05章_一元函数微分学的几何应用.md	129
ZY1000-JC-GS05-T10	L1_FIRST		needs_review		needs_review	配套习题/张宇1000题/01_基础篇/第05章_一元函数微分学的几何应用.md	140
ZY1000-JC-GS05-T11	L1_FIRST		needs_review		needs_review	配套习题/张宇1000题/01_基础篇/第05章_一元函数微分学的几何应用.md	158
ZY1000-JC-GS05-T12	L1_FIRST		needs_review		needs_review	配套习题/张宇1000题/01_基础篇/第05章_一元函数微分学的几何应用.md	178
ZY1000-JC-GS05-T13	L1_FIRST		needs_review		needs_review	配套习题/张宇1000题/01_基础篇/第05章_一元函数微分学的几何应用.md	198
ZY1000-JC-GS05-T14	L1_FIRST	一元函数最值	candidate	导数符号与边界比较	candidate	配套习题/张宇1000题/01_基础篇/第05章_一元函数微分学的几何应用.md	213
ZY1000-JC-GS05-T15	L1_FIRST		needs_review		needs_review	配套习题/张宇1000题/01_基础篇/第05章_一元函数微分学的几何应用.md	227
ZY1000-JC-GS05-T16	L1_FIRST	函数单调性与变换	candidate	依据定义比较自变量和函数值次序	candidate	配套习题/张宇1000题/01_基础篇/第05章_一元函数微分学的几何应用.md	241
ZY1000-JC-GS05-T17	L1_FIRST		needs_review		needs_review	配套习题/张宇1000题/01_基础篇/第05章_一元函数微分学的几何应用.md	254
ZY1000-JC-GS05-T18	L1_FIRST	凹凸性与拐点	candidate	考查二阶导数及其变号	candidate	配套习题/张宇1000题/01_基础篇/第05章_一元函数微分学的几何应用.md	267
ZY1000-JC-GS05-T19	L1_FIRST		needs_review		needs_review	配套习题/张宇1000题/01_基础篇/第05章_一元函数微分学的几何应用.md	279
ZY1000-JC-GS05-T20	L1_FIRST	曲线渐近线	candidate	以差值极限识别渐近行为	candidate	配套习题/张宇1000题/01_基础篇/第05章_一元函数微分学的几何应用.md	303
ZY1000-JC-GS05-T21	L1_FIRST		needs_review		needs_review	配套习题/张宇1000题/01_基础篇/第05章_一元函数微分学的几何应用.md	319
ZY1000-JC-GS05-T22	L1_FIRST	曲线渐近线	candidate	以差值极限识别渐近行为	candidate	配套习题/张宇1000题/01_基础篇/第05章_一元函数微分学的几何应用.md	333
ZY1000-JC-GS05-T23	L1_FIRST	曲线渐近线	candidate	以差值极限识别渐近行为	candidate	配套习题/张宇1000题/01_基础篇/第05章_一元函数微分学的几何应用.md	345
ZY1000-JC-GS05-T24	L1_FIRST		needs_review		needs_review	配套习题/张宇1000题/01_基础篇/第05章_一元函数微分学的几何应用.md	360
ZY1000-JC-GS06-T01	L1_FIRST		needs_review		needs_review	配套习题/张宇1000题/01_基础篇/第06章_一元函数微分学的中值定理与微分等式不等式.md	7
ZY1000-JC-GS06-T02	L1_FIRST	一元函数最值	candidate	导数符号与边界比较	candidate	配套习题/张宇1000题/01_基础篇/第06章_一元函数微分学的中值定理与微分等式不等式.md	22
ZY1000-JC-GS06-T03	L1_FIRST		needs_review		needs_review	配套习题/张宇1000题/01_基础篇/第06章_一元函数微分学的中值定理与微分等式不等式.md	38
ZY1000-JC-GS06-T04	L1_FIRST		needs_review		needs_review	配套习题/张宇1000题/01_基础篇/第06章_一元函数微分学的中值定理与微分等式不等式.md	59
ZY1000-JC-GS06-T05	L1_FIRST		needs_review		needs_review	配套习题/张宇1000题/01_基础篇/第06章_一元函数微分学的中值定理与微分等式不等式.md	77
ZY1000-JC-GS06-T06	L1_FIRST	微分中值定理的应用	candidate	构造辅助函数并核对定理条件	candidate	配套习题/张宇1000题/01_基础篇/第06章_一元函数微分学的中值定理与微分等式不等式.md	91
ZY1000-JC-GS06-T07	L1_FIRST	微分中值定理的应用	candidate	构造辅助函数并核对定理条件	candidate	配套习题/张宇1000题/01_基础篇/第06章_一元函数微分学的中值定理与微分等式不等式.md	105
ZY1000-JC-GS06-T08	L1_FIRST	微分中值定理的应用	candidate	构造辅助函数并核对定理条件	candidate	配套习题/张宇1000题/01_基础篇/第06章_一元函数微分学的中值定理与微分等式不等式.md	121
ZY1000-JC-GS06-T09	L1_FIRST	函数极限的计算与存在性	candidate	辨认极限类型并核对运算法则	candidate	配套习题/张宇1000题/01_基础篇/第06章_一元函数微分学的中值定理与微分等式不等式.md	132
ZY1000-JC-GS06-T10	L1_FIRST		needs_review		needs_review	配套习题/张宇1000题/01_基础篇/第06章_一元函数微分学的中值定理与微分等式不等式.md	155
ZY1000-JC-GS06-T11	L1_FIRST		needs_review		needs_review	配套习题/张宇1000题/01_基础篇/第06章_一元函数微分学的中值定理与微分等式不等式.md	171
ZY1000-JC-GS06-T12	L1_FIRST	高阶无穷小与局部展开	candidate	局部展开并比较首个非零项	candidate	配套习题/张宇1000题/01_基础篇/第06章_一元函数微分学的中值定理与微分等式不等式.md	187
ZY1000-JC-GS06-T13	L1_FIRST		needs_review		needs_review	配套习题/张宇1000题/01_基础篇/第06章_一元函数微分学的中值定理与微分等式不等式.md	200
ZY1000-JC-GS06-T14	L1_FIRST		needs_review		needs_review	配套习题/张宇1000题/01_基础篇/第06章_一元函数微分学的中值定理与微分等式不等式.md	211
ZY1000-JC-GS06-T15	L1_FIRST		needs_review		needs_review	配套习题/张宇1000题/01_基础篇/第06章_一元函数微分学的中值定理与微分等式不等式.md	225
ZY1000-JC-GS06-T16	L1_FIRST	间断点的定位与分类	candidate	逐个考查可疑点的单侧极限	candidate	配套习题/张宇1000题/01_基础篇/第06章_一元函数微分学的中值定理与微分等式不等式.md	239
ZY1000-JC-GS06-T17	L1_FIRST		needs_review		needs_review	配套习题/张宇1000题/01_基础篇/第06章_一元函数微分学的中值定理与微分等式不等式.md	259
ZY1000-JC-GS06-T18	L1_FIRST	微分中值定理的应用	candidate	构造辅助函数并核对定理条件	candidate	配套习题/张宇1000题/01_基础篇/第06章_一元函数微分学的中值定理与微分等式不等式.md	272
ZY1000-JC-GS06-T19	L1_FIRST	微分中值定理的应用	candidate	构造辅助函数并核对定理条件	candidate	配套习题/张宇1000题/01_基础篇/第06章_一元函数微分学的中值定理与微分等式不等式.md	286
ZY1000-JC-GS06-T20	L1_FIRST	微分中值定理的应用	candidate	构造辅助函数并核对定理条件	candidate	配套习题/张宇1000题/01_基础篇/第06章_一元函数微分学的中值定理与微分等式不等式.md	296
ZY1000-JC-GS06-T21	L1_FIRST		needs_review		needs_review	配套习题/张宇1000题/01_基础篇/第06章_一元函数微分学的中值定理与微分等式不等式.md	308
ZY1000-JC-GS06-T22	L1_FIRST	微分中值定理的应用	candidate	构造辅助函数并核对定理条件	candidate	配套习题/张宇1000题/01_基础篇/第06章_一元函数微分学的中值定理与微分等式不等式.md	326
ZY1000-JC-GS07-T01	L1_FIRST	相关变化率	candidate	对几何关系关于时间求导	candidate	配套习题/张宇1000题/01_基础篇/第07章_一元函数微分学的物理应用.md	7
ZY1000-JC-GS07-T02	L1_FIRST		needs_review		needs_review	配套习题/张宇1000题/01_基础篇/第07章_一元函数微分学的物理应用.md	21
ZY1000-JC-GS07-T03	L1_FIRST	旋转体体积	candidate	截面或壳层积分	candidate	配套习题/张宇1000题/01_基础篇/第07章_一元函数微分学的物理应用.md	35
ZY1000-JC-GS07-T04	L1_FIRST	旋转体体积	candidate	截面或壳层积分	candidate	配套习题/张宇1000题/01_基础篇/第07章_一元函数微分学的物理应用.md	48
ZY1000-JC-GS07-T05	L1_FIRST	相关变化率	candidate	对几何关系关于时间求导	candidate	配套习题/张宇1000题/01_基础篇/第07章_一元函数微分学的物理应用.md	63
ZY1000-JC-GS08-T01	L1_FIRST	不定积分与原函数	candidate	辨认原函数或作积分变换	candidate	配套习题/张宇1000题/01_基础篇/第08章_一元函数积分学的概念与性质.md	7
ZY1000-JC-GS08-T02	L1_FIRST	函数极限的计算与存在性	candidate	辨认极限类型并核对运算法则	candidate	配套习题/张宇1000题/01_基础篇/第08章_一元函数积分学的概念与性质.md	49
ZY1000-JC-GS08-T03	L1_FIRST	定积分表示平面区域面积	candidate	分区建立面积微元	candidate	配套习题/张宇1000题/01_基础篇/第08章_一元函数积分学的概念与性质.md	64
ZY1000-JC-GS08-T04	L1_FIRST	不定积分与原函数	candidate	辨认原函数或作积分变换	candidate	配套习题/张宇1000题/01_基础篇/第08章_一元函数积分学的概念与性质.md	84
ZY1000-JC-GS08-T05	L1_FIRST	不定积分与原函数	candidate	辨认原函数或作积分变换	candidate	配套习题/张宇1000题/01_基础篇/第08章_一元函数积分学的概念与性质.md	108
ZY1000-JC-GS08-T06	L1_FIRST	一元函数最值	candidate	导数符号与边界比较	candidate	配套习题/张宇1000题/01_基础篇/第08章_一元函数积分学的概念与性质.md	136
ZY1000-JC-GS08-T07	L1_FIRST		needs_review		needs_review	配套习题/张宇1000题/01_基础篇/第08章_一元函数积分学的概念与性质.md	154
ZY1000-JC-GS08-T08	L1_FIRST	不定积分与原函数	candidate	辨认原函数或作积分变换	candidate	配套习题/张宇1000题/01_基础篇/第08章_一元函数积分学的概念与性质.md	203
ZY1000-JC-GS08-T09	L1_FIRST	函数极限的计算与存在性	candidate	辨认极限类型并核对运算法则	candidate	配套习题/张宇1000题/01_基础篇/第08章_一元函数积分学的概念与性质.md	223
ZY1000-JC-GS08-T10	L1_FIRST	函数奇偶性的判定	candidate	比较相反自变量处的函数值	candidate	配套习题/张宇1000题/01_基础篇/第08章_一元函数积分学的概念与性质.md	237
ZY1000-JC-GS08-T11	L1_FIRST	函数奇偶性的判定	candidate	比较相反自变量处的函数值	candidate	配套习题/张宇1000题/01_基础篇/第08章_一元函数积分学的概念与性质.md	268
ZY1000-JC-GS08-T12	L1_FIRST	反函数及定义域	candidate	限制单调区间后反解自变量	candidate	配套习题/张宇1000题/01_基础篇/第08章_一元函数积分学的概念与性质.md	286
ZY1000-JC-GS08-T13	L1_FIRST	反常积分敛散性与计算	candidate	化为端点极限并检查收敛	candidate	配套习题/张宇1000题/01_基础篇/第08章_一元函数积分学的概念与性质.md	315
ZY1000-JC-GS08-T14	L1_FIRST	反常积分敛散性与计算	candidate	化为端点极限并检查收敛	candidate	配套习题/张宇1000题/01_基础篇/第08章_一元函数积分学的概念与性质.md	333
ZY1000-JC-GS08-T15	L1_FIRST	反常积分敛散性与计算	candidate	化为端点极限并检查收敛	candidate	配套习题/张宇1000题/01_基础篇/第08章_一元函数积分学的概念与性质.md	352
ZY1000-JC-GS08-T16	L1_FIRST	函数极限的计算与存在性	candidate	辨认极限类型并核对运算法则	candidate	配套习题/张宇1000题/01_基础篇/第08章_一元函数积分学的概念与性质.md	368
ZY1000-JC-GS08-T17	L1_FIRST	函数极限的计算与存在性	candidate	辨认极限类型并核对运算法则	candidate	配套习题/张宇1000题/01_基础篇/第08章_一元函数积分学的概念与性质.md	381
ZY1000-JC-GS08-T18	L1_FIRST	定积分计算	candidate	积分变换与牛顿莱布尼茨公式	candidate	配套习题/张宇1000题/01_基础篇/第08章_一元函数积分学的概念与性质.md	395
ZY1000-JC-GS08-T19	L1_FIRST	函数奇偶性的判定	candidate	比较相反自变量处的函数值	candidate	配套习题/张宇1000题/01_基础篇/第08章_一元函数积分学的概念与性质.md	414
ZY1000-JC-GS08-T20	L1_FIRST	不定积分与原函数	candidate	辨认原函数或作积分变换	candidate	配套习题/张宇1000题/01_基础篇/第08章_一元函数积分学的概念与性质.md	441
ZY1000-JC-GS08-T21	L1_FIRST	不定积分与原函数	candidate	辨认原函数或作积分变换	candidate	配套习题/张宇1000题/01_基础篇/第08章_一元函数积分学的概念与性质.md	467
ZY1000-JC-GS08-T22	L1_FIRST	取整函数的性质与极限	candidate	取整界估计与区间分解	candidate	配套习题/张宇1000题/01_基础篇/第08章_一元函数积分学的概念与性质.md	485
ZY1000-JC-GS08-T23	L1_FIRST		needs_review		needs_review	配套习题/张宇1000题/01_基础篇/第08章_一元函数积分学的概念与性质.md	500
ZY1000-JC-GS08-T24	L1_FIRST	不定积分与原函数	candidate	辨认原函数或作积分变换	candidate	配套习题/张宇1000题/01_基础篇/第08章_一元函数积分学的概念与性质.md	531
ZY1000-JC-GS08-T25	L1_FIRST	函数关系式求解析式	candidate	换元并联立函数关系	candidate	配套习题/张宇1000题/01_基础篇/第08章_一元函数积分学的概念与性质.md	551
ZY1000-JC-GS09-T01	L1_FIRST	不定积分与原函数	candidate	辨认原函数或作积分变换	candidate	配套习题/张宇1000题/01_基础篇/第09章_一元函数积分学的计算.md	7
ZY1000-JC-GS09-T02	L1_FIRST	不定积分与原函数	candidate	辨认原函数或作积分变换	candidate	配套习题/张宇1000题/01_基础篇/第09章_一元函数积分学的计算.md	68
ZY1000-JC-GS09-T03	L1_FIRST	不定积分与原函数	candidate	辨认原函数或作积分变换	candidate	配套习题/张宇1000题/01_基础篇/第09章_一元函数积分学的计算.md	89
ZY1000-JC-GS09-T04	L1_FIRST	不定积分与原函数	candidate	辨认原函数或作积分变换	candidate	配套习题/张宇1000题/01_基础篇/第09章_一元函数积分学的计算.md	101
ZY1000-JC-GS09-T05	L1_FIRST	不定积分与原函数	candidate	辨认原函数或作积分变换	candidate	配套习题/张宇1000题/01_基础篇/第09章_一元函数积分学的计算.md	115
ZY1000-JC-GS09-T06	L1_FIRST	不定积分与原函数	candidate	辨认原函数或作积分变换	candidate	配套习题/张宇1000题/01_基础篇/第09章_一元函数积分学的计算.md	125
ZY1000-JC-GS09-T07	L1_FIRST	不定积分与原函数	candidate	辨认原函数或作积分变换	candidate	配套习题/张宇1000题/01_基础篇/第09章_一元函数积分学的计算.md	143
ZY1000-JC-GS09-T08	L1_FIRST	不定积分与原函数	candidate	辨认原函数或作积分变换	candidate	配套习题/张宇1000题/01_基础篇/第09章_一元函数积分学的计算.md	156
ZY1000-JC-GS09-T09	L1_FIRST	不定积分与原函数	candidate	辨认原函数或作积分变换	candidate	配套习题/张宇1000题/01_基础篇/第09章_一元函数积分学的计算.md	169
ZY1000-JC-GS09-T10	L1_FIRST	不定积分与原函数	candidate	辨认原函数或作积分变换	candidate	配套习题/张宇1000题/01_基础篇/第09章_一元函数积分学的计算.md	181
ZY1000-JC-GS09-T11	L1_FIRST	不定积分与原函数	candidate	辨认原函数或作积分变换	candidate	配套习题/张宇1000题/01_基础篇/第09章_一元函数积分学的计算.md	200
ZY1000-JC-GS09-T12	L1_FIRST	不定积分与原函数	candidate	辨认原函数或作积分变换	candidate	配套习题/张宇1000题/01_基础篇/第09章_一元函数积分学的计算.md	213
ZY1000-JC-GS09-T13	L1_FIRST	不定积分与原函数	candidate	辨认原函数或作积分变换	candidate	配套习题/张宇1000题/01_基础篇/第09章_一元函数积分学的计算.md	235
ZY1000-JC-GS09-T14	L1_FIRST	不定积分与原函数	candidate	辨认原函数或作积分变换	candidate	配套习题/张宇1000题/01_基础篇/第09章_一元函数积分学的计算.md	255
ZY1000-JC-GS09-T15	L1_FIRST	函数周期性及平移关系	candidate	迭代平移关系	candidate	配套习题/张宇1000题/01_基础篇/第09章_一元函数积分学的计算.md	275
ZY1000-JC-GS09-T16	L1_FIRST	函数奇偶性的判定	candidate	比较相反自变量处的函数值	candidate	配套习题/张宇1000题/01_基础篇/第09章_一元函数积分学的计算.md	298
ZY1000-JC-GS09-T17	L1_FIRST	不定积分与原函数	candidate	辨认原函数或作积分变换	candidate	配套习题/张宇1000题/01_基础篇/第09章_一元函数积分学的计算.md	315
ZY1000-JC-GS09-T18	L1_FIRST	不定积分与原函数	candidate	辨认原函数或作积分变换	candidate	配套习题/张宇1000题/01_基础篇/第09章_一元函数积分学的计算.md	334
ZY1000-JC-GS09-T19	L1_FIRST	不定积分与原函数	candidate	辨认原函数或作积分变换	candidate	配套习题/张宇1000题/01_基础篇/第09章_一元函数积分学的计算.md	353
ZY1000-JC-GS09-T20	L1_FIRST	不定积分与原函数	candidate	辨认原函数或作积分变换	candidate	配套习题/张宇1000题/01_基础篇/第09章_一元函数积分学的计算.md	368
ZY1000-JC-GS09-T21	L1_FIRST	不定积分与原函数	candidate	辨认原函数或作积分变换	candidate	配套习题/张宇1000题/01_基础篇/第09章_一元函数积分学的计算.md	388
ZY1000-JC-GS09-T22	L1_FIRST	不定积分与原函数	candidate	辨认原函数或作积分变换	candidate	配套习题/张宇1000题/01_基础篇/第09章_一元函数积分学的计算.md	407
ZY1000-JC-GS09-T23	L1_FIRST	不定积分与原函数	candidate	辨认原函数或作积分变换	candidate	配套习题/张宇1000题/01_基础篇/第09章_一元函数积分学的计算.md	419
ZY1000-JC-GS09-T24	L1_FIRST	不定积分与原函数	candidate	辨认原函数或作积分变换	candidate	配套习题/张宇1000题/01_基础篇/第09章_一元函数积分学的计算.md	431
ZY1000-JC-GS09-T25	L1_FIRST	不定积分与原函数	candidate	辨认原函数或作积分变换	candidate	配套习题/张宇1000题/01_基础篇/第09章_一元函数积分学的计算.md	451
ZY1000-JC-GS09-T26	L1_FIRST	不定积分与原函数	candidate	辨认原函数或作积分变换	candidate	配套习题/张宇1000题/01_基础篇/第09章_一元函数积分学的计算.md	467
ZY1000-JC-GS09-T27	L1_FIRST	不定积分与原函数	candidate	辨认原函数或作积分变换	candidate	配套习题/张宇1000题/01_基础篇/第09章_一元函数积分学的计算.md	482
ZY1000-JC-GS09-T28	L1_FIRST	不定积分与原函数	candidate	辨认原函数或作积分变换	candidate	配套习题/张宇1000题/01_基础篇/第09章_一元函数积分学的计算.md	496
ZY1000-JC-GS09-T29	L1_FIRST	不定积分与原函数	candidate	辨认原函数或作积分变换	candidate	配套习题/张宇1000题/01_基础篇/第09章_一元函数积分学的计算.md	512
ZY1000-JC-GS09-T30	L1_FIRST	不定积分与原函数	candidate	辨认原函数或作积分变换	candidate	配套习题/张宇1000题/01_基础篇/第09章_一元函数积分学的计算.md	526
ZY1000-JC-GS09-T31	L1_FIRST	不定积分与原函数	candidate	辨认原函数或作积分变换	candidate	配套习题/张宇1000题/01_基础篇/第09章_一元函数积分学的计算.md	546
ZY1000-JC-GS09-T32	L1_FIRST	不定积分与原函数	candidate	辨认原函数或作积分变换	candidate	配套习题/张宇1000题/01_基础篇/第09章_一元函数积分学的计算.md	568
ZY1000-JC-GS09-T33	L1_FIRST	不定积分与原函数	candidate	辨认原函数或作积分变换	candidate	配套习题/张宇1000题/01_基础篇/第09章_一元函数积分学的计算.md	612
ZY1000-JC-GS09-T34	L1_FIRST	不定积分与原函数	candidate	辨认原函数或作积分变换	candidate	配套习题/张宇1000题/01_基础篇/第09章_一元函数积分学的计算.md	626
ZY1000-JC-GS09-T35	L1_FIRST	不定积分与原函数	candidate	辨认原函数或作积分变换	candidate	配套习题/张宇1000题/01_基础篇/第09章_一元函数积分学的计算.md	640
ZY1000-JC-GS09-T36	L1_FIRST	不定积分与原函数	candidate	辨认原函数或作积分变换	candidate	配套习题/张宇1000题/01_基础篇/第09章_一元函数积分学的计算.md	655
ZY1000-JC-GS09-T37	L1_FIRST	函数关系式求解析式	candidate	换元并联立函数关系	candidate	配套习题/张宇1000题/01_基础篇/第09章_一元函数积分学的计算.md	668
ZY1000-JC-GS10-T01	L1_FIRST	定积分表示平面区域面积	candidate	分区建立面积微元	candidate	配套习题/张宇1000题/01_基础篇/第10章_一元函数积分学的几何应用.md	7
ZY1000-JC-GS10-T02	L1_FIRST	定积分表示平面区域面积	candidate	分区建立面积微元	candidate	配套习题/张宇1000题/01_基础篇/第10章_一元函数积分学的几何应用.md	21
ZY1000-JC-GS10-T03	L1_FIRST	定积分表示平面区域面积	candidate	分区建立面积微元	candidate	配套习题/张宇1000题/01_基础篇/第10章_一元函数积分学的几何应用.md	35
ZY1000-JC-GS10-T04	L1_FIRST	定积分表示平面区域面积	candidate	分区建立面积微元	candidate	配套习题/张宇1000题/01_基础篇/第10章_一元函数积分学的几何应用.md	58
ZY1000-JC-GS10-T05	L1_FIRST	定积分表示平面区域面积	candidate	分区建立面积微元	candidate	配套习题/张宇1000题/01_基础篇/第10章_一元函数积分学的几何应用.md	97
ZY1000-JC-GS10-T06	L1_FIRST	旋转体体积	candidate	截面或壳层积分	candidate	配套习题/张宇1000题/01_基础篇/第10章_一元函数积分学的几何应用.md	108
ZY1000-JC-GS10-T07	L1_FIRST		needs_review		needs_review	配套习题/张宇1000题/01_基础篇/第10章_一元函数积分学的几何应用.md	120
ZY1000-JC-GS10-T08	L1_FIRST	旋转体体积	candidate	截面或壳层积分	candidate	配套习题/张宇1000题/01_基础篇/第10章_一元函数积分学的几何应用.md	136
ZY1000-JC-GS10-T09	L1_FIRST	曲线弧长	candidate	弧长微元积分	candidate	配套习题/张宇1000题/01_基础篇/第10章_一元函数积分学的几何应用.md	152
ZY1000-JC-GS10-T10	L1_FIRST	曲线弧长	candidate	弧长微元积分	candidate	配套习题/张宇1000题/01_基础篇/第10章_一元函数积分学的几何应用.md	166
ZY1000-JC-GS10-T11	L1_FIRST		needs_review		needs_review	配套习题/张宇1000题/01_基础篇/第10章_一元函数积分学的几何应用.md	176
ZY1000-JC-GS10-T12	L1_FIRST	定积分表示平面区域面积	candidate	分区建立面积微元	candidate	配套习题/张宇1000题/01_基础篇/第10章_一元函数积分学的几何应用.md	195
ZY1000-JC-GS10-T13	L1_FIRST	旋转体体积	candidate	截面或壳层积分	candidate	配套习题/张宇1000题/01_基础篇/第10章_一元函数积分学的几何应用.md	222
ZY1000-JC-GS10-T14	L1_FIRST	旋转体体积	candidate	截面或壳层积分	candidate	配套习题/张宇1000题/01_基础篇/第10章_一元函数积分学的几何应用.md	233
ZY1000-JC-GS10-T15	L1_FIRST		needs_review		needs_review	配套习题/张宇1000题/01_基础篇/第10章_一元函数积分学的几何应用.md	244
ZY1000-JC-GS10-T16	L1_FIRST	旋转体体积	candidate	截面或壳层积分	candidate	配套习题/张宇1000题/01_基础篇/第10章_一元函数积分学的几何应用.md	258
ZY1000-JC-GS10-T17	L1_FIRST	旋转体体积	candidate	截面或壳层积分	candidate	配套习题/张宇1000题/01_基础篇/第10章_一元函数积分学的几何应用.md	276
ZY1000-JC-GS10-T18	L1_FIRST		needs_review		needs_review	配套习题/张宇1000题/01_基础篇/第10章_一元函数积分学的几何应用.md	287
ZY1000-JC-GS10-T19	L1_FIRST	旋转体体积	candidate	截面或壳层积分	candidate	配套习题/张宇1000题/01_基础篇/第10章_一元函数积分学的几何应用.md	301
ZY1000-JC-GS11-T01	L1_FIRST		needs_review		needs_review	配套习题/张宇1000题/01_基础篇/第11章_一元函数积分学的积分等式与积分不等式.md	7
ZY1000-JC-GS11-T02	L1_FIRST		needs_review		needs_review	配套习题/张宇1000题/01_基础篇/第11章_一元函数积分学的积分等式与积分不等式.md	24
ZY1000-JC-GS11-T03	L1_FIRST	函数周期性及平移关系	candidate	迭代平移关系	candidate	配套习题/张宇1000题/01_基础篇/第11章_一元函数积分学的积分等式与积分不等式.md	48
ZY1000-JC-GS11-T04	L1_FIRST	积分不等式与积分中值定理	candidate	积分性质或辅助函数估计	candidate	配套习题/张宇1000题/01_基础篇/第11章_一元函数积分学的积分等式与积分不等式.md	64
ZY1000-JC-GS11-T05	L1_FIRST	积分不等式与积分中值定理	candidate	积分性质或辅助函数估计	candidate	配套习题/张宇1000题/01_基础篇/第11章_一元函数积分学的积分等式与积分不等式.md	85
ZY1000-JC-GS11-T06	L1_FIRST	积分不等式与积分中值定理	candidate	积分性质或辅助函数估计	candidate	配套习题/张宇1000题/01_基础篇/第11章_一元函数积分学的积分等式与积分不等式.md	104
ZY1000-JC-GS11-T07	L1_FIRST		needs_review		needs_review	配套习题/张宇1000题/01_基础篇/第11章_一元函数积分学的积分等式与积分不等式.md	119
ZY1000-JC-GS11-T08	L1_FIRST	分段函数连续性与参数条件	candidate	匹配单侧极限和函数值	candidate	配套习题/张宇1000题/01_基础篇/第11章_一元函数积分学的积分等式与积分不等式.md	162
ZY1000-JC-GS11-T09	L1_FIRST	积分不等式与积分中值定理	candidate	积分性质或辅助函数估计	candidate	配套习题/张宇1000题/01_基础篇/第11章_一元函数积分学的积分等式与积分不等式.md	188
ZY1000-JC-GS11-T10	L1_FIRST	积分不等式与积分中值定理	candidate	积分性质或辅助函数估计	candidate	配套习题/张宇1000题/01_基础篇/第11章_一元函数积分学的积分等式与积分不等式.md	204
ZY1000-JC-GS11-T11	L1_FIRST	积分不等式与积分中值定理	candidate	积分性质或辅助函数估计	candidate	配套习题/张宇1000题/01_基础篇/第11章_一元函数积分学的积分等式与积分不等式.md	223
ZY1000-JC-GS12-T01	L1_FIRST	物理量的积分建模	candidate	微元法建立累积量	candidate	配套习题/张宇1000题/01_基础篇/第12章_一元函数积分学的物理应用.md	7
ZY1000-JC-GS12-T02	L1_FIRST	物理量的积分建模	candidate	微元法建立累积量	candidate	配套习题/张宇1000题/01_基础篇/第12章_一元函数积分学的物理应用.md	19
ZY1000-JC-GS12-T03	L1_FIRST	物理量的积分建模	candidate	微元法建立累积量	candidate	配套习题/张宇1000题/01_基础篇/第12章_一元函数积分学的物理应用.md	32
ZY1000-JC-GS12-T04	L1_FIRST	物理量的积分建模	candidate	微元法建立累积量	candidate	配套习题/张宇1000题/01_基础篇/第12章_一元函数积分学的物理应用.md	43
ZY1000-JC-GS12-T05	L1_FIRST	物理量的积分建模	candidate	微元法建立累积量	candidate	配套习题/张宇1000题/01_基础篇/第12章_一元函数积分学的物理应用.md	56
ZY1000-JC-GS12-T06	L1_FIRST	物理量的积分建模	candidate	微元法建立累积量	candidate	配套习题/张宇1000题/01_基础篇/第12章_一元函数积分学的物理应用.md	69
ZY1000-JC-GS12-T07	L1_FIRST	物理量的积分建模	candidate	微元法建立累积量	candidate	配套习题/张宇1000题/01_基础篇/第12章_一元函数积分学的物理应用.md	90
ZY1000-JC-GS13-T01	L1_FIRST		needs_review		needs_review	配套习题/张宇1000题/01_基础篇/第13章_多元函数微分学.md	7
ZY1000-JC-GS13-T02	L1_FIRST	偏导数与全微分	candidate	逐变量求导并组合微分	candidate	配套习题/张宇1000题/01_基础篇/第13章_多元函数微分学.md	19
ZY1000-JC-GS13-T03	L1_FIRST	偏导数与全微分	candidate	逐变量求导并组合微分	candidate	配套习题/张宇1000题/01_基础篇/第13章_多元函数微分学.md	32
ZY1000-JC-GS13-T04	L1_FIRST	偏导数与全微分	candidate	逐变量求导并组合微分	candidate	配套习题/张宇1000题/01_基础篇/第13章_多元函数微分学.md	47
ZY1000-JC-GS13-T05	L1_FIRST	偏导数与全微分	candidate	逐变量求导并组合微分	candidate	配套习题/张宇1000题/01_基础篇/第13章_多元函数微分学.md	61
ZY1000-JC-GS13-T06	L1_FIRST		needs_review		needs_review	配套习题/张宇1000题/01_基础篇/第13章_多元函数微分学.md	78
ZY1000-JC-GS13-T07	L1_FIRST	偏导数与全微分	candidate	逐变量求导并组合微分	candidate	配套习题/张宇1000题/01_基础篇/第13章_多元函数微分学.md	90
ZY1000-JC-GS13-T08	L1_FIRST		needs_review		needs_review	配套习题/张宇1000题/01_基础篇/第13章_多元函数微分学.md	111
ZY1000-JC-GS13-T09	L1_FIRST	偏导数与全微分	candidate	逐变量求导并组合微分	candidate	配套习题/张宇1000题/01_基础篇/第13章_多元函数微分学.md	125
ZY1000-JC-GS13-T10	L1_FIRST	偏导数与全微分	candidate	逐变量求导并组合微分	candidate	配套习题/张宇1000题/01_基础篇/第13章_多元函数微分学.md	140
ZY1000-JC-GS13-T11	L1_FIRST	偏导数与全微分	candidate	逐变量求导并组合微分	candidate	配套习题/张宇1000题/01_基础篇/第13章_多元函数微分学.md	161
ZY1000-JC-GS13-T12	L1_FIRST	偏导数与全微分	candidate	逐变量求导并组合微分	candidate	配套习题/张宇1000题/01_基础篇/第13章_多元函数微分学.md	183
ZY1000-JC-GS13-T13	L1_FIRST	偏导数与全微分	candidate	逐变量求导并组合微分	candidate	配套习题/张宇1000题/01_基础篇/第13章_多元函数微分学.md	194
ZY1000-JC-GS13-T14	L1_FIRST	旋转体体积	candidate	截面或壳层积分	candidate	配套习题/张宇1000题/01_基础篇/第13章_多元函数微分学.md	212
ZY1000-JC-GS13-T15	L1_FIRST	偏导数与全微分	candidate	逐变量求导并组合微分	candidate	配套习题/张宇1000题/01_基础篇/第13章_多元函数微分学.md	232
ZY1000-JC-GS13-T16	L1_FIRST	偏导数与全微分	candidate	逐变量求导并组合微分	candidate	配套习题/张宇1000题/01_基础篇/第13章_多元函数微分学.md	250
ZY1000-JC-GS13-T17	L1_FIRST	偏导数与全微分	candidate	逐变量求导并组合微分	candidate	配套习题/张宇1000题/01_基础篇/第13章_多元函数微分学.md	266
ZY1000-JC-GS13-T18	L1_FIRST	偏导数与全微分	candidate	逐变量求导并组合微分	candidate	配套习题/张宇1000题/01_基础篇/第13章_多元函数微分学.md	283
ZY1000-JC-GS13-T19	L1_FIRST	偏导数与全微分	candidate	逐变量求导并组合微分	candidate	配套习题/张宇1000题/01_基础篇/第13章_多元函数微分学.md	305
ZY1000-JC-GS13-T20	L1_FIRST		needs_review		needs_review	配套习题/张宇1000题/01_基础篇/第13章_多元函数微分学.md	324
ZY1000-JC-GS13-T21	L1_FIRST	多元函数极值	candidate	驻点与二阶判别	candidate	配套习题/张宇1000题/01_基础篇/第13章_多元函数微分学.md	337
ZY1000-JC-GS13-T22	L1_FIRST	多元函数极值	candidate	驻点与二阶判别	candidate	配套习题/张宇1000题/01_基础篇/第13章_多元函数微分学.md	348
ZY1000-JC-GS13-T23	L1_FIRST	多元函数极值	candidate	驻点与二阶判别	candidate	配套习题/张宇1000题/01_基础篇/第13章_多元函数微分学.md	363
ZY1000-JC-GS13-T24	L1_FIRST	多元函数极值	candidate	驻点与二阶判别	candidate	配套习题/张宇1000题/01_基础篇/第13章_多元函数微分学.md	376
ZY1000-JC-GS14-T01	L1_FIRST	二重积分计算	candidate	选取积分次序或坐标变换	candidate	配套习题/张宇1000题/01_基础篇/第14章_二重积分.md	7
ZY1000-JC-GS14-T02	L1_FIRST	二重积分计算	candidate	选取积分次序或坐标变换	candidate	配套习题/张宇1000题/01_基础篇/第14章_二重积分.md	30
ZY1000-JC-GS14-T03	L1_FIRST	二重积分计算	candidate	选取积分次序或坐标变换	candidate	配套习题/张宇1000题/01_基础篇/第14章_二重积分.md	51
ZY1000-JC-GS14-T04	L1_FIRST	二重积分计算	candidate	选取积分次序或坐标变换	candidate	配套习题/张宇1000题/01_基础篇/第14章_二重积分.md	71
ZY1000-JC-GS14-T05	L1_FIRST	二重积分计算	candidate	选取积分次序或坐标变换	candidate	配套习题/张宇1000题/01_基础篇/第14章_二重积分.md	86
ZY1000-JC-GS14-T06	L1_FIRST	二重积分计算	candidate	选取积分次序或坐标变换	candidate	配套习题/张宇1000题/01_基础篇/第14章_二重积分.md	98
ZY1000-JC-GS14-T07	L1_FIRST	二重积分计算	candidate	选取积分次序或坐标变换	candidate	配套习题/张宇1000题/01_基础篇/第14章_二重积分.md	110
ZY1000-JC-GS14-T08	L1_FIRST	二重积分计算	candidate	选取积分次序或坐标变换	candidate	配套习题/张宇1000题/01_基础篇/第14章_二重积分.md	140
ZY1000-JC-GS14-T09	L1_FIRST	二重积分计算	candidate	选取积分次序或坐标变换	candidate	配套习题/张宇1000题/01_基础篇/第14章_二重积分.md	175
ZY1000-JC-GS14-T10	L1_FIRST	二重积分计算	candidate	选取积分次序或坐标变换	candidate	配套习题/张宇1000题/01_基础篇/第14章_二重积分.md	209
ZY1000-JC-GS14-T11	L1_FIRST	二重积分计算	candidate	选取积分次序或坐标变换	candidate	配套习题/张宇1000题/01_基础篇/第14章_二重积分.md	225
ZY1000-JC-GS14-T12	L1_FIRST	二重积分计算	candidate	选取积分次序或坐标变换	candidate	配套习题/张宇1000题/01_基础篇/第14章_二重积分.md	236
ZY1000-JC-GS14-T13	L1_FIRST	二重积分计算	candidate	选取积分次序或坐标变换	candidate	配套习题/张宇1000题/01_基础篇/第14章_二重积分.md	248
ZY1000-JC-GS14-T14	L1_FIRST	二重积分计算	candidate	选取积分次序或坐标变换	candidate	配套习题/张宇1000题/01_基础篇/第14章_二重积分.md	262
ZY1000-JC-GS14-T15	L1_FIRST	二重积分计算	candidate	选取积分次序或坐标变换	candidate	配套习题/张宇1000题/01_基础篇/第14章_二重积分.md	275
ZY1000-JC-GS14-T16	L1_FIRST	二重积分计算	candidate	选取积分次序或坐标变换	candidate	配套习题/张宇1000题/01_基础篇/第14章_二重积分.md	288
ZY1000-JC-GS14-T17	L1_FIRST	二重积分计算	candidate	选取积分次序或坐标变换	candidate	配套习题/张宇1000题/01_基础篇/第14章_二重积分.md	301
ZY1000-JC-GS14-T18	L1_FIRST	二重积分计算	candidate	选取积分次序或坐标变换	candidate	配套习题/张宇1000题/01_基础篇/第14章_二重积分.md	315
ZY1000-JC-GS14-T19	L1_FIRST	二重积分计算	candidate	选取积分次序或坐标变换	candidate	配套习题/张宇1000题/01_基础篇/第14章_二重积分.md	327
ZY1000-JC-GS14-T20	L1_FIRST	二重积分计算	candidate	选取积分次序或坐标变换	candidate	配套习题/张宇1000题/01_基础篇/第14章_二重积分.md	342
ZY1000-JC-GS14-T21	L1_FIRST	二重积分计算	candidate	选取积分次序或坐标变换	candidate	配套习题/张宇1000题/01_基础篇/第14章_二重积分.md	358
ZY1000-JC-GS14-T22	L1_FIRST	二重积分计算	candidate	选取积分次序或坐标变换	candidate	配套习题/张宇1000题/01_基础篇/第14章_二重积分.md	371
ZY1000-JC-GS14-T23	L1_FIRST	二重积分计算	candidate	选取积分次序或坐标变换	candidate	配套习题/张宇1000题/01_基础篇/第14章_二重积分.md	384
ZY1000-JC-GS14-T24	L1_FIRST	二重积分计算	candidate	选取积分次序或坐标变换	candidate	配套习题/张宇1000题/01_基础篇/第14章_二重积分.md	401
ZY1000-JC-GS15-T01	L1_FIRST	微分方程的类型辨识与求解	candidate	辨型后选择相应积分或降阶方法	candidate	配套习题/张宇1000题/01_基础篇/第15章_微分方程.md	7
ZY1000-JC-GS15-T02	L1_FIRST	微分方程建模	candidate	把几何或变化率条件转为微分关系	candidate	配套习题/张宇1000题/01_基础篇/第15章_微分方程.md	18
ZY1000-JC-GS15-T03	L1_FIRST	常系数非齐次线性微分方程	candidate	齐次通解与待定系数特解	candidate	配套习题/张宇1000题/01_基础篇/第15章_微分方程.md	29
ZY1000-JC-GS15-T04	L1_FIRST	微分方程的类型辨识与求解	candidate	辨型后选择相应积分或降阶方法	candidate	配套习题/张宇1000题/01_基础篇/第15章_微分方程.md	48
ZY1000-JC-GS15-T05	L1_FIRST	微分方程建模	candidate	把几何或变化率条件转为微分关系	candidate	配套习题/张宇1000题/01_基础篇/第15章_微分方程.md	59
ZY1000-JC-GS15-T06	L1_FIRST	微分方程的类型辨识与求解	candidate	辨型后选择相应积分或降阶方法	candidate	配套习题/张宇1000题/01_基础篇/第15章_微分方程.md	76
ZY1000-JC-GS15-T07	L1_FIRST	曲线渐近线	candidate	以差值极限识别渐近行为	candidate	配套习题/张宇1000题/01_基础篇/第15章_微分方程.md	87
ZY1000-JC-GS15-T08	L1_FIRST	微分方程建模	candidate	把几何或变化率条件转为微分关系	candidate	配套习题/张宇1000题/01_基础篇/第15章_微分方程.md	104
ZY1000-JC-GS15-T09	L1_FIRST	积分方程转化为微分方程	candidate	积分变换后对参数求导	candidate	配套习题/张宇1000题/01_基础篇/第15章_微分方程.md	119
ZY1000-JC-GS15-T10	L1_FIRST	微分方程的类型辨识与求解	candidate	辨型后选择相应积分或降阶方法	candidate	配套习题/张宇1000题/01_基础篇/第15章_微分方程.md	138
ZY1000-JC-GS15-T11	L1_FIRST	微分方程建模	candidate	把几何或变化率条件转为微分关系	candidate	配套习题/张宇1000题/01_基础篇/第15章_微分方程.md	154
ZY1000-JC-GS15-T12	L1_FIRST	微分方程建模	candidate	把几何或变化率条件转为微分关系	candidate	配套习题/张宇1000题/01_基础篇/第15章_微分方程.md	170
ZY1000-JC-GS15-T13	L1_FIRST	微分方程建模	candidate	把几何或变化率条件转为微分关系	candidate	配套习题/张宇1000题/01_基础篇/第15章_微分方程.md	182
ZY1000-JC-GS15-T14	L1_FIRST	微分方程建模	candidate	把几何或变化率条件转为微分关系	candidate	配套习题/张宇1000题/01_基础篇/第15章_微分方程.md	196
ZY1000-JC-GS15-T15	L1_FIRST	积分方程转化为微分方程	candidate	积分变换后对参数求导	candidate	配套习题/张宇1000题/01_基础篇/第15章_微分方程.md	209
ZY1000-JC-GS15-T16	L1_FIRST	常系数齐次线性微分方程	candidate	特征方程与初始条件	candidate	配套习题/张宇1000题/01_基础篇/第15章_微分方程.md	224
ZY1000-JC-GS15-T17	L1_FIRST	微分方程的类型辨识与求解	candidate	辨型后选择相应积分或降阶方法	candidate	配套习题/张宇1000题/01_基础篇/第15章_微分方程.md	238
ZY1000-JC-GS15-T18	L1_FIRST	常系数非齐次线性微分方程	candidate	齐次通解与待定系数特解	candidate	配套习题/张宇1000题/01_基础篇/第15章_微分方程.md	258
ZY1000-JC-GS15-T19	L1_FIRST	微分方程的类型辨识与求解	candidate	辨型后选择相应积分或降阶方法	candidate	配套习题/张宇1000题/01_基础篇/第15章_微分方程.md	270
ZY1000-JC-GS15-T20	L1_FIRST	微分方程的类型辨识与求解	candidate	辨型后选择相应积分或降阶方法	candidate	配套习题/张宇1000题/01_基础篇/第15章_微分方程.md	281
ZY1000-JC-GS15-T21	L1_FIRST	欧拉型微分方程	candidate	对数变量代换	candidate	配套习题/张宇1000题/01_基础篇/第15章_微分方程.md	291
ZY1000-JC-GS16-T01	L1_FIRST	数项级数敛散性	candidate	按项的性质选择收敛判据	candidate	配套习题/张宇1000题/01_基础篇/第16章_无穷级数.md	7
ZY1000-JC-GS16-T02	L1_FIRST	数项级数敛散性	candidate	按项的性质选择收敛判据	candidate	配套习题/张宇1000题/01_基础篇/第16章_无穷级数.md	31
ZY1000-JC-GS16-T03	L1_FIRST	数项级数敛散性	candidate	按项的性质选择收敛判据	candidate	配套习题/张宇1000题/01_基础篇/第16章_无穷级数.md	47
ZY1000-JC-GS16-T04	L1_FIRST		needs_review		needs_review	配套习题/张宇1000题/01_基础篇/第16章_无穷级数.md	68
ZY1000-JC-GS16-T05	L1_FIRST	数项级数敛散性	candidate	按项的性质选择收敛判据	candidate	配套习题/张宇1000题/01_基础篇/第16章_无穷级数.md	100
ZY1000-JC-GS16-T06	L1_FIRST	数项级数敛散性	candidate	按项的性质选择收敛判据	candidate	配套习题/张宇1000题/01_基础篇/第16章_无穷级数.md	119
ZY1000-JC-GS16-T07	L1_FIRST	数项级数敛散性	candidate	按项的性质选择收敛判据	candidate	配套习题/张宇1000题/01_基础篇/第16章_无穷级数.md	145
ZY1000-JC-GS16-T08	L1_FIRST	数项级数敛散性	candidate	按项的性质选择收敛判据	candidate	配套习题/张宇1000题/01_基础篇/第16章_无穷级数.md	166
ZY1000-JC-GS16-T09	L1_FIRST	幂级数的收敛域	candidate	求收敛半径并逐端点检查	candidate	配套习题/张宇1000题/01_基础篇/第16章_无穷级数.md	186
ZY1000-JC-GS16-T10	L1_FIRST	幂级数的收敛域	candidate	求收敛半径并逐端点检查	candidate	配套习题/张宇1000题/01_基础篇/第16章_无穷级数.md	204
ZY1000-JC-GS16-T11	L1_FIRST	级数求和与和函数	candidate	逐项运算或与已知级数比较	candidate	配套习题/张宇1000题/01_基础篇/第16章_无穷级数.md	218
ZY1000-JC-GS16-T12	L1_FIRST	数项级数敛散性	candidate	按项的性质选择收敛判据	candidate	配套习题/张宇1000题/01_基础篇/第16章_无穷级数.md	236
ZY1000-JC-GS16-T13	L1_FIRST	数项级数敛散性	candidate	按项的性质选择收敛判据	candidate	配套习题/张宇1000题/01_基础篇/第16章_无穷级数.md	251
ZY1000-JC-GS16-T14	L1_FIRST	幂级数的收敛域	candidate	求收敛半径并逐端点检查	candidate	配套习题/张宇1000题/01_基础篇/第16章_无穷级数.md	268
ZY1000-JC-GS16-T15	L1_FIRST	级数求和与和函数	candidate	逐项运算或与已知级数比较	candidate	配套习题/张宇1000题/01_基础篇/第16章_无穷级数.md	284
ZY1000-JC-GS16-T16	L1_FIRST	数项级数敛散性	candidate	按项的性质选择收敛判据	candidate	配套习题/张宇1000题/01_基础篇/第16章_无穷级数.md	306
ZY1000-JC-GS16-T17	L1_FIRST	数项级数敛散性	candidate	按项的性质选择收敛判据	candidate	配套习题/张宇1000题/01_基础篇/第16章_无穷级数.md	324
ZY1000-JC-GS16-T18	L1_FIRST	数项级数敛散性	candidate	按项的性质选择收敛判据	candidate	配套习题/张宇1000题/01_基础篇/第16章_无穷级数.md	355
ZY1000-JC-GS16-T19	L1_FIRST	函数的幂级数展开	candidate	已知幂级数的代换与运算	candidate	配套习题/张宇1000题/01_基础篇/第16章_无穷级数.md	370
ZY1000-JC-GS17-T01	L1_FIRST	函数极限的计算与存在性	candidate	辨认极限类型并核对运算法则	candidate	配套习题/张宇1000题/01_基础篇/第17章_多元函数积分学的预备知识.md	7
ZY1000-JC-GS17-T02	L1_FIRST	空间直线和平面	candidate	向量法建立线面关系	candidate	配套习题/张宇1000题/01_基础篇/第17章_多元函数积分学的预备知识.md	25
ZY1000-JC-GS17-T03	L1_FIRST	空间直线和平面	candidate	向量法建立线面关系	candidate	配套习题/张宇1000题/01_基础篇/第17章_多元函数积分学的预备知识.md	42
ZY1000-JC-GS17-T04	L1_FIRST	空间直线和平面	candidate	向量法建立线面关系	candidate	配套习题/张宇1000题/01_基础篇/第17章_多元函数积分学的预备知识.md	53
ZY1000-JC-GS17-T05	L1_FIRST	空间直线和平面	candidate	向量法建立线面关系	candidate	配套习题/张宇1000题/01_基础篇/第17章_多元函数积分学的预备知识.md	64
ZY1000-JC-GS17-T06	L1_FIRST	方向导数与梯度	candidate	梯度与单位方向的内积	candidate	配套习题/张宇1000题/01_基础篇/第17章_多元函数积分学的预备知识.md	76
ZY1000-JC-GS17-T07	L1_FIRST	空间直线和平面	candidate	向量法建立线面关系	candidate	配套习题/张宇1000题/01_基础篇/第17章_多元函数积分学的预备知识.md	90
ZY1000-JC-GS17-T08	L1_FIRST	方向导数与梯度	candidate	梯度与单位方向的内积	candidate	配套习题/张宇1000题/01_基础篇/第17章_多元函数积分学的预备知识.md	102
ZY1000-JC-GS17-T09	L1_FIRST	方向导数与梯度	candidate	梯度与单位方向的内积	candidate	配套习题/张宇1000题/01_基础篇/第17章_多元函数积分学的预备知识.md	123
ZY1000-JC-GS17-T10	L1_FIRST	方向导数与梯度	candidate	梯度与单位方向的内积	candidate	配套习题/张宇1000题/01_基础篇/第17章_多元函数积分学的预备知识.md	134
ZY1000-JC-GS17-T11	L1_FIRST	方向导数与梯度	candidate	梯度与单位方向的内积	candidate	配套习题/张宇1000题/01_基础篇/第17章_多元函数积分学的预备知识.md	145
ZY1000-JC-GS17-T12	L1_FIRST	方向导数与梯度	candidate	梯度与单位方向的内积	candidate	配套习题/张宇1000题/01_基础篇/第17章_多元函数积分学的预备知识.md	157
ZY1000-JC-GS17-T13	L1_FIRST	方向导数与梯度	candidate	梯度与单位方向的内积	candidate	配套习题/张宇1000题/01_基础篇/第17章_多元函数积分学的预备知识.md	170
ZY1000-JC-GS17-T14	L1_FIRST	散度与旋度	candidate	向量场的微分运算	candidate	配套习题/张宇1000题/01_基础篇/第17章_多元函数积分学的预备知识.md	184
ZY1000-JC-GS18-T01	L1_FIRST	三重积分计算	candidate	分层积分或空间坐标变换	candidate	配套习题/张宇1000题/01_基础篇/第18章_多元函数积分学.md	7
ZY1000-JC-GS18-T02	L1_FIRST	积分表示质心与形心	candidate	质量矩除以总质量	candidate	配套习题/张宇1000题/01_基础篇/第18章_多元函数积分学.md	20
ZY1000-JC-GS18-T03	L1_FIRST	曲线积分	candidate	参数化或选用相应积分定理	candidate	配套习题/张宇1000题/01_基础篇/第18章_多元函数积分学.md	30
ZY1000-JC-GS18-T04	L1_FIRST	曲线积分	candidate	参数化或选用相应积分定理	candidate	配套习题/张宇1000题/01_基础篇/第18章_多元函数积分学.md	43
ZY1000-JC-GS18-T05	L1_FIRST		needs_review		needs_review	配套习题/张宇1000题/01_基础篇/第18章_多元函数积分学.md	56
ZY1000-JC-GS18-T06	L1_FIRST	偏导数与全微分	candidate	逐变量求导并组合微分	candidate	配套习题/张宇1000题/01_基础篇/第18章_多元函数积分学.md	69
ZY1000-JC-GS18-T07	L1_FIRST	曲线积分	candidate	参数化或选用相应积分定理	candidate	配套习题/张宇1000题/01_基础篇/第18章_多元函数积分学.md	80
ZY1000-JC-GS18-T08	L1_FIRST		needs_review		needs_review	配套习题/张宇1000题/01_基础篇/第18章_多元函数积分学.md	97
ZY1000-JC-GS18-T09	L1_FIRST	曲线积分	candidate	参数化或选用相应积分定理	candidate	配套习题/张宇1000题/01_基础篇/第18章_多元函数积分学.md	124
ZY1000-JC-GS18-T10	L1_FIRST		needs_review		needs_review	配套习题/张宇1000题/01_基础篇/第18章_多元函数积分学.md	149
ZY1000-JC-GS18-T11	L1_FIRST	曲面积分	candidate	曲面参数化或积分定理	candidate	配套习题/张宇1000题/01_基础篇/第18章_多元函数积分学.md	163
ZY1000-JC-GS18-T12	L1_FIRST	二重积分计算	candidate	选取积分次序或坐标变换	candidate	配套习题/张宇1000题/01_基础篇/第18章_多元函数积分学.md	176
ZY1000-JC-GS18-T13	L1_FIRST	二重积分计算	candidate	选取积分次序或坐标变换	candidate	配套习题/张宇1000题/01_基础篇/第18章_多元函数积分学.md	188
ZY1000-JC-GS18-T14	L1_FIRST	曲面积分	candidate	曲面参数化或积分定理	candidate	配套习题/张宇1000题/01_基础篇/第18章_多元函数积分学.md	202
ZY1000-JC-GS18-T15	L1_FIRST	二重积分计算	candidate	选取积分次序或坐标变换	candidate	配套习题/张宇1000题/01_基础篇/第18章_多元函数积分学.md	216
ZY1000-JC-GS18-T16	L1_FIRST	曲线积分	candidate	参数化或选用相应积分定理	candidate	配套习题/张宇1000题/01_基础篇/第18章_多元函数积分学.md	230
ZY1000-JC-XD01-T01	L1_FIRST	行列式计算	candidate	行列变换与展开	candidate	配套习题/张宇1000题/01_基础篇/线性代数/第01章_行列式.md	7
ZY1000-JC-XD01-T02	L1_FIRST	行列式计算	candidate	行列变换与展开	candidate	配套习题/张宇1000题/01_基础篇/线性代数/第01章_行列式.md	22
ZY1000-JC-XD01-T03	L1_FIRST	行列式计算	candidate	行列变换与展开	candidate	配套习题/张宇1000题/01_基础篇/线性代数/第01章_行列式.md	37
ZY1000-JC-XD01-T04	L1_FIRST	行列式计算	candidate	行列变换与展开	candidate	配套习题/张宇1000题/01_基础篇/线性代数/第01章_行列式.md	52
ZY1000-JC-XD01-T05	L1_FIRST	行列式计算	candidate	行列变换与展开	candidate	配套习题/张宇1000题/01_基础篇/线性代数/第01章_行列式.md	67
ZY1000-JC-XD01-T06	L1_FIRST	行列式计算	candidate	行列变换与展开	candidate	配套习题/张宇1000题/01_基础篇/线性代数/第01章_行列式.md	82
ZY1000-JC-XD02-T01	L1_FIRST	矩阵运算与矩阵方程	candidate	利用矩阵运算法则整理	candidate	配套习题/张宇1000题/01_基础篇/线性代数/第02章_矩阵.md	7
ZY1000-JC-XD02-T07	L1_FIRST	伴随矩阵的性质	candidate	伴随恒等式与秩分类	candidate	配套习题/张宇1000题/01_基础篇/线性代数/第02章_矩阵.md	22
ZY1000-JC-XD02-T09	L1_FIRST	矩阵运算与矩阵方程	candidate	利用矩阵运算法则整理	candidate	配套习题/张宇1000题/01_基础篇/线性代数/第02章_矩阵.md	37
ZY1000-JC-XD02-T10	L1_FIRST	矩阵运算与矩阵方程	candidate	利用矩阵运算法则整理	candidate	配套习题/张宇1000题/01_基础篇/线性代数/第02章_矩阵.md	52
ZY1000-JC-XD02-T11	L1_FIRST	矩阵运算与矩阵方程	candidate	利用矩阵运算法则整理	candidate	配套习题/张宇1000题/01_基础篇/线性代数/第02章_矩阵.md	67
ZY1000-JC-XD02-T12	L1_FIRST	矩阵运算与矩阵方程	candidate	利用矩阵运算法则整理	candidate	配套习题/张宇1000题/01_基础篇/线性代数/第02章_矩阵.md	82
ZY1000-JC-XD02-T13	L1_FIRST	矩阵运算与矩阵方程	candidate	利用矩阵运算法则整理	candidate	配套习题/张宇1000题/01_基础篇/线性代数/第02章_矩阵.md	97
ZY1000-JC-XD02-T14	L1_FIRST	矩阵运算与矩阵方程	candidate	利用矩阵运算法则整理	candidate	配套习题/张宇1000题/01_基础篇/线性代数/第02章_矩阵.md	112
ZY1000-JC-XD02-T15	L1_FIRST	矩阵运算与矩阵方程	candidate	利用矩阵运算法则整理	candidate	配套习题/张宇1000题/01_基础篇/线性代数/第02章_矩阵.md	127
ZY1000-JC-XD03-T01	L1_FIRST	向量组线性相关性	candidate	线性组合关系或矩阵秩	candidate	配套习题/张宇1000题/01_基础篇/线性代数/第03章_向量组.md	7
ZY1000-JC-XD03-T02	L1_FIRST	向量组线性相关性	candidate	线性组合关系或矩阵秩	candidate	配套习题/张宇1000题/01_基础篇/线性代数/第03章_向量组.md	22
ZY1000-JC-XD03-T03	L1_FIRST	向量组线性相关性	candidate	线性组合关系或矩阵秩	candidate	配套习题/张宇1000题/01_基础篇/线性代数/第03章_向量组.md	37
ZY1000-JC-XD03-T04	L1_FIRST	向量组线性相关性	candidate	线性组合关系或矩阵秩	candidate	配套习题/张宇1000题/01_基础篇/线性代数/第03章_向量组.md	52
ZY1000-JC-XD03-T05	L1_FIRST	向量的线性表示	candidate	建立列向量系数方程	candidate	配套习题/张宇1000题/01_基础篇/线性代数/第03章_向量组.md	67
ZY1000-JC-XD03-T06	L1_FIRST		needs_review		needs_review	配套习题/张宇1000题/01_基础篇/线性代数/第03章_向量组.md	82
ZY1000-JC-XD03-T07	L1_FIRST		needs_review		needs_review	配套习题/张宇1000题/01_基础篇/线性代数/第03章_向量组.md	99
ZY1000-JC-XD03-T08	L1_FIRST	向量组线性相关性	candidate	线性组合关系或矩阵秩	candidate	配套习题/张宇1000题/01_基础篇/线性代数/第03章_向量组.md	116
ZY1000-JC-XD03-T09	L1_FIRST	向量组线性相关性	candidate	线性组合关系或矩阵秩	candidate	配套习题/张宇1000题/01_基础篇/线性代数/第03章_向量组.md	131
ZY1000-JC-XD03-T10	L1_FIRST	向量组线性相关性	candidate	线性组合关系或矩阵秩	candidate	配套习题/张宇1000题/01_基础篇/线性代数/第03章_向量组.md	146
ZY1000-JC-XD03-T11	L1_FIRST	向量组等价性	candidate	比较列空间或双向线性表示	candidate	配套习题/张宇1000题/01_基础篇/线性代数/第03章_向量组.md	161
ZY1000-JC-XD03-T12	L1_FIRST	向量组等价性	candidate	比较列空间或双向线性表示	candidate	配套习题/张宇1000题/01_基础篇/线性代数/第03章_向量组.md	176
ZY1000-JC-XD03-T13	L1_FIRST	正交变换与实对称矩阵	candidate	正交化特征向量	candidate	配套习题/张宇1000题/01_基础篇/线性代数/第03章_向量组.md	191
ZY1000-JC-XD04-T02	L1_FIRST	向量组线性相关性	candidate	线性组合关系或矩阵秩	candidate	配套习题/张宇1000题/01_基础篇/线性代数/第04章_线性方程组.md	7
ZY1000-JC-XD04-T03	L1_FIRST	矩阵运算与矩阵方程	candidate	利用矩阵运算法则整理	candidate	配套习题/张宇1000题/01_基础篇/线性代数/第04章_线性方程组.md	22
ZY1000-JC-XD04-T04	L1_FIRST	齐次线性方程组解的结构	candidate	秩零化度与基础解系	candidate	配套习题/张宇1000题/01_基础篇/线性代数/第04章_线性方程组.md	37
ZY1000-JC-XD04-T08	L1_FIRST		needs_review		needs_review	配套习题/张宇1000题/01_基础篇/线性代数/第04章_线性方程组.md	52
ZY1000-JC-XD04-T09	L1_FIRST	向量组线性相关性	candidate	线性组合关系或矩阵秩	candidate	配套习题/张宇1000题/01_基础篇/线性代数/第04章_线性方程组.md	67
ZY1000-JC-XD04-T10	L1_FIRST	线性方程组的解与参数	candidate	比较系数矩阵与增广矩阵的秩	candidate	配套习题/张宇1000题/01_基础篇/线性代数/第04章_线性方程组.md	82
ZY1000-JC-XD04-T12	L1_FIRST	向量组等价性	candidate	比较列空间或双向线性表示	candidate	配套习题/张宇1000题/01_基础篇/线性代数/第04章_线性方程组.md	97
ZY1000-JC-XD04-T13	L1_FIRST	矩阵运算与矩阵方程	candidate	利用矩阵运算法则整理	candidate	配套习题/张宇1000题/01_基础篇/线性代数/第04章_线性方程组.md	112
ZY1000-JC-XD04-T16	L1_FIRST		needs_review		needs_review	配套习题/张宇1000题/01_基础篇/线性代数/第04章_线性方程组.md	127
ZY1000-JC-XD04-T17	L1_FIRST	齐次线性方程组解的结构	candidate	秩零化度与基础解系	candidate	配套习题/张宇1000题/01_基础篇/线性代数/第04章_线性方程组.md	144
ZY1000-JC-XD05-T01	L1_FIRST	特征值与特征向量	candidate	特征方程与特征子空间	candidate	配套习题/张宇1000题/01_基础篇/线性代数/第05章_特征值与特征向量.md	7
ZY1000-JC-XD05-T02	L1_FIRST	特征值与特征向量	candidate	特征方程与特征子空间	candidate	配套习题/张宇1000题/01_基础篇/线性代数/第05章_特征值与特征向量.md	22
ZY1000-JC-XD05-T03	L1_FIRST	特征值与特征向量	candidate	特征方程与特征子空间	candidate	配套习题/张宇1000题/01_基础篇/线性代数/第05章_特征值与特征向量.md	37
ZY1000-JC-XD05-T04	L1_FIRST	特征值与特征向量	candidate	特征方程与特征子空间	candidate	配套习题/张宇1000题/01_基础篇/线性代数/第05章_特征值与特征向量.md	52
ZY1000-JC-XD05-T05	L1_FIRST	特征值与特征向量	candidate	特征方程与特征子空间	candidate	配套习题/张宇1000题/01_基础篇/线性代数/第05章_特征值与特征向量.md	67
ZY1000-JC-XD05-T06	L1_FIRST	特征值与特征向量	candidate	特征方程与特征子空间	candidate	配套习题/张宇1000题/01_基础篇/线性代数/第05章_特征值与特征向量.md	82
ZY1000-JC-XD05-T07	L1_FIRST	相似矩阵与对角化	candidate	用特征向量构造变换基	candidate	配套习题/张宇1000题/01_基础篇/线性代数/第05章_特征值与特征向量.md	97
ZY1000-JC-XD05-T10	L1_FIRST	相似矩阵与对角化	candidate	用特征向量构造变换基	candidate	配套习题/张宇1000题/01_基础篇/线性代数/第05章_特征值与特征向量.md	112
ZY1000-JC-XD05-T17	L1_FIRST	特征值与特征向量	candidate	特征方程与特征子空间	candidate	配套习题/张宇1000题/01_基础篇/线性代数/第05章_特征值与特征向量.md	127
ZY1000-JC-XD05-T19	L1_FIRST	逆矩阵与可逆条件	candidate	初等变换或逆矩阵恒等式	candidate	配套习题/张宇1000题/01_基础篇/线性代数/第05章_特征值与特征向量.md	142
ZY1000-JC-XD06-T01	L1_FIRST		needs_review		needs_review	配套习题/张宇1000题/01_基础篇/线性代数/第06章_二次型.md	7
ZY1000-JC-XD06-T02	L1_FIRST	二次型化标准形	candidate	配方法或合同变换	candidate	配套习题/张宇1000题/01_基础篇/线性代数/第06章_二次型.md	22
ZY1000-JC-XD06-T04	L1_FIRST	二次型化标准形	candidate	配方法或合同变换	candidate	配套习题/张宇1000题/01_基础篇/线性代数/第06章_二次型.md	37
ZY1000-JC-XD06-T05	L1_FIRST	二次型化标准形	candidate	配方法或合同变换	candidate	配套习题/张宇1000题/01_基础篇/线性代数/第06章_二次型.md	52
ZY1000-JC-XD06-T08	L1_FIRST	矩阵运算与矩阵方程	candidate	利用矩阵运算法则整理	candidate	配套习题/张宇1000题/01_基础篇/线性代数/第06章_二次型.md	67
ZY1000-JC-XD06-T09	L1_FIRST	矩阵运算与矩阵方程	candidate	利用矩阵运算法则整理	candidate	配套习题/张宇1000题/01_基础篇/线性代数/第06章_二次型.md	82
ZY1000-JC-XD06-T10	L1_FIRST	二次型与矩阵的正定性	candidate	顺序主子式或特征值判别	candidate	配套习题/张宇1000题/01_基础篇/线性代数/第06章_二次型.md	97
ZY1000-JC-XD06-T11	L1_FIRST	二次型与矩阵的正定性	candidate	顺序主子式或特征值判别	candidate	配套习题/张宇1000题/01_基础篇/线性代数/第06章_二次型.md	112
ZY1000-JC-XD06-T14	L1_FIRST	二次型化标准形	candidate	配方法或合同变换	candidate	配套习题/张宇1000题/01_基础篇/线性代数/第06章_二次型.md	127
ZY1000-JC-XD06-T15	L1_FIRST	二次型化标准形	candidate	配方法或合同变换	candidate	配套习题/张宇1000题/01_基础篇/线性代数/第06章_二次型.md	142
ZY1000-JC-XD06-T16	L1_FIRST	二次型化标准形	candidate	配方法或合同变换	candidate	配套习题/张宇1000题/01_基础篇/线性代数/第06章_二次型.md	157
ZY1000-JC-XD06-T18	L1_FIRST	矩阵运算与矩阵方程	candidate	利用矩阵运算法则整理	candidate	配套习题/张宇1000题/01_基础篇/线性代数/第06章_二次型.md	172
ZY1000-JC-XD06-T21	L1_FIRST	二次型化标准形	candidate	配方法或合同变换	candidate	配套习题/张宇1000题/01_基础篇/线性代数/第06章_二次型.md	187
ZY1000-JC-XD06-T22	L1_FIRST	二次型与矩阵的正定性	candidate	顺序主子式或特征值判别	candidate	配套习题/张宇1000题/01_基础篇/线性代数/第06章_二次型.md	202
ZY1000-JC-XD06-T26	L1_FIRST		needs_review		needs_review	配套习题/张宇1000题/01_基础篇/线性代数/第06章_二次型.md	217
ZY1000-QH-GL01-T01	L1_FIRST	古典概型与组合计数	candidate	计数等可能样本点	candidate	配套习题/张宇1000题/02_强化篇/概率论与数理统计/第01章_随机事件和概率.md	7
ZY1000-QH-GL01-T02	L1_FIRST	概率性质与事件关系	candidate	概率公理和加法公式	candidate	配套习题/张宇1000题/02_强化篇/概率论与数理统计/第01章_随机事件和概率.md	22
ZY1000-QH-GL01-T03	L1_FIRST	概率性质与事件关系	candidate	概率公理和加法公式	candidate	配套习题/张宇1000题/02_强化篇/概率论与数理统计/第01章_随机事件和概率.md	37
ZY1000-QH-GL01-T04	L1_FIRST	随机事件独立性	candidate	核对交事件概率的乘积条件	candidate	配套习题/张宇1000题/02_强化篇/概率论与数理统计/第01章_随机事件和概率.md	52
ZY1000-QH-GL02-T01	L1_FIRST	数学期望及随机变量函数的期望	candidate	按分布求和或积分	candidate	配套习题/张宇1000题/02_强化篇/概率论与数理统计/第02章_一维随机变量及其分布.md	7
ZY1000-QH-GL02-T02	L1_FIRST	常见概率分布的概率计算	candidate	标准化或使用分布质量函数	candidate	配套习题/张宇1000题/02_强化篇/概率论与数理统计/第02章_一维随机变量及其分布.md	22
ZY1000-QH-GL02-T03	L1_FIRST	分布函数与概率分布	candidate	依据分布定义求概率	candidate	配套习题/张宇1000题/02_强化篇/概率论与数理统计/第02章_一维随机变量及其分布.md	37
ZY1000-QH-GL02-T04	L1_FIRST	概率密度及归一化	candidate	密度积分	candidate	配套习题/张宇1000题/02_强化篇/概率论与数理统计/第02章_一维随机变量及其分布.md	52
ZY1000-QH-GL02-T07	L1_FIRST	分布函数与概率分布	candidate	依据分布定义求概率	candidate	配套习题/张宇1000题/02_强化篇/概率论与数理统计/第02章_一维随机变量及其分布.md	67
ZY1000-QH-GL03-T01	L1_FIRST	数学期望及随机变量函数的期望	candidate	按分布求和或积分	candidate	配套习题/张宇1000题/02_强化篇/概率论与数理统计/第03章_一维随机变量函数的分布.md	7
ZY1000-QH-GL03-T02	L1_FIRST	随机变量的独立性	candidate	比较联合分布与边缘乘积	candidate	配套习题/张宇1000题/02_强化篇/概率论与数理统计/第03章_一维随机变量函数的分布.md	22
ZY1000-QH-GL03-T03	L1_FIRST	常见概率分布的概率计算	candidate	标准化或使用分布质量函数	candidate	配套习题/张宇1000题/02_强化篇/概率论与数理统计/第03章_一维随机变量函数的分布.md	37
ZY1000-QH-GL04-T01	L1_FIRST	随机变量的独立性	candidate	比较联合分布与边缘乘积	candidate	配套习题/张宇1000题/02_强化篇/概率论与数理统计/第04章_多维随机变量及其分布.md	7
ZY1000-QH-GL04-T02	L1_FIRST	随机变量的独立性	candidate	比较联合分布与边缘乘积	candidate	配套习题/张宇1000题/02_强化篇/概率论与数理统计/第04章_多维随机变量及其分布.md	22
ZY1000-QH-GL04-T03	L1_FIRST	概率密度及归一化	candidate	密度积分	candidate	配套习题/张宇1000题/02_强化篇/概率论与数理统计/第04章_多维随机变量及其分布.md	37
ZY1000-QH-GL05-T01	L1_FIRST	概率密度及归一化	candidate	密度积分	candidate	配套习题/张宇1000题/02_强化篇/概率论与数理统计/第05章_多维随机变量函数的分布.md	7
ZY1000-QH-GL05-T02	L1_FIRST	分布函数与概率分布	candidate	依据分布定义求概率	candidate	配套习题/张宇1000题/02_强化篇/概率论与数理统计/第05章_多维随机变量函数的分布.md	22
ZY1000-QH-GL05-T03	L1_FIRST	随机变量的独立性	candidate	比较联合分布与边缘乘积	candidate	配套习题/张宇1000题/02_强化篇/概率论与数理统计/第05章_多维随机变量函数的分布.md	37
ZY1000-QH-GL05-T04	L1_FIRST	数学期望及随机变量函数的期望	candidate	按分布求和或积分	candidate	配套习题/张宇1000题/02_强化篇/概率论与数理统计/第05章_多维随机变量函数的分布.md	52
ZY1000-QH-GL06-T01	L1_FIRST	数学期望及随机变量函数的期望	candidate	按分布求和或积分	candidate	配套习题/张宇1000题/02_强化篇/概率论与数理统计/第06章_数字特征.md	7
ZY1000-QH-GL06-T02	L1_FIRST	数学期望及随机变量函数的期望	candidate	按分布求和或积分	candidate	配套习题/张宇1000题/02_强化篇/概率论与数理统计/第06章_数字特征.md	22
ZY1000-QH-GL06-T03	L1_FIRST	概率密度及归一化	candidate	密度积分	candidate	配套习题/张宇1000题/02_强化篇/概率论与数理统计/第06章_数字特征.md	37
ZY1000-QH-GL06-T07	L1_FIRST	方差与协方差	candidate	中心矩或二阶矩关系	candidate	配套习题/张宇1000题/02_强化篇/概率论与数理统计/第06章_数字特征.md	52
ZY1000-QH-GL06-T15	L1_FIRST	随机变量的独立性	candidate	比较联合分布与边缘乘积	candidate	配套习题/张宇1000题/02_强化篇/概率论与数理统计/第06章_数字特征.md	67
ZY1000-QH-GL06-T16	L1_FIRST		needs_review		needs_review	配套习题/张宇1000题/02_强化篇/概率论与数理统计/第06章_数字特征.md	82
ZY1000-QH-GL06-T17	L1_FIRST	方差与协方差	candidate	中心矩或二阶矩关系	candidate	配套习题/张宇1000题/02_强化篇/概率论与数理统计/第06章_数字特征.md	97
ZY1000-QH-GL06-T18	L1_FIRST	相关系数与线性相关	candidate	协方差标准化	candidate	配套习题/张宇1000题/02_强化篇/概率论与数理统计/第06章_数字特征.md	112
ZY1000-QH-GL06-T19	L1_FIRST	方差与协方差	candidate	中心矩或二阶矩关系	candidate	配套习题/张宇1000题/02_强化篇/概率论与数理统计/第06章_数字特征.md	127
ZY1000-QH-GL07-T01	L1_FIRST	分布函数与概率分布	candidate	依据分布定义求概率	candidate	配套习题/张宇1000题/02_强化篇/概率论与数理统计/第07章_大数定律与中心极限定理.md	7
ZY1000-QH-GL07-T03	L1_FIRST	大数定律与依概率收敛	candidate	核对均值方差及收敛条件	candidate	配套习题/张宇1000题/02_强化篇/概率论与数理统计/第07章_大数定律与中心极限定理.md	22
ZY1000-QH-GL08-T01	L1_FIRST	统计量及抽样分布	candidate	标准统计量构造与独立性	candidate	配套习题/张宇1000题/02_强化篇/概率论与数理统计/第08章_统计量及其分布.md	7
ZY1000-QH-GL08-T02	L1_FIRST	统计量及抽样分布	candidate	标准统计量构造与独立性	candidate	配套习题/张宇1000题/02_强化篇/概率论与数理统计/第08章_统计量及其分布.md	22
ZY1000-QH-GL08-T03	L1_FIRST	随机变量的独立性	candidate	比较联合分布与边缘乘积	candidate	配套习题/张宇1000题/02_强化篇/概率论与数理统计/第08章_统计量及其分布.md	37
ZY1000-QH-GL08-T04	L1_FIRST	数学期望及随机变量函数的期望	candidate	按分布求和或积分	candidate	配套习题/张宇1000题/02_强化篇/概率论与数理统计/第08章_统计量及其分布.md	52
ZY1000-QH-GL08-T05	L1_FIRST	方差与协方差	candidate	中心矩或二阶矩关系	candidate	配套习题/张宇1000题/02_强化篇/概率论与数理统计/第08章_统计量及其分布.md	67
ZY1000-QH-GL08-T06	L1_FIRST	方差与协方差	candidate	中心矩或二阶矩关系	candidate	配套习题/张宇1000题/02_强化篇/概率论与数理统计/第08章_统计量及其分布.md	82
ZY1000-QH-GL08-T08	L1_FIRST	统计量及抽样分布	candidate	标准统计量构造与独立性	candidate	配套习题/张宇1000题/02_强化篇/概率论与数理统计/第08章_统计量及其分布.md	97
ZY1000-QH-GL08-T09	L1_FIRST	统计量及抽样分布	candidate	标准统计量构造与独立性	candidate	配套习题/张宇1000题/02_强化篇/概率论与数理统计/第08章_统计量及其分布.md	112
ZY1000-QH-GL08-T10	L1_FIRST	概率密度及归一化	candidate	密度积分	candidate	配套习题/张宇1000题/02_强化篇/概率论与数理统计/第08章_统计量及其分布.md	127
ZY1000-QH-GL08-T11	L1_FIRST	随机变量的独立性	candidate	比较联合分布与边缘乘积	candidate	配套习题/张宇1000题/02_强化篇/概率论与数理统计/第08章_统计量及其分布.md	142
ZY1000-QH-GL09-T01	L1_FIRST	矩估计	candidate	总体矩与样本矩匹配	candidate	配套习题/张宇1000题/02_强化篇/概率论与数理统计/第09章_参数估计与假设检验.md	7
ZY1000-QH-GL09-T02	L1_FIRST	最大似然估计	candidate	构造似然并比较极值	candidate	配套习题/张宇1000题/02_强化篇/概率论与数理统计/第09章_参数估计与假设检验.md	22
ZY1000-QH-GL09-T03	L1_FIRST	最大似然估计	candidate	构造似然并比较极值	candidate	配套习题/张宇1000题/02_强化篇/概率论与数理统计/第09章_参数估计与假设检验.md	37
ZY1000-QH-GL09-T22	L1_FIRST	估计量的无偏性与有效性	candidate	比较期望方差或均方误差	candidate	配套习题/张宇1000题/02_强化篇/概率论与数理统计/第09章_参数估计与假设检验.md	52
ZY1000-QH-GL09-T23	L1_FIRST	估计量的无偏性与有效性	candidate	比较期望方差或均方误差	candidate	配套习题/张宇1000题/02_强化篇/概率论与数理统计/第09章_参数估计与假设检验.md	67
ZY1000-QH-GL09-T24	L1_FIRST	参数置信区间	candidate	构造枢轴量并反解区间	candidate	配套习题/张宇1000题/02_强化篇/概率论与数理统计/第09章_参数估计与假设检验.md	82
ZY1000-QH-GL09-T25	L1_FIRST	参数置信区间	candidate	构造枢轴量并反解区间	candidate	配套习题/张宇1000题/02_强化篇/概率论与数理统计/第09章_参数估计与假设检验.md	97
ZY1000-QH-GL09-T26	L1_FIRST	参数假设检验	candidate	统计量与拒绝域	candidate	配套习题/张宇1000题/02_强化篇/概率论与数理统计/第09章_参数估计与假设检验.md	112
ZY1000-QH-GL09-T27	L1_FIRST	参数假设检验	candidate	统计量与拒绝域	candidate	配套习题/张宇1000题/02_强化篇/概率论与数理统计/第09章_参数估计与假设检验.md	127
ZY1000-QH-GL09-T29	L1_FIRST	参数假设检验	candidate	统计量与拒绝域	candidate	配套习题/张宇1000题/02_强化篇/概率论与数理统计/第09章_参数估计与假设检验.md	142
ZY1000-QH-GL09-T30	L1_FIRST	参数假设检验	candidate	统计量与拒绝域	candidate	配套习题/张宇1000题/02_强化篇/概率论与数理统计/第09章_参数估计与假设检验.md	157
ZY1000-QH-GS01-T01	L1_FIRST	函数极限的计算与存在性	candidate	辨认极限类型并核对运算法则	candidate	配套习题/张宇1000题/02_强化篇/第01章_函数极限与连续.md	7
ZY1000-QH-GS01-T02	L1_FIRST	函数极限的计算与存在性	candidate	辨认极限类型并核对运算法则	candidate	配套习题/张宇1000题/02_强化篇/第01章_函数极限与连续.md	22
ZY1000-QH-GS01-T03	L1_FIRST	函数极限的计算与存在性	candidate	辨认极限类型并核对运算法则	candidate	配套习题/张宇1000题/02_强化篇/第01章_函数极限与连续.md	37
ZY1000-QH-GS01-T04	L1_FIRST		needs_review		needs_review	配套习题/张宇1000题/02_强化篇/第01章_函数极限与连续.md	52
ZY1000-QH-GS01-T05	L1_FIRST		needs_review		needs_review	配套习题/张宇1000题/02_强化篇/第01章_函数极限与连续.md	67
ZY1000-QH-GS01-T06	L1_FIRST	函数极限的计算与存在性	candidate	辨认极限类型并核对运算法则	candidate	配套习题/张宇1000题/02_强化篇/第01章_函数极限与连续.md	89
ZY1000-QH-GS01-T07	L1_FIRST	高阶无穷小与局部展开	candidate	局部展开并比较首个非零项	candidate	配套习题/张宇1000题/02_强化篇/第01章_函数极限与连续.md	112
ZY1000-QH-GS01-T08	L1_FIRST	高阶无穷小与局部展开	candidate	局部展开并比较首个非零项	candidate	配套习题/张宇1000题/02_强化篇/第01章_函数极限与连续.md	133
ZY1000-QH-GS01-T09	L1_FIRST	高阶无穷小与局部展开	candidate	局部展开并比较首个非零项	candidate	配套习题/张宇1000题/02_强化篇/第01章_函数极限与连续.md	155
ZY1000-QH-GS01-T10	L1_FIRST		needs_review		needs_review	配套习题/张宇1000题/02_强化篇/第01章_函数极限与连续.md	184
ZY1000-QH-GS01-T11	L1_FIRST		needs_review		needs_review	配套习题/张宇1000题/02_强化篇/第01章_函数极限与连续.md	196
ZY1000-QH-GS01-T12	L1_FIRST	分段函数连续性与参数条件	candidate	匹配单侧极限和函数值	candidate	配套习题/张宇1000题/02_强化篇/第01章_函数极限与连续.md	216
ZY1000-QH-GS01-T13	L1_FIRST	函数极限的计算与存在性	candidate	辨认极限类型并核对运算法则	candidate	配套习题/张宇1000题/02_强化篇/第01章_函数极限与连续.md	246
ZY1000-QH-GS01-T14	L1_FIRST	函数极限的计算与存在性	candidate	辨认极限类型并核对运算法则	candidate	配套习题/张宇1000题/02_强化篇/第01章_函数极限与连续.md	263
ZY1000-QH-GS01-T15	L1_FIRST	函数极限的计算与存在性	candidate	辨认极限类型并核对运算法则	candidate	配套习题/张宇1000题/02_强化篇/第01章_函数极限与连续.md	280
ZY1000-QH-GS01-T16	L1_FIRST		needs_review		needs_review	配套习题/张宇1000题/02_强化篇/第01章_函数极限与连续.md	293
ZY1000-QH-GS01-T17	L1_FIRST		needs_review		needs_review	配套习题/张宇1000题/02_强化篇/第01章_函数极限与连续.md	309
ZY1000-QH-GS01-T18	L1_FIRST	函数极限的计算与存在性	candidate	辨认极限类型并核对运算法则	candidate	配套习题/张宇1000题/02_强化篇/第01章_函数极限与连续.md	339
ZY1000-QH-GS01-T19	L1_FIRST		needs_review		needs_review	配套习题/张宇1000题/02_强化篇/第01章_函数极限与连续.md	360
ZY1000-QH-GS01-T20	L1_FIRST		needs_review		needs_review	配套习题/张宇1000题/02_强化篇/第01章_函数极限与连续.md	386
ZY1000-QH-GS01-T21	L1_FIRST	函数极限的计算与存在性	candidate	辨认极限类型并核对运算法则	candidate	配套习题/张宇1000题/02_强化篇/第01章_函数极限与连续.md	406
ZY1000-QH-GS01-T22	L1_FIRST	高阶无穷小与局部展开	candidate	局部展开并比较首个非零项	candidate	配套习题/张宇1000题/02_强化篇/第01章_函数极限与连续.md	431
ZY1000-QH-GS01-T23	L1_FIRST	高阶无穷小与局部展开	candidate	局部展开并比较首个非零项	candidate	配套习题/张宇1000题/02_强化篇/第01章_函数极限与连续.md	442
ZY1000-QH-GS01-T24	L1_FIRST	高阶无穷小与局部展开	candidate	局部展开并比较首个非零项	candidate	配套习题/张宇1000题/02_强化篇/第01章_函数极限与连续.md	464
ZY1000-QH-GS01-T25	L1_FIRST		needs_review		needs_review	配套习题/张宇1000题/02_强化篇/第01章_函数极限与连续.md	482
ZY1000-QH-GS01-T26	L1_FIRST		needs_review		needs_review	配套习题/张宇1000题/02_强化篇/第01章_函数极限与连续.md	498
ZY1000-QH-GS01-T27	L1_FIRST	高阶无穷小与局部展开	candidate	局部展开并比较首个非零项	candidate	配套习题/张宇1000题/02_强化篇/第01章_函数极限与连续.md	521
ZY1000-QH-GS01-T28	L1_FIRST	高阶无穷小与局部展开	candidate	局部展开并比较首个非零项	candidate	配套习题/张宇1000题/02_强化篇/第01章_函数极限与连续.md	532
ZY1000-QH-GS01-T29	L1_FIRST	高阶无穷小与局部展开	candidate	局部展开并比较首个非零项	candidate	配套习题/张宇1000题/02_强化篇/第01章_函数极限与连续.md	547
ZY1000-QH-GS01-T30	L1_FIRST		needs_review		needs_review	配套习题/张宇1000题/02_强化篇/第01章_函数极限与连续.md	573
ZY1000-QH-GS01-T31	L1_FIRST	高阶无穷小与局部展开	candidate	局部展开并比较首个非零项	candidate	配套习题/张宇1000题/02_强化篇/第01章_函数极限与连续.md	590
ZY1000-QH-GS01-T32	L1_FIRST		needs_review		needs_review	配套习题/张宇1000题/02_强化篇/第01章_函数极限与连续.md	616
ZY1000-QH-GS01-T33	L1_FIRST	高阶无穷小与局部展开	candidate	局部展开并比较首个非零项	candidate	配套习题/张宇1000题/02_强化篇/第01章_函数极限与连续.md	636
ZY1000-QH-GS01-T34	L1_FIRST	函数极限的计算与存在性	candidate	辨认极限类型并核对运算法则	candidate	配套习题/张宇1000题/02_强化篇/第01章_函数极限与连续.md	655
ZY1000-QH-GS01-T35	L1_FIRST		needs_review		needs_review	配套习题/张宇1000题/02_强化篇/第01章_函数极限与连续.md	684
ZY1000-QH-GS01-T36	L1_FIRST		needs_review		needs_review	配套习题/张宇1000题/02_强化篇/第01章_函数极限与连续.md	701
ZY1000-QH-GS01-T37	L1_FIRST	间断点的定位与分类	candidate	逐个考查可疑点的单侧极限	candidate	配套习题/张宇1000题/02_强化篇/第01章_函数极限与连续.md	719
ZY1000-QH-GS01-T38	L1_FIRST	函数极限的计算与存在性	candidate	辨认极限类型并核对运算法则	candidate	配套习题/张宇1000题/02_强化篇/第01章_函数极限与连续.md	736
ZY1000-QH-GS02-T01	L1_FIRST	数列极限与收敛性	candidate	估计数列或建立递推极限关系	candidate	配套习题/张宇1000题/02_强化篇/第02章_数列极限.md	7
ZY1000-QH-GS02-T02	L1_FIRST	数列极限与收敛性	candidate	估计数列或建立递推极限关系	candidate	配套习题/张宇1000题/02_强化篇/第02章_数列极限.md	30
ZY1000-QH-GS02-T03	L1_FIRST	数列极限与收敛性	candidate	估计数列或建立递推极限关系	candidate	配套习题/张宇1000题/02_强化篇/第02章_数列极限.md	48
ZY1000-QH-GS02-T04	L1_FIRST	数列极限与收敛性	candidate	估计数列或建立递推极限关系	candidate	配套习题/张宇1000题/02_强化篇/第02章_数列极限.md	61
ZY1000-QH-GS02-T05	L1_FIRST	数列极限与收敛性	candidate	估计数列或建立递推极限关系	candidate	配套习题/张宇1000题/02_强化篇/第02章_数列极限.md	81
ZY1000-QH-GS02-T06	L1_FIRST	数列极限与收敛性	candidate	估计数列或建立递推极限关系	candidate	配套习题/张宇1000题/02_强化篇/第02章_数列极限.md	97
ZY1000-QH-GS02-T07	L1_FIRST	数列极限与收敛性	candidate	估计数列或建立递推极限关系	candidate	配套习题/张宇1000题/02_强化篇/第02章_数列极限.md	110
ZY1000-QH-GS02-T08	L1_FIRST	数列极限与收敛性	candidate	估计数列或建立递推极限关系	candidate	配套习题/张宇1000题/02_强化篇/第02章_数列极限.md	129
ZY1000-QH-GS02-T09	L1_FIRST	数列极限与收敛性	candidate	估计数列或建立递推极限关系	candidate	配套习题/张宇1000题/02_强化篇/第02章_数列极限.md	149
ZY1000-QH-GS02-T10	L1_FIRST	数列极限与收敛性	candidate	估计数列或建立递推极限关系	candidate	配套习题/张宇1000题/02_强化篇/第02章_数列极限.md	163
ZY1000-QH-GS02-T11	L1_FIRST	高阶无穷小与局部展开	candidate	局部展开并比较首个非零项	candidate	配套习题/张宇1000题/02_强化篇/第02章_数列极限.md	173
ZY1000-QH-GS03-T01	L1_FIRST	导数定义与可导性	candidate	将差商化为导数定义	candidate	配套习题/张宇1000题/02_强化篇/第03章_一元函数微分学的概念.md	7
ZY1000-QH-GS03-T02	L1_FIRST	一元函数求导	candidate	求导法则与复合链式法则	candidate	配套习题/张宇1000题/02_强化篇/第03章_一元函数微分学的概念.md	22
ZY1000-QH-GS03-T03	L1_FIRST		needs_review		needs_review	配套习题/张宇1000题/02_强化篇/第03章_一元函数微分学的概念.md	41
ZY1000-QH-GS03-T04	L1_FIRST	导数定义与可导性	candidate	将差商化为导数定义	candidate	配套习题/张宇1000题/02_强化篇/第03章_一元函数微分学的概念.md	59
ZY1000-QH-GS03-T05	L1_FIRST	导数定义与可导性	candidate	将差商化为导数定义	candidate	配套习题/张宇1000题/02_强化篇/第03章_一元函数微分学的概念.md	95
ZY1000-QH-GS03-T06	L1_FIRST		needs_review		needs_review	配套习题/张宇1000题/02_强化篇/第03章_一元函数微分学的概念.md	115
ZY1000-QH-GS03-T07	L1_FIRST	一元函数求导	candidate	求导法则与复合链式法则	candidate	配套习题/张宇1000题/02_强化篇/第03章_一元函数微分学的概念.md	137
ZY1000-QH-GS03-T08	L1_FIRST	函数关系式求解析式	candidate	换元并联立函数关系	candidate	配套习题/张宇1000题/02_强化篇/第03章_一元函数微分学的概念.md	153
ZY1000-QH-GS03-T09	L1_FIRST	导数定义与可导性	candidate	将差商化为导数定义	candidate	配套习题/张宇1000题/02_强化篇/第03章_一元函数微分学的概念.md	168
ZY1000-QH-GS03-T10	L1_FIRST	导数定义与可导性	candidate	将差商化为导数定义	candidate	配套习题/张宇1000题/02_强化篇/第03章_一元函数微分学的概念.md	180
ZY1000-QH-GS03-T11	L1_FIRST	一元函数求导	candidate	求导法则与复合链式法则	candidate	配套习题/张宇1000题/02_强化篇/第03章_一元函数微分学的概念.md	200
ZY1000-QH-GS03-T12	L1_FIRST	导数定义与可导性	candidate	将差商化为导数定义	candidate	配套习题/张宇1000题/02_强化篇/第03章_一元函数微分学的概念.md	221
ZY1000-QH-GS03-T13	L1_FIRST	导数定义与可导性	candidate	将差商化为导数定义	candidate	配套习题/张宇1000题/02_强化篇/第03章_一元函数微分学的概念.md	243
ZY1000-QH-GS03-T14	L1_FIRST		needs_review		needs_review	配套习题/张宇1000题/02_强化篇/第03章_一元函数微分学的概念.md	256
ZY1000-QH-GS03-T15	L1_FIRST	曲线切线与法线	candidate	用导数确定切线方向	candidate	配套习题/张宇1000题/02_强化篇/第03章_一元函数微分学的概念.md	276
ZY1000-QH-GS03-T16	L1_FIRST	导数定义与可导性	candidate	将差商化为导数定义	candidate	配套习题/张宇1000题/02_强化篇/第03章_一元函数微分学的概念.md	294
ZY1000-QH-GS03-T17	L1_FIRST	导数定义与可导性	candidate	将差商化为导数定义	candidate	配套习题/张宇1000题/02_强化篇/第03章_一元函数微分学的概念.md	315
ZY1000-QH-GS03-T18	L1_FIRST	一元函数求导	candidate	求导法则与复合链式法则	candidate	配套习题/张宇1000题/02_强化篇/第03章_一元函数微分学的概念.md	336
ZY1000-QH-GS03-T19	L1_FIRST		needs_review		needs_review	配套习题/张宇1000题/02_强化篇/第03章_一元函数微分学的概念.md	351
ZY1000-QH-GS03-T20	L1_FIRST	导数定义与可导性	candidate	将差商化为导数定义	candidate	配套习题/张宇1000题/02_强化篇/第03章_一元函数微分学的概念.md	370
ZY1000-QH-GS03-T21	L1_FIRST	一元函数求导	candidate	求导法则与复合链式法则	candidate	配套习题/张宇1000题/02_强化篇/第03章_一元函数微分学的概念.md	388
ZY1000-QH-GS03-T22	L1_FIRST	一元函数最值	candidate	导数符号与边界比较	candidate	配套习题/张宇1000题/02_强化篇/第03章_一元函数微分学的概念.md	406
ZY1000-QH-GS04-T01	L1_FIRST	一元函数求导	candidate	求导法则与复合链式法则	candidate	配套习题/张宇1000题/02_强化篇/第04章_一元函数微分学的计算.md	7
ZY1000-QH-GS04-T02	L1_FIRST	一元函数求导	candidate	求导法则与复合链式法则	candidate	配套习题/张宇1000题/02_强化篇/第04章_一元函数微分学的计算.md	20
ZY1000-QH-GS04-T03	L1_FIRST		needs_review		needs_review	配套习题/张宇1000题/02_强化篇/第04章_一元函数微分学的计算.md	35
ZY1000-QH-GS04-T04	L1_FIRST	一元函数求导	candidate	求导法则与复合链式法则	candidate	配套习题/张宇1000题/02_强化篇/第04章_一元函数微分学的计算.md	56
ZY1000-QH-GS04-T05	L1_FIRST	反函数及定义域	candidate	限制单调区间后反解自变量	candidate	配套习题/张宇1000题/02_强化篇/第04章_一元函数微分学的计算.md	69
ZY1000-QH-GS04-T06	L1_FIRST	一元函数求导	candidate	求导法则与复合链式法则	candidate	配套习题/张宇1000题/02_强化篇/第04章_一元函数微分学的计算.md	82
ZY1000-QH-GS04-T07	L1_FIRST	一元函数求导	candidate	求导法则与复合链式法则	candidate	配套习题/张宇1000题/02_强化篇/第04章_一元函数微分学的计算.md	100
ZY1000-QH-GS04-T08	L1_FIRST	一元函数求导	candidate	求导法则与复合链式法则	candidate	配套习题/张宇1000题/02_强化篇/第04章_一元函数微分学的计算.md	113
ZY1000-QH-GS04-T09	L1_FIRST		needs_review		needs_review	配套习题/张宇1000题/02_强化篇/第04章_一元函数微分学的计算.md	129
ZY1000-QH-GS04-T10	L1_FIRST		needs_review		needs_review	配套习题/张宇1000题/02_强化篇/第04章_一元函数微分学的计算.md	140
ZY1000-QH-GS04-T11	L1_FIRST	一元函数求导	candidate	求导法则与复合链式法则	candidate	配套习题/张宇1000题/02_强化篇/第04章_一元函数微分学的计算.md	157
ZY1000-QH-GS04-T12	L1_FIRST	一元函数求导	candidate	求导法则与复合链式法则	candidate	配套习题/张宇1000题/02_强化篇/第04章_一元函数微分学的计算.md	175
ZY1000-QH-GS04-T13	L1_FIRST		needs_review		needs_review	配套习题/张宇1000题/02_强化篇/第04章_一元函数微分学的计算.md	186
ZY1000-QH-GS04-T14	L1_FIRST		needs_review		needs_review	配套习题/张宇1000题/02_强化篇/第04章_一元函数微分学的计算.md	197
ZY1000-QH-GS04-T15	L1_FIRST		needs_review		needs_review	配套习题/张宇1000题/02_强化篇/第04章_一元函数微分学的计算.md	212
ZY1000-QH-GS04-T16	L1_FIRST	一元函数最值	candidate	导数符号与边界比较	candidate	配套习题/张宇1000题/02_强化篇/第04章_一元函数微分学的计算.md	225
ZY1000-QH-GS05-T01	L1_FIRST		needs_review		needs_review	配套习题/张宇1000题/02_强化篇/第05章_一元函数微分学的几何应用.md	7
ZY1000-QH-GS05-T02	L1_FIRST	曲线切线与法线	candidate	用导数确定切线方向	candidate	配套习题/张宇1000题/02_强化篇/第05章_一元函数微分学的几何应用.md	20
ZY1000-QH-GS05-T03	L1_FIRST	一元函数最值	candidate	导数符号与边界比较	candidate	配套习题/张宇1000题/02_强化篇/第05章_一元函数微分学的几何应用.md	39
ZY1000-QH-GS05-T04	L1_FIRST	凹凸性与拐点	candidate	考查二阶导数及其变号	candidate	配套习题/张宇1000题/02_强化篇/第05章_一元函数微分学的几何应用.md	52
ZY1000-QH-GS05-T05	L1_FIRST		needs_review		needs_review	配套习题/张宇1000题/02_强化篇/第05章_一元函数微分学的几何应用.md	67
ZY1000-QH-GS05-T06	L1_FIRST		needs_review		needs_review	配套习题/张宇1000题/02_强化篇/第05章_一元函数微分学的几何应用.md	77
ZY1000-QH-GS05-T07	L1_FIRST	凹凸性与拐点	candidate	考查二阶导数及其变号	candidate	配套习题/张宇1000题/02_强化篇/第05章_一元函数微分学的几何应用.md	87
ZY1000-QH-GS05-T08	L1_FIRST	一元函数最值	candidate	导数符号与边界比较	candidate	配套习题/张宇1000题/02_强化篇/第05章_一元函数微分学的几何应用.md	134
ZY1000-QH-GS05-T09	L1_FIRST		needs_review		needs_review	配套习题/张宇1000题/02_强化篇/第05章_一元函数微分学的几何应用.md	149
ZY1000-QH-GS05-T10	L1_FIRST	曲线渐近线	candidate	以差值极限识别渐近行为	candidate	配套习题/张宇1000题/02_强化篇/第05章_一元函数微分学的几何应用.md	164
ZY1000-QH-GS05-T11	L1_FIRST	函数单调性与变换	candidate	依据定义比较自变量和函数值次序	candidate	配套习题/张宇1000题/02_强化篇/第05章_一元函数微分学的几何应用.md	178
ZY1000-QH-GS05-T12	L1_FIRST		needs_review		needs_review	配套习题/张宇1000题/02_强化篇/第05章_一元函数微分学的几何应用.md	191
ZY1000-QH-GS05-T13	L1_FIRST		needs_review		needs_review	配套习题/张宇1000题/02_强化篇/第05章_一元函数微分学的几何应用.md	206
ZY1000-QH-GS05-T14	L1_FIRST	函数单调性与变换	candidate	依据定义比较自变量和函数值次序	candidate	配套习题/张宇1000题/02_强化篇/第05章_一元函数微分学的几何应用.md	222
ZY1000-QH-GS05-T15	L1_FIRST	曲线渐近线	candidate	以差值极限识别渐近行为	candidate	配套习题/张宇1000题/02_强化篇/第05章_一元函数微分学的几何应用.md	244
ZY1000-QH-GS05-T16	L1_FIRST	曲线渐近线	candidate	以差值极限识别渐近行为	candidate	配套习题/张宇1000题/02_强化篇/第05章_一元函数微分学的几何应用.md	260
ZY1000-QH-GS05-T17	L1_FIRST	曲线渐近线	candidate	以差值极限识别渐近行为	candidate	配套习题/张宇1000题/02_强化篇/第05章_一元函数微分学的几何应用.md	276
ZY1000-QH-GS05-T18	L1_FIRST	曲线渐近线	candidate	以差值极限识别渐近行为	candidate	配套习题/张宇1000题/02_强化篇/第05章_一元函数微分学的几何应用.md	293
ZY1000-QH-GS05-T19	L1_FIRST	曲线渐近线	candidate	以差值极限识别渐近行为	candidate	配套习题/张宇1000题/02_强化篇/第05章_一元函数微分学的几何应用.md	307
ZY1000-QH-GS05-T20	L1_FIRST		needs_review		needs_review	配套习题/张宇1000题/02_强化篇/第05章_一元函数微分学的几何应用.md	324
ZY1000-QH-GS05-T21	L1_FIRST	凹凸性与拐点	candidate	考查二阶导数及其变号	candidate	配套习题/张宇1000题/02_强化篇/第05章_一元函数微分学的几何应用.md	346
ZY1000-QH-GS05-T22	L1_FIRST	一元函数最值	candidate	导数符号与边界比较	candidate	配套习题/张宇1000题/02_强化篇/第05章_一元函数微分学的几何应用.md	364
ZY1000-QH-GS05-T23	L1_FIRST	定积分表示平面区域面积	candidate	分区建立面积微元	candidate	配套习题/张宇1000题/02_强化篇/第05章_一元函数微分学的几何应用.md	382
ZY1000-QH-GS05-T24	L1_FIRST	曲线切线与法线	candidate	用导数确定切线方向	candidate	配套习题/张宇1000题/02_强化篇/第05章_一元函数微分学的几何应用.md	400
ZY1000-QH-GS05-T25	L1_FIRST	曲线切线与法线	candidate	用导数确定切线方向	candidate	配套习题/张宇1000题/02_强化篇/第05章_一元函数微分学的几何应用.md	414
ZY1000-QH-GS05-T26	L1_FIRST	一元函数最值	candidate	导数符号与边界比较	candidate	配套习题/张宇1000题/02_强化篇/第05章_一元函数微分学的几何应用.md	429
ZY1000-QH-GS05-T27	L1_FIRST	一元函数最值	candidate	导数符号与边界比较	candidate	配套习题/张宇1000题/02_强化篇/第05章_一元函数微分学的几何应用.md	444
ZY1000-QH-GS05-T28	L1_FIRST	曲线渐近线	candidate	以差值极限识别渐近行为	candidate	配套习题/张宇1000题/02_强化篇/第05章_一元函数微分学的几何应用.md	457
ZY1000-QH-GS05-T29	L1_FIRST	曲线渐近线	candidate	以差值极限识别渐近行为	candidate	配套习题/张宇1000题/02_强化篇/第05章_一元函数微分学的几何应用.md	470
ZY1000-QH-GS05-T30	L1_FIRST	曲线渐近线	candidate	以差值极限识别渐近行为	candidate	配套习题/张宇1000题/02_强化篇/第05章_一元函数微分学的几何应用.md	490
ZY1000-QH-GS05-T31	L1_FIRST		needs_review		needs_review	配套习题/张宇1000题/02_强化篇/第05章_一元函数微分学的几何应用.md	502
ZY1000-QH-GS05-T32	L1_FIRST		needs_review		needs_review	配套习题/张宇1000题/02_强化篇/第05章_一元函数微分学的几何应用.md	521
ZY1000-QH-GS05-T33	L1_FIRST	曲线切线与法线	candidate	用导数确定切线方向	candidate	配套习题/张宇1000题/02_强化篇/第05章_一元函数微分学的几何应用.md	533
ZY1000-QH-GS06-T01	L1_FIRST	函数有界性的判定	candidate	不等式估计或边界行为分析	candidate	配套习题/张宇1000题/02_强化篇/第06章_一元函数微分学的中值定理与微分等式不等式.md	7
ZY1000-QH-GS06-T02	L1_FIRST	函数极限的计算与存在性	candidate	辨认极限类型并核对运算法则	candidate	配套习题/张宇1000题/02_强化篇/第06章_一元函数微分学的中值定理与微分等式不等式.md	39
ZY1000-QH-GS06-T03	L1_FIRST	微分中值定理的应用	candidate	构造辅助函数并核对定理条件	candidate	配套习题/张宇1000题/02_强化篇/第06章_一元函数微分学的中值定理与微分等式不等式.md	67
ZY1000-QH-GS06-T04	L1_FIRST	微分中值定理的应用	candidate	构造辅助函数并核对定理条件	candidate	配套习题/张宇1000题/02_强化篇/第06章_一元函数微分学的中值定理与微分等式不等式.md	79
ZY1000-QH-GS06-T05	L1_FIRST	一元函数最值	candidate	导数符号与边界比较	candidate	配套习题/张宇1000题/02_强化篇/第06章_一元函数微分学的中值定理与微分等式不等式.md	100
ZY1000-QH-GS06-T06	L1_FIRST	微分中值定理的应用	candidate	构造辅助函数并核对定理条件	candidate	配套习题/张宇1000题/02_强化篇/第06章_一元函数微分学的中值定理与微分等式不等式.md	112
ZY1000-QH-GS06-T07	L1_FIRST	微分中值定理的应用	candidate	构造辅助函数并核对定理条件	candidate	配套习题/张宇1000题/02_强化篇/第06章_一元函数微分学的中值定理与微分等式不等式.md	125
ZY1000-QH-GS06-T08	L1_FIRST		needs_review		needs_review	配套习题/张宇1000题/02_强化篇/第06章_一元函数微分学的中值定理与微分等式不等式.md	149
ZY1000-QH-GS06-T09	L1_FIRST		needs_review		needs_review	配套习题/张宇1000题/02_强化篇/第06章_一元函数微分学的中值定理与微分等式不等式.md	176
ZY1000-QH-GS06-T10	L1_FIRST	微分中值定理的应用	candidate	构造辅助函数并核对定理条件	candidate	配套习题/张宇1000题/02_强化篇/第06章_一元函数微分学的中值定理与微分等式不等式.md	188
ZY1000-QH-GS06-T11	L1_FIRST	微分中值定理的应用	candidate	构造辅助函数并核对定理条件	candidate	配套习题/张宇1000题/02_强化篇/第06章_一元函数微分学的中值定理与微分等式不等式.md	209
ZY1000-QH-GS06-T12	L1_FIRST	微分中值定理的应用	candidate	构造辅助函数并核对定理条件	candidate	配套习题/张宇1000题/02_强化篇/第06章_一元函数微分学的中值定理与微分等式不等式.md	224
ZY1000-QH-GS06-T13	L1_FIRST		needs_review		needs_review	配套习题/张宇1000题/02_强化篇/第06章_一元函数微分学的中值定理与微分等式不等式.md	236
ZY1000-QH-GS06-T14	L1_FIRST	微分中值定理的应用	candidate	构造辅助函数并核对定理条件	candidate	配套习题/张宇1000题/02_强化篇/第06章_一元函数微分学的中值定理与微分等式不等式.md	269
ZY1000-QH-GS06-T15	L1_FIRST	微分中值定理的应用	candidate	构造辅助函数并核对定理条件	candidate	配套习题/张宇1000题/02_强化篇/第06章_一元函数微分学的中值定理与微分等式不等式.md	290
ZY1000-QH-GS06-T16	L1_FIRST		needs_review		needs_review	配套习题/张宇1000题/02_强化篇/第06章_一元函数微分学的中值定理与微分等式不等式.md	306
ZY1000-QH-GS06-T17	L1_FIRST		needs_review		needs_review	配套习题/张宇1000题/02_强化篇/第06章_一元函数微分学的中值定理与微分等式不等式.md	316
ZY1000-QH-GS06-T18	L1_FIRST		needs_review		needs_review	配套习题/张宇1000题/02_强化篇/第06章_一元函数微分学的中值定理与微分等式不等式.md	336
ZY1000-QH-GS06-T19	L1_FIRST	微分中值定理的应用	candidate	构造辅助函数并核对定理条件	candidate	配套习题/张宇1000题/02_强化篇/第06章_一元函数微分学的中值定理与微分等式不等式.md	348
ZY1000-QH-GS06-T20	L1_FIRST	微分中值定理的应用	candidate	构造辅助函数并核对定理条件	candidate	配套习题/张宇1000题/02_强化篇/第06章_一元函数微分学的中值定理与微分等式不等式.md	360
ZY1000-QH-GS06-T21	L1_FIRST	微分中值定理的应用	candidate	构造辅助函数并核对定理条件	candidate	配套习题/张宇1000题/02_强化篇/第06章_一元函数微分学的中值定理与微分等式不等式.md	378
ZY1000-QH-GS07-T01	L1_FIRST	相关变化率	candidate	对几何关系关于时间求导	candidate	配套习题/张宇1000题/02_强化篇/第07章_一元函数微分学的物理应用.md	7
ZY1000-QH-GS07-T02	L1_FIRST	旋转体体积	candidate	截面或壳层积分	candidate	配套习题/张宇1000题/02_强化篇/第07章_一元函数微分学的物理应用.md	19
ZY1000-QH-GS07-T03	L1_FIRST	相关变化率	candidate	对几何关系关于时间求导	candidate	配套习题/张宇1000题/02_强化篇/第07章_一元函数微分学的物理应用.md	30
ZY1000-QH-GS08-T01	L1_FIRST		needs_review		needs_review	配套习题/张宇1000题/02_强化篇/第08章_一元函数积分学的概念与性质.md	7
ZY1000-QH-GS08-T02	L1_FIRST	分段函数连续性与参数条件	candidate	匹配单侧极限和函数值	candidate	配套习题/张宇1000题/02_强化篇/第08章_一元函数积分学的概念与性质.md	22
ZY1000-QH-GS08-T03	L1_FIRST		needs_review		needs_review	配套习题/张宇1000题/02_强化篇/第08章_一元函数积分学的概念与性质.md	65
ZY1000-QH-GS08-T04	L1_FIRST	不定积分与原函数	candidate	辨认原函数或作积分变换	candidate	配套习题/张宇1000题/02_强化篇/第08章_一元函数积分学的概念与性质.md	94
ZY1000-QH-GS08-T05	L1_FIRST	不定积分与原函数	candidate	辨认原函数或作积分变换	candidate	配套习题/张宇1000题/02_强化篇/第08章_一元函数积分学的概念与性质.md	112
ZY1000-QH-GS08-T06	L1_FIRST	不定积分与原函数	candidate	辨认原函数或作积分变换	candidate	配套习题/张宇1000题/02_强化篇/第08章_一元函数积分学的概念与性质.md	129
ZY1000-QH-GS08-T07	L1_FIRST	不定积分与原函数	candidate	辨认原函数或作积分变换	candidate	配套习题/张宇1000题/02_强化篇/第08章_一元函数积分学的概念与性质.md	152
ZY1000-QH-GS08-T08	L1_FIRST	函数关系式求解析式	candidate	换元并联立函数关系	candidate	配套习题/张宇1000题/02_强化篇/第08章_一元函数积分学的概念与性质.md	173
ZY1000-QH-GS08-T09	L1_FIRST	取整函数的性质与极限	candidate	取整界估计与区间分解	candidate	配套习题/张宇1000题/02_强化篇/第08章_一元函数积分学的概念与性质.md	188
ZY1000-QH-GS08-T10	L1_FIRST	不定积分与原函数	candidate	辨认原函数或作积分变换	candidate	配套习题/张宇1000题/02_强化篇/第08章_一元函数积分学的概念与性质.md	206
ZY1000-QH-GS08-T11	L1_FIRST	一元函数最值	candidate	导数符号与边界比较	candidate	配套习题/张宇1000题/02_强化篇/第08章_一元函数积分学的概念与性质.md	223
ZY1000-QH-GS08-T12	L1_FIRST	反常积分敛散性与计算	candidate	化为端点极限并检查收敛	candidate	配套习题/张宇1000题/02_强化篇/第08章_一元函数积分学的概念与性质.md	243
ZY1000-QH-GS08-T13	L1_FIRST	函数有界性的判定	candidate	不等式估计或边界行为分析	candidate	配套习题/张宇1000题/02_强化篇/第08章_一元函数积分学的概念与性质.md	262
ZY1000-QH-GS08-T14	L1_FIRST	反常积分敛散性与计算	candidate	化为端点极限并检查收敛	candidate	配套习题/张宇1000题/02_强化篇/第08章_一元函数积分学的概念与性质.md	307
ZY1000-QH-GS08-T15	L1_FIRST	反常积分敛散性与计算	candidate	化为端点极限并检查收敛	candidate	配套习题/张宇1000题/02_强化篇/第08章_一元函数积分学的概念与性质.md	321
ZY1000-QH-GS08-T16	L1_FIRST	反常积分敛散性与计算	candidate	化为端点极限并检查收敛	candidate	配套习题/张宇1000题/02_强化篇/第08章_一元函数积分学的概念与性质.md	337
ZY1000-QH-GS08-T17	L1_FIRST	函数关系式求解析式	candidate	换元并联立函数关系	candidate	配套习题/张宇1000题/02_强化篇/第08章_一元函数积分学的概念与性质.md	354
ZY1000-QH-GS08-T18	L1_FIRST	凹凸性与拐点	candidate	考查二阶导数及其变号	candidate	配套习题/张宇1000题/02_强化篇/第08章_一元函数积分学的概念与性质.md	371
ZY1000-QH-GS08-T19	L1_FIRST		needs_review		needs_review	配套习题/张宇1000题/02_强化篇/第08章_一元函数积分学的概念与性质.md	386
ZY1000-QH-GS09-T01	L1_FIRST	不定积分与原函数	candidate	辨认原函数或作积分变换	candidate	配套习题/张宇1000题/02_强化篇/第09章_一元函数积分学的计算.md	7
ZY1000-QH-GS09-T02	L1_FIRST	不定积分与原函数	candidate	辨认原函数或作积分变换	candidate	配套习题/张宇1000题/02_强化篇/第09章_一元函数积分学的计算.md	20
ZY1000-QH-GS09-T03	L1_FIRST	不定积分与原函数	candidate	辨认原函数或作积分变换	candidate	配套习题/张宇1000题/02_强化篇/第09章_一元函数积分学的计算.md	33
ZY1000-QH-GS09-T04	L1_FIRST	不定积分与原函数	candidate	辨认原函数或作积分变换	candidate	配套习题/张宇1000题/02_强化篇/第09章_一元函数积分学的计算.md	47
ZY1000-QH-GS09-T05	L1_FIRST	不定积分与原函数	candidate	辨认原函数或作积分变换	candidate	配套习题/张宇1000题/02_强化篇/第09章_一元函数积分学的计算.md	58
ZY1000-QH-GS09-T06	L1_FIRST	函数奇偶性的判定	candidate	比较相反自变量处的函数值	candidate	配套习题/张宇1000题/02_强化篇/第09章_一元函数积分学的计算.md	70
ZY1000-QH-GS09-T07	L1_FIRST	不定积分与原函数	candidate	辨认原函数或作积分变换	candidate	配套习题/张宇1000题/02_强化篇/第09章_一元函数积分学的计算.md	89
ZY1000-QH-GS09-T08	L1_FIRST	不定积分与原函数	candidate	辨认原函数或作积分变换	candidate	配套习题/张宇1000题/02_强化篇/第09章_一元函数积分学的计算.md	108
ZY1000-QH-GS09-T09	L1_FIRST	函数周期性及平移关系	candidate	迭代平移关系	candidate	配套习题/张宇1000题/02_强化篇/第09章_一元函数积分学的计算.md	123
ZY1000-QH-GS09-T10	L1_FIRST	不定积分与原函数	candidate	辨认原函数或作积分变换	candidate	配套习题/张宇1000题/02_强化篇/第09章_一元函数积分学的计算.md	150
ZY1000-QH-GS09-T11	L1_FIRST	不定积分与原函数	candidate	辨认原函数或作积分变换	candidate	配套习题/张宇1000题/02_强化篇/第09章_一元函数积分学的计算.md	165
ZY1000-QH-GS09-T12	L1_FIRST	不定积分与原函数	candidate	辨认原函数或作积分变换	candidate	配套习题/张宇1000题/02_强化篇/第09章_一元函数积分学的计算.md	179
ZY1000-QH-GS09-T13	L1_FIRST	不定积分与原函数	candidate	辨认原函数或作积分变换	candidate	配套习题/张宇1000题/02_强化篇/第09章_一元函数积分学的计算.md	193
ZY1000-QH-GS09-T14	L1_FIRST		needs_review		needs_review	配套习题/张宇1000题/02_强化篇/第09章_一元函数积分学的计算.md	206
ZY1000-QH-GS09-T15	L1_FIRST	不定积分与原函数	candidate	辨认原函数或作积分变换	candidate	配套习题/张宇1000题/02_强化篇/第09章_一元函数积分学的计算.md	221
ZY1000-QH-GS09-T16	L1_FIRST	不定积分与原函数	candidate	辨认原函数或作积分变换	candidate	配套习题/张宇1000题/02_强化篇/第09章_一元函数积分学的计算.md	234
ZY1000-QH-GS09-T17	L1_FIRST	不定积分与原函数	candidate	辨认原函数或作积分变换	candidate	配套习题/张宇1000题/02_强化篇/第09章_一元函数积分学的计算.md	249
ZY1000-QH-GS09-T18	L1_FIRST	不定积分与原函数	candidate	辨认原函数或作积分变换	candidate	配套习题/张宇1000题/02_强化篇/第09章_一元函数积分学的计算.md	261
ZY1000-QH-GS09-T19	L1_FIRST	不定积分与原函数	candidate	辨认原函数或作积分变换	candidate	配套习题/张宇1000题/02_强化篇/第09章_一元函数积分学的计算.md	273
ZY1000-QH-GS09-T20	L1_FIRST	一元函数最值	candidate	导数符号与边界比较	candidate	配套习题/张宇1000题/02_强化篇/第09章_一元函数积分学的计算.md	294
ZY1000-QH-GS09-T21	L1_FIRST	一元函数最值	candidate	导数符号与边界比较	candidate	配套习题/张宇1000题/02_强化篇/第09章_一元函数积分学的计算.md	307
ZY1000-QH-GS09-T22	L1_FIRST	不定积分与原函数	candidate	辨认原函数或作积分变换	candidate	配套习题/张宇1000题/02_强化篇/第09章_一元函数积分学的计算.md	322
ZY1000-QH-GS09-T23	L1_FIRST	反函数及定义域	candidate	限制单调区间后反解自变量	candidate	配套习题/张宇1000题/02_强化篇/第09章_一元函数积分学的计算.md	337
ZY1000-QH-GS09-T24	L1_FIRST	高阶无穷小与局部展开	candidate	局部展开并比较首个非零项	candidate	配套习题/张宇1000题/02_强化篇/第09章_一元函数积分学的计算.md	350
ZY1000-QH-GS09-T25	L1_FIRST	不定积分与原函数	candidate	辨认原函数或作积分变换	candidate	配套习题/张宇1000题/02_强化篇/第09章_一元函数积分学的计算.md	365
ZY1000-QH-GS09-T26	L1_FIRST	不定积分与原函数	candidate	辨认原函数或作积分变换	candidate	配套习题/张宇1000题/02_强化篇/第09章_一元函数积分学的计算.md	377
ZY1000-QH-GS09-T27	L1_FIRST	函数关系式求解析式	candidate	换元并联立函数关系	candidate	配套习题/张宇1000题/02_强化篇/第09章_一元函数积分学的计算.md	392
ZY1000-QH-GS09-T28	L1_FIRST	不定积分与原函数	candidate	辨认原函数或作积分变换	candidate	配套习题/张宇1000题/02_强化篇/第09章_一元函数积分学的计算.md	408
ZY1000-QH-GS10-T01	L1_FIRST	定积分表示平面区域面积	candidate	分区建立面积微元	candidate	配套习题/张宇1000题/02_强化篇/第10章_一元函数积分学的几何应用.md	7
ZY1000-QH-GS10-T02	L1_FIRST	定积分表示平面区域面积	candidate	分区建立面积微元	candidate	配套习题/张宇1000题/02_强化篇/第10章_一元函数积分学的几何应用.md	18
ZY1000-QH-GS10-T03	L1_FIRST	定积分表示平面区域面积	candidate	分区建立面积微元	candidate	配套习题/张宇1000题/02_强化篇/第10章_一元函数积分学的几何应用.md	34
ZY1000-QH-GS10-T04	L1_FIRST	旋转体体积	candidate	截面或壳层积分	candidate	配套习题/张宇1000题/02_强化篇/第10章_一元函数积分学的几何应用.md	45
ZY1000-QH-GS10-T05	L1_FIRST	旋转体体积	candidate	截面或壳层积分	candidate	配套习题/张宇1000题/02_强化篇/第10章_一元函数积分学的几何应用.md	64
ZY1000-QH-GS10-T06	L1_FIRST	旋转体体积	candidate	截面或壳层积分	candidate	配套习题/张宇1000题/02_强化篇/第10章_一元函数积分学的几何应用.md	74
ZY1000-QH-GS10-T07	L1_FIRST	旋转体体积	candidate	截面或壳层积分	candidate	配套习题/张宇1000题/02_强化篇/第10章_一元函数积分学的几何应用.md	87
ZY1000-QH-GS10-T08	L1_FIRST	旋转体体积	candidate	截面或壳层积分	candidate	配套习题/张宇1000题/02_强化篇/第10章_一元函数积分学的几何应用.md	99
ZY1000-QH-GS10-T09	L1_FIRST	旋转体体积	candidate	截面或壳层积分	candidate	配套习题/张宇1000题/02_强化篇/第10章_一元函数积分学的几何应用.md	113
ZY1000-QH-GS10-T10	L1_FIRST	定积分表示平面区域面积	candidate	分区建立面积微元	candidate	配套习题/张宇1000题/02_强化篇/第10章_一元函数积分学的几何应用.md	126
ZY1000-QH-GS10-T11	L1_FIRST	旋转体体积	candidate	截面或壳层积分	candidate	配套习题/张宇1000题/02_强化篇/第10章_一元函数积分学的几何应用.md	139
ZY1000-QH-GS10-T12	L1_FIRST		needs_review		needs_review	配套习题/张宇1000题/02_强化篇/第10章_一元函数积分学的几何应用.md	155
ZY1000-QH-GS10-T13	L1_FIRST	不定积分与原函数	candidate	辨认原函数或作积分变换	candidate	配套习题/张宇1000题/02_强化篇/第10章_一元函数积分学的几何应用.md	170
ZY1000-QH-GS10-T14	L1_FIRST	不定积分与原函数	candidate	辨认原函数或作积分变换	candidate	配套习题/张宇1000题/02_强化篇/第10章_一元函数积分学的几何应用.md	185
ZY1000-QH-GS10-T15	L1_FIRST		needs_review		needs_review	配套习题/张宇1000题/02_强化篇/第10章_一元函数积分学的几何应用.md	201
ZY1000-QH-GS10-T16	L1_FIRST		needs_review		needs_review	配套习题/张宇1000题/02_强化篇/第10章_一元函数积分学的几何应用.md	216
ZY1000-QH-GS10-T17	L1_FIRST	不定积分与原函数	candidate	辨认原函数或作积分变换	candidate	配套习题/张宇1000题/02_强化篇/第10章_一元函数积分学的几何应用.md	232
ZY1000-QH-GS10-T18	L1_FIRST	定积分表示平面区域面积	candidate	分区建立面积微元	candidate	配套习题/张宇1000题/02_强化篇/第10章_一元函数积分学的几何应用.md	252
ZY1000-QH-GS10-T19	L1_FIRST	旋转体体积	candidate	截面或壳层积分	candidate	配套习题/张宇1000题/02_强化篇/第10章_一元函数积分学的几何应用.md	267
ZY1000-QH-GS10-T20	L1_FIRST	旋转体体积	candidate	截面或壳层积分	candidate	配套习题/张宇1000题/02_强化篇/第10章_一元函数积分学的几何应用.md	285
ZY1000-QH-GS10-T21	L1_FIRST	一元函数最值	candidate	导数符号与边界比较	candidate	配套习题/张宇1000题/02_强化篇/第10章_一元函数积分学的几何应用.md	297
ZY1000-QH-GS10-T22	L1_FIRST	函数关系式求解析式	candidate	换元并联立函数关系	candidate	配套习题/张宇1000题/02_强化篇/第10章_一元函数积分学的几何应用.md	317
ZY1000-QH-GS10-T23	L1_FIRST	曲线弧长	candidate	弧长微元积分	candidate	配套习题/张宇1000题/02_强化篇/第10章_一元函数积分学的几何应用.md	339
ZY1000-QH-GS10-T24	L1_FIRST	积分表示质心与形心	candidate	质量矩除以总质量	candidate	配套习题/张宇1000题/02_强化篇/第10章_一元函数积分学的几何应用.md	354
ZY1000-QH-GS10-T25	L1_FIRST	旋转体体积	candidate	截面或壳层积分	candidate	配套习题/张宇1000题/02_强化篇/第10章_一元函数积分学的几何应用.md	366
ZY1000-QH-GS10-T26	L1_FIRST	曲线弧长	candidate	弧长微元积分	candidate	配套习题/张宇1000题/02_强化篇/第10章_一元函数积分学的几何应用.md	383
ZY1000-QH-GS11-T01	L1_FIRST		needs_review		needs_review	配套习题/张宇1000题/02_强化篇/第11章_一元函数积分学的积分等式与积分不等式.md	7
ZY1000-QH-GS11-T02	L1_FIRST	积分不等式与积分中值定理	candidate	积分性质或辅助函数估计	candidate	配套习题/张宇1000题/02_强化篇/第11章_一元函数积分学的积分等式与积分不等式.md	41
ZY1000-QH-GS11-T03	L1_FIRST		needs_review		needs_review	配套习题/张宇1000题/02_强化篇/第11章_一元函数积分学的积分等式与积分不等式.md	59
ZY1000-QH-GS11-T04	L1_FIRST	积分不等式与积分中值定理	candidate	积分性质或辅助函数估计	candidate	配套习题/张宇1000题/02_强化篇/第11章_一元函数积分学的积分等式与积分不等式.md	97
ZY1000-QH-GS11-T05	L1_FIRST	积分不等式与积分中值定理	candidate	积分性质或辅助函数估计	candidate	配套习题/张宇1000题/02_强化篇/第11章_一元函数积分学的积分等式与积分不等式.md	112
ZY1000-QH-GS11-T06	L1_FIRST	积分不等式与积分中值定理	candidate	积分性质或辅助函数估计	candidate	配套习题/张宇1000题/02_强化篇/第11章_一元函数积分学的积分等式与积分不等式.md	147
ZY1000-QH-GS11-T07	L1_FIRST	函数单调性与变换	candidate	依据定义比较自变量和函数值次序	candidate	配套习题/张宇1000题/02_强化篇/第11章_一元函数积分学的积分等式与积分不等式.md	165
ZY1000-QH-GS11-T08	L1_FIRST	不定积分与原函数	candidate	辨认原函数或作积分变换	candidate	配套习题/张宇1000题/02_强化篇/第11章_一元函数积分学的积分等式与积分不等式.md	208
ZY1000-QH-GS11-T09	L1_FIRST	积分不等式与积分中值定理	candidate	积分性质或辅助函数估计	candidate	配套习题/张宇1000题/02_强化篇/第11章_一元函数积分学的积分等式与积分不等式.md	233
ZY1000-QH-GS12-T01	L1_FIRST	物理量的积分建模	candidate	微元法建立累积量	candidate	配套习题/张宇1000题/02_强化篇/第12章_一元函数积分学的物理应用.md	7
ZY1000-QH-GS12-T02	L1_FIRST	相关变化率	candidate	对几何关系关于时间求导	candidate	配套习题/张宇1000题/02_强化篇/第12章_一元函数积分学的物理应用.md	27
ZY1000-QH-GS12-T03	L1_FIRST	物理量的积分建模	candidate	微元法建立累积量	candidate	配套习题/张宇1000题/02_强化篇/第12章_一元函数积分学的物理应用.md	40
ZY1000-QH-GS12-T04	L1_FIRST	积分表示质心与形心	candidate	质量矩除以总质量	candidate	配套习题/张宇1000题/02_强化篇/第12章_一元函数积分学的物理应用.md	51
ZY1000-QH-GS12-T05	L1_FIRST	积分表示质心与形心	candidate	质量矩除以总质量	candidate	配套习题/张宇1000题/02_强化篇/第12章_一元函数积分学的物理应用.md	78
ZY1000-QH-GS13-T01	L1_FIRST		needs_review		needs_review	配套习题/张宇1000题/02_强化篇/第13章_多元函数微分学.md	7
ZY1000-QH-GS13-T02	L1_FIRST	偏导数与全微分	candidate	逐变量求导并组合微分	candidate	配套习题/张宇1000题/02_强化篇/第13章_多元函数微分学.md	20
ZY1000-QH-GS13-T03	L1_FIRST	多元函数极值	candidate	驻点与二阶判别	candidate	配套习题/张宇1000题/02_强化篇/第13章_多元函数微分学.md	42
ZY1000-QH-GS13-T04	L1_FIRST	多元函数极限与连续可微性	candidate	路径检验与定义估计	candidate	配套习题/张宇1000题/02_强化篇/第13章_多元函数微分学.md	63
ZY1000-QH-GS13-T05	L1_FIRST	偏导数与全微分	candidate	逐变量求导并组合微分	candidate	配套习题/张宇1000题/02_强化篇/第13章_多元函数微分学.md	82
ZY1000-QH-GS13-T06	L1_FIRST	偏导数与全微分	candidate	逐变量求导并组合微分	candidate	配套习题/张宇1000题/02_强化篇/第13章_多元函数微分学.md	94
ZY1000-QH-GS13-T07	L1_FIRST	函数极限的计算与存在性	candidate	辨认极限类型并核对运算法则	candidate	配套习题/张宇1000题/02_强化篇/第13章_多元函数微分学.md	113
ZY1000-QH-GS13-T08	L1_FIRST	偏导数与全微分	candidate	逐变量求导并组合微分	candidate	配套习题/张宇1000题/02_强化篇/第13章_多元函数微分学.md	130
ZY1000-QH-GS13-T09	L1_FIRST		needs_review		needs_review	配套习题/张宇1000题/02_强化篇/第13章_多元函数微分学.md	142
ZY1000-QH-GS13-T10	L1_FIRST	偏导数与全微分	candidate	逐变量求导并组合微分	candidate	配套习题/张宇1000题/02_强化篇/第13章_多元函数微分学.md	157
ZY1000-QH-GS13-T11	L1_FIRST	偏导数与全微分	candidate	逐变量求导并组合微分	candidate	配套习题/张宇1000题/02_强化篇/第13章_多元函数微分学.md	172
ZY1000-QH-GS13-T12	L1_FIRST		needs_review		needs_review	配套习题/张宇1000题/02_强化篇/第13章_多元函数微分学.md	185
ZY1000-QH-GS13-T13	L1_FIRST	偏导数与全微分	candidate	逐变量求导并组合微分	candidate	配套习题/张宇1000题/02_强化篇/第13章_多元函数微分学.md	197
ZY1000-QH-GS13-T14	L1_FIRST		needs_review		needs_review	配套习题/张宇1000题/02_强化篇/第13章_多元函数微分学.md	215
ZY1000-QH-GS13-T15	L1_FIRST	偏导数与全微分	candidate	逐变量求导并组合微分	candidate	配套习题/张宇1000题/02_强化篇/第13章_多元函数微分学.md	229
ZY1000-QH-GS13-T16	L1_FIRST	多元函数极限与连续可微性	candidate	路径检验与定义估计	candidate	配套习题/张宇1000题/02_强化篇/第13章_多元函数微分学.md	245
ZY1000-QH-GS13-T17	L1_FIRST	偏导数与全微分	candidate	逐变量求导并组合微分	candidate	配套习题/张宇1000题/02_强化篇/第13章_多元函数微分学.md	263
ZY1000-QH-GS13-T18	L1_FIRST	偏导数与全微分	candidate	逐变量求导并组合微分	candidate	配套习题/张宇1000题/02_强化篇/第13章_多元函数微分学.md	287
ZY1000-QH-GS13-T19	L1_FIRST	偏导数与全微分	candidate	逐变量求导并组合微分	candidate	配套习题/张宇1000题/02_强化篇/第13章_多元函数微分学.md	301
ZY1000-QH-GS13-T20	L1_FIRST	偏导数与全微分	candidate	逐变量求导并组合微分	candidate	配套习题/张宇1000题/02_强化篇/第13章_多元函数微分学.md	318
ZY1000-QH-GS13-T21	L1_FIRST		needs_review		needs_review	配套习题/张宇1000题/02_强化篇/第13章_多元函数微分学.md	331
ZY1000-QH-GS13-T22	L1_FIRST	条件极值	candidate	拉格朗日乘数法	candidate	配套习题/张宇1000题/02_强化篇/第13章_多元函数微分学.md	346
ZY1000-QH-GS13-T23	L1_FIRST		needs_review		needs_review	配套习题/张宇1000题/02_强化篇/第13章_多元函数微分学.md	359
ZY1000-QH-GS13-T24	L1_FIRST		needs_review		needs_review	配套习题/张宇1000题/02_强化篇/第13章_多元函数微分学.md	372
ZY1000-QH-GS13-T25	L1_FIRST		needs_review		needs_review	配套习题/张宇1000题/02_强化篇/第13章_多元函数微分学.md	396
ZY1000-QH-GS13-T26	L1_FIRST	多元函数极值	candidate	驻点与二阶判别	candidate	配套习题/张宇1000题/02_强化篇/第13章_多元函数微分学.md	411
ZY1000-QH-GS13-T27	L1_FIRST	一元函数最值	candidate	导数符号与边界比较	candidate	配套习题/张宇1000题/02_强化篇/第13章_多元函数微分学.md	423
ZY1000-QH-GS13-T28	L1_FIRST	条件极值	candidate	拉格朗日乘数法	candidate	配套习题/张宇1000题/02_强化篇/第13章_多元函数微分学.md	435
ZY1000-QH-GS13-T29	L1_FIRST		needs_review		needs_review	配套习题/张宇1000题/02_强化篇/第13章_多元函数微分学.md	447
ZY1000-QH-GS13-T30	L1_FIRST	条件极值	candidate	拉格朗日乘数法	candidate	配套习题/张宇1000题/02_强化篇/第13章_多元函数微分学.md	459
ZY1000-QH-GS13-T31	L1_FIRST	定积分表示平面区域面积	candidate	分区建立面积微元	candidate	配套习题/张宇1000题/02_强化篇/第13章_多元函数微分学.md	469
ZY1000-QH-GS13-T32	L1_FIRST	定积分表示平面区域面积	candidate	分区建立面积微元	candidate	配套习题/张宇1000题/02_强化篇/第13章_多元函数微分学.md	481
ZY1000-QH-GS13-T33	L1_FIRST	多元函数极值	candidate	驻点与二阶判别	candidate	配套习题/张宇1000题/02_强化篇/第13章_多元函数微分学.md	493
ZY1000-QH-GS13-T34	L1_FIRST	条件极值	candidate	拉格朗日乘数法	candidate	配套习题/张宇1000题/02_强化篇/第13章_多元函数微分学.md	510
ZY1000-QH-GS13-T35	L1_FIRST	多元函数极值	candidate	驻点与二阶判别	candidate	配套习题/张宇1000题/02_强化篇/第13章_多元函数微分学.md	522
ZY1000-QH-GS13-T36	L1_FIRST	多元函数极值	candidate	驻点与二阶判别	candidate	配套习题/张宇1000题/02_强化篇/第13章_多元函数微分学.md	537
ZY1000-QH-GS13-T37	L1_FIRST		needs_review		needs_review	配套习题/张宇1000题/02_强化篇/第13章_多元函数微分学.md	549
ZY1000-QH-GS13-T38	L1_FIRST	偏导数与全微分	candidate	逐变量求导并组合微分	candidate	配套习题/张宇1000题/02_强化篇/第13章_多元函数微分学.md	561
ZY1000-QH-GS13-T39	L1_FIRST	多元函数极限与连续可微性	candidate	路径检验与定义估计	candidate	配套习题/张宇1000题/02_强化篇/第13章_多元函数微分学.md	577
ZY1000-QH-GS13-T40	L1_FIRST	偏导数与全微分	candidate	逐变量求导并组合微分	candidate	配套习题/张宇1000题/02_强化篇/第13章_多元函数微分学.md	604
ZY1000-QH-GS14-T01	L1_FIRST	函数极限的计算与存在性	candidate	辨认极限类型并核对运算法则	candidate	配套习题/张宇1000题/02_强化篇/第14章_二重积分.md	7
ZY1000-QH-GS14-T02	L1_FIRST	二重积分计算	candidate	选取积分次序或坐标变换	candidate	配套习题/张宇1000题/02_强化篇/第14章_二重积分.md	22
ZY1000-QH-GS14-T03	L1_FIRST	二重积分计算	candidate	选取积分次序或坐标变换	candidate	配套习题/张宇1000题/02_强化篇/第14章_二重积分.md	40
ZY1000-QH-GS14-T04	L1_FIRST		needs_review		needs_review	配套习题/张宇1000题/02_强化篇/第14章_二重积分.md	62
ZY1000-QH-GS14-T05	L1_FIRST	二重积分计算	candidate	选取积分次序或坐标变换	candidate	配套习题/张宇1000题/02_强化篇/第14章_二重积分.md	72
ZY1000-QH-GS14-T06	L1_FIRST	二重积分计算	candidate	选取积分次序或坐标变换	candidate	配套习题/张宇1000题/02_强化篇/第14章_二重积分.md	92
ZY1000-QH-GS14-T07	L1_FIRST	二重积分计算	candidate	选取积分次序或坐标变换	candidate	配套习题/张宇1000题/02_强化篇/第14章_二重积分.md	122
ZY1000-QH-GS14-T08	L1_FIRST	二重积分计算	candidate	选取积分次序或坐标变换	candidate	配套习题/张宇1000题/02_强化篇/第14章_二重积分.md	136
ZY1000-QH-GS14-T09	L1_FIRST	二重积分计算	candidate	选取积分次序或坐标变换	candidate	配套习题/张宇1000题/02_强化篇/第14章_二重积分.md	149
ZY1000-QH-GS14-T10	L1_FIRST	二重积分计算	candidate	选取积分次序或坐标变换	candidate	配套习题/张宇1000题/02_强化篇/第14章_二重积分.md	164
ZY1000-QH-GS14-T11	L1_FIRST	二重积分计算	candidate	选取积分次序或坐标变换	candidate	配套习题/张宇1000题/02_强化篇/第14章_二重积分.md	177
ZY1000-QH-GS14-T12	L1_FIRST	二重积分计算	candidate	选取积分次序或坐标变换	candidate	配套习题/张宇1000题/02_强化篇/第14章_二重积分.md	190
ZY1000-QH-GS14-T13	L1_FIRST	二重积分计算	candidate	选取积分次序或坐标变换	candidate	配套习题/张宇1000题/02_强化篇/第14章_二重积分.md	209
ZY1000-QH-GS14-T14	L1_FIRST	二重积分计算	candidate	选取积分次序或坐标变换	candidate	配套习题/张宇1000题/02_强化篇/第14章_二重积分.md	223
ZY1000-QH-GS14-T15	L1_FIRST	二重积分计算	candidate	选取积分次序或坐标变换	candidate	配套习题/张宇1000题/02_强化篇/第14章_二重积分.md	235
ZY1000-QH-GS14-T16	L1_FIRST	二重积分计算	candidate	选取积分次序或坐标变换	candidate	配套习题/张宇1000题/02_强化篇/第14章_二重积分.md	249
ZY1000-QH-GS14-T17	L1_FIRST	二重积分计算	candidate	选取积分次序或坐标变换	candidate	配套习题/张宇1000题/02_强化篇/第14章_二重积分.md	262
ZY1000-QH-GS14-T18	L1_FIRST	二重积分计算	candidate	选取积分次序或坐标变换	candidate	配套习题/张宇1000题/02_强化篇/第14章_二重积分.md	275
ZY1000-QH-GS14-T19	L1_FIRST	二重积分计算	candidate	选取积分次序或坐标变换	candidate	配套习题/张宇1000题/02_强化篇/第14章_二重积分.md	287
ZY1000-QH-GS14-T20	L1_FIRST	二重积分计算	candidate	选取积分次序或坐标变换	candidate	配套习题/张宇1000题/02_强化篇/第14章_二重积分.md	300
ZY1000-QH-GS14-T21	L1_FIRST	二重积分计算	candidate	选取积分次序或坐标变换	candidate	配套习题/张宇1000题/02_强化篇/第14章_二重积分.md	319
ZY1000-QH-GS14-T22	L1_FIRST	二重积分计算	candidate	选取积分次序或坐标变换	candidate	配套习题/张宇1000题/02_强化篇/第14章_二重积分.md	332
ZY1000-QH-GS14-T23	L1_FIRST	二重积分计算	candidate	选取积分次序或坐标变换	candidate	配套习题/张宇1000题/02_强化篇/第14章_二重积分.md	344
ZY1000-QH-GS14-T24	L1_FIRST	二重积分计算	candidate	选取积分次序或坐标变换	candidate	配套习题/张宇1000题/02_强化篇/第14章_二重积分.md	355
ZY1000-QH-GS14-T25	L1_FIRST	二重积分计算	candidate	选取积分次序或坐标变换	candidate	配套习题/张宇1000题/02_强化篇/第14章_二重积分.md	368
ZY1000-QH-GS14-T26	L1_FIRST	二重积分计算	candidate	选取积分次序或坐标变换	candidate	配套习题/张宇1000题/02_强化篇/第14章_二重积分.md	381
ZY1000-QH-GS14-T27	L1_FIRST	二重积分计算	candidate	选取积分次序或坐标变换	candidate	配套习题/张宇1000题/02_强化篇/第14章_二重积分.md	391
ZY1000-QH-GS14-T28	L1_FIRST	二重积分计算	candidate	选取积分次序或坐标变换	candidate	配套习题/张宇1000题/02_强化篇/第14章_二重积分.md	406
ZY1000-QH-GS14-T29	L1_FIRST	二重积分计算	candidate	选取积分次序或坐标变换	candidate	配套习题/张宇1000题/02_强化篇/第14章_二重积分.md	421
ZY1000-QH-GS14-T30	L1_FIRST	二重积分计算	candidate	选取积分次序或坐标变换	candidate	配套习题/张宇1000题/02_强化篇/第14章_二重积分.md	434
ZY1000-QH-GS14-T31	L1_FIRST	二重积分计算	candidate	选取积分次序或坐标变换	candidate	配套习题/张宇1000题/02_强化篇/第14章_二重积分.md	446
ZY1000-QH-GS14-T32	L1_FIRST	二重积分计算	candidate	选取积分次序或坐标变换	candidate	配套习题/张宇1000题/02_强化篇/第14章_二重积分.md	459
ZY1000-QH-GS14-T33	L1_FIRST	二重积分计算	candidate	选取积分次序或坐标变换	candidate	配套习题/张宇1000题/02_强化篇/第14章_二重积分.md	472
ZY1000-QH-GS14-T34	L1_FIRST	二重积分计算	candidate	选取积分次序或坐标变换	candidate	配套习题/张宇1000题/02_强化篇/第14章_二重积分.md	488
ZY1000-QH-GS14-T35	L1_FIRST	二重积分计算	candidate	选取积分次序或坐标变换	candidate	配套习题/张宇1000题/02_强化篇/第14章_二重积分.md	504
ZY1000-QH-GS14-T36	L1_FIRST	二重积分计算	candidate	选取积分次序或坐标变换	candidate	配套习题/张宇1000题/02_强化篇/第14章_二重积分.md	517
ZY1000-QH-GS14-T37	L1_FIRST	二重积分计算	candidate	选取积分次序或坐标变换	candidate	配套习题/张宇1000题/02_强化篇/第14章_二重积分.md	534
ZY1000-QH-GS14-T38	L1_FIRST	二重积分计算	candidate	选取积分次序或坐标变换	candidate	配套习题/张宇1000题/02_强化篇/第14章_二重积分.md	545
ZY1000-QH-GS14-T39	L1_FIRST	二重积分计算	candidate	选取积分次序或坐标变换	candidate	配套习题/张宇1000题/02_强化篇/第14章_二重积分.md	558
ZY1000-QH-GS14-T40	L1_FIRST	二重积分计算	candidate	选取积分次序或坐标变换	candidate	配套习题/张宇1000题/02_强化篇/第14章_二重积分.md	571
ZY1000-QH-GS14-T41	L1_FIRST	二重积分计算	candidate	选取积分次序或坐标变换	candidate	配套习题/张宇1000题/02_强化篇/第14章_二重积分.md	595
ZY1000-QH-GS15-T01	L1_FIRST	微分方程的类型辨识与求解	candidate	辨型后选择相应积分或降阶方法	candidate	配套习题/张宇1000题/02_强化篇/第15章_微分方程.md	7
ZY1000-QH-GS15-T02	L1_FIRST	微分方程的类型辨识与求解	candidate	辨型后选择相应积分或降阶方法	candidate	配套习题/张宇1000题/02_强化篇/第15章_微分方程.md	17
ZY1000-QH-GS15-T03	L1_FIRST	偏导数与全微分	candidate	逐变量求导并组合微分	candidate	配套习题/张宇1000题/02_强化篇/第15章_微分方程.md	36
ZY1000-QH-GS15-T04	L1_FIRST	曲线渐近线	candidate	以差值极限识别渐近行为	candidate	配套习题/张宇1000题/02_强化篇/第15章_微分方程.md	49
ZY1000-QH-GS15-T05	L1_FIRST	函数周期性及平移关系	candidate	迭代平移关系	candidate	配套习题/张宇1000题/02_强化篇/第15章_微分方程.md	83
ZY1000-QH-GS15-T06	L1_FIRST	积分方程转化为微分方程	candidate	积分变换后对参数求导	candidate	配套习题/张宇1000题/02_强化篇/第15章_微分方程.md	98
ZY1000-QH-GS15-T07	L1_FIRST	常系数齐次线性微分方程	candidate	特征方程与初始条件	candidate	配套习题/张宇1000题/02_强化篇/第15章_微分方程.md	117
ZY1000-QH-GS15-T08	L1_FIRST		needs_review		needs_review	配套习题/张宇1000题/02_强化篇/第15章_微分方程.md	130
ZY1000-QH-GS15-T09	L1_FIRST	微分方程的类型辨识与求解	candidate	辨型后选择相应积分或降阶方法	candidate	配套习题/张宇1000题/02_强化篇/第15章_微分方程.md	151
ZY1000-QH-GS15-T10	L1_FIRST	常系数非齐次线性微分方程	candidate	齐次通解与待定系数特解	candidate	配套习题/张宇1000题/02_强化篇/第15章_微分方程.md	163
ZY1000-QH-GS15-T11	L1_FIRST	积分方程转化为微分方程	candidate	积分变换后对参数求导	candidate	配套习题/张宇1000题/02_强化篇/第15章_微分方程.md	174
ZY1000-QH-GS15-T12	L1_FIRST	积分方程转化为微分方程	candidate	积分变换后对参数求导	candidate	配套习题/张宇1000题/02_强化篇/第15章_微分方程.md	189
ZY1000-QH-GS15-T13	L1_FIRST	积分方程转化为微分方程	candidate	积分变换后对参数求导	candidate	配套习题/张宇1000题/02_强化篇/第15章_微分方程.md	209
ZY1000-QH-GS15-T14	L1_FIRST	凹凸性与拐点	candidate	考查二阶导数及其变号	candidate	配套习题/张宇1000题/02_强化篇/第15章_微分方程.md	225
ZY1000-QH-GS15-T15	L1_FIRST	积分方程转化为微分方程	candidate	积分变换后对参数求导	candidate	配套习题/张宇1000题/02_强化篇/第15章_微分方程.md	236
ZY1000-QH-GS15-T16	L1_FIRST	一元函数最值	candidate	导数符号与边界比较	candidate	配套习题/张宇1000题/02_强化篇/第15章_微分方程.md	255
ZY1000-QH-GS15-T17	L1_FIRST	一元函数最值	candidate	导数符号与边界比较	candidate	配套习题/张宇1000题/02_强化篇/第15章_微分方程.md	271
ZY1000-QH-GS15-T18	L1_FIRST	函数周期性及平移关系	candidate	迭代平移关系	candidate	配套习题/张宇1000题/02_强化篇/第15章_微分方程.md	282
ZY1000-QH-GS15-T19	L1_FIRST	一元函数最值	candidate	导数符号与边界比较	candidate	配套习题/张宇1000题/02_强化篇/第15章_微分方程.md	296
ZY1000-QH-GS15-T20	L1_FIRST	旋转体体积	candidate	截面或壳层积分	candidate	配套习题/张宇1000题/02_强化篇/第15章_微分方程.md	313
ZY1000-QH-GS15-T21	L1_FIRST	微分方程的类型辨识与求解	candidate	辨型后选择相应积分或降阶方法	candidate	配套习题/张宇1000题/02_强化篇/第15章_微分方程.md	335
ZY1000-QH-GS15-T22	L1_FIRST	微分方程的类型辨识与求解	candidate	辨型后选择相应积分或降阶方法	candidate	配套习题/张宇1000题/02_强化篇/第15章_微分方程.md	348
ZY1000-QH-GS15-T23	L1_FIRST	微分方程的类型辨识与求解	candidate	辨型后选择相应积分或降阶方法	candidate	配套习题/张宇1000题/02_强化篇/第15章_微分方程.md	359
ZY1000-QH-GS15-T24	L1_FIRST	微分方程建模	candidate	把几何或变化率条件转为微分关系	candidate	配套习题/张宇1000题/02_强化篇/第15章_微分方程.md	370
ZY1000-QH-GS15-T25	L1_FIRST	微分方程的类型辨识与求解	candidate	辨型后选择相应积分或降阶方法	candidate	配套习题/张宇1000题/02_强化篇/第15章_微分方程.md	385
ZY1000-QH-GS15-T26	L1_FIRST	微分方程的类型辨识与求解	candidate	辨型后选择相应积分或降阶方法	candidate	配套习题/张宇1000题/02_强化篇/第15章_微分方程.md	397
ZY1000-QH-GS15-T27	L1_FIRST	常系数齐次线性微分方程	candidate	特征方程与初始条件	candidate	配套习题/张宇1000题/02_强化篇/第15章_微分方程.md	407
ZY1000-QH-GS15-T28	L1_FIRST	微分方程的类型辨识与求解	candidate	辨型后选择相应积分或降阶方法	candidate	配套习题/张宇1000题/02_强化篇/第15章_微分方程.md	419
ZY1000-QH-GS15-T29	L1_FIRST	微分方程的类型辨识与求解	candidate	辨型后选择相应积分或降阶方法	candidate	配套习题/张宇1000题/02_强化篇/第15章_微分方程.md	430
ZY1000-QH-GS15-T30	L1_FIRST	微分方程的类型辨识与求解	candidate	辨型后选择相应积分或降阶方法	candidate	配套习题/张宇1000题/02_强化篇/第15章_微分方程.md	447
ZY1000-QH-GS15-T31	L1_FIRST		needs_review		needs_review	配套习题/张宇1000题/02_强化篇/第15章_微分方程.md	459
ZY1000-QH-GS15-T32	L1_FIRST	微分方程的类型辨识与求解	candidate	辨型后选择相应积分或降阶方法	candidate	配套习题/张宇1000题/02_强化篇/第15章_微分方程.md	478
ZY1000-QH-GS15-T33	L1_FIRST	偏导数与全微分	candidate	逐变量求导并组合微分	candidate	配套习题/张宇1000题/02_强化篇/第15章_微分方程.md	495
ZY1000-QH-GS15-T34	L1_FIRST	积分方程转化为微分方程	candidate	积分变换后对参数求导	candidate	配套习题/张宇1000题/02_强化篇/第15章_微分方程.md	523
ZY1000-QH-GS15-T35	L1_FIRST	微分方程建模	candidate	把几何或变化率条件转为微分关系	candidate	配套习题/张宇1000题/02_强化篇/第15章_微分方程.md	546
ZY1000-QH-GS15-T36	L1_FIRST	积分表示质心与形心	candidate	质量矩除以总质量	candidate	配套习题/张宇1000题/02_强化篇/第15章_微分方程.md	558
ZY1000-QH-GS15-T37	L1_FIRST	曲线弧长	candidate	弧长微元积分	candidate	配套习题/张宇1000题/02_强化篇/第15章_微分方程.md	572
ZY1000-QH-GS15-T38	L1_FIRST	微分方程的类型辨识与求解	candidate	辨型后选择相应积分或降阶方法	candidate	配套习题/张宇1000题/02_强化篇/第15章_微分方程.md	585
ZY1000-QH-GS15-T39	L1_FIRST	微分方程的类型辨识与求解	candidate	辨型后选择相应积分或降阶方法	candidate	配套习题/张宇1000题/02_强化篇/第15章_微分方程.md	596
ZY1000-QH-GS15-T40	L1_FIRST	全微分方程	candidate	检验恰当性并构造势函数	candidate	配套习题/张宇1000题/02_强化篇/第15章_微分方程.md	611
ZY1000-QH-GS16-T01	L1_FIRST	数项级数敛散性	candidate	按项的性质选择收敛判据	candidate	配套习题/张宇1000题/02_强化篇/第16章_无穷级数.md	7
ZY1000-QH-GS16-T02	L1_FIRST	数项级数敛散性	candidate	按项的性质选择收敛判据	candidate	配套习题/张宇1000题/02_强化篇/第16章_无穷级数.md	24
ZY1000-QH-GS16-T03	L1_FIRST	数项级数敛散性	candidate	按项的性质选择收敛判据	candidate	配套习题/张宇1000题/02_强化篇/第16章_无穷级数.md	47
ZY1000-QH-GS16-T04	L1_FIRST	数项级数敛散性	candidate	按项的性质选择收敛判据	candidate	配套习题/张宇1000题/02_强化篇/第16章_无穷级数.md	62
ZY1000-QH-GS16-T05	L1_FIRST	数项级数敛散性	candidate	按项的性质选择收敛判据	candidate	配套习题/张宇1000题/02_强化篇/第16章_无穷级数.md	90
ZY1000-QH-GS16-T06	L1_FIRST	数项级数敛散性	candidate	按项的性质选择收敛判据	candidate	配套习题/张宇1000题/02_强化篇/第16章_无穷级数.md	128
ZY1000-QH-GS16-T07	L1_FIRST	数项级数敛散性	candidate	按项的性质选择收敛判据	candidate	配套习题/张宇1000题/02_强化篇/第16章_无穷级数.md	148
ZY1000-QH-GS16-T08	L1_FIRST	数项级数敛散性	candidate	按项的性质选择收敛判据	candidate	配套习题/张宇1000题/02_强化篇/第16章_无穷级数.md	168
ZY1000-QH-GS16-T09	L1_FIRST	幂级数的收敛域	candidate	求收敛半径并逐端点检查	candidate	配套习题/张宇1000题/02_强化篇/第16章_无穷级数.md	187
ZY1000-QH-GS16-T10	L1_FIRST	数项级数敛散性	candidate	按项的性质选择收敛判据	candidate	配套习题/张宇1000题/02_强化篇/第16章_无穷级数.md	203
ZY1000-QH-GS16-T11	L1_FIRST	数项级数敛散性	candidate	按项的性质选择收敛判据	candidate	配套习题/张宇1000题/02_强化篇/第16章_无穷级数.md	227
ZY1000-QH-GS16-T12	L1_FIRST	数项级数敛散性	candidate	按项的性质选择收敛判据	candidate	配套习题/张宇1000题/02_强化篇/第16章_无穷级数.md	243
ZY1000-QH-GS16-T13	L1_FIRST	幂级数的收敛域	candidate	求收敛半径并逐端点检查	candidate	配套习题/张宇1000题/02_强化篇/第16章_无穷级数.md	261
ZY1000-QH-GS16-T14	L1_FIRST	幂级数的收敛域	candidate	求收敛半径并逐端点检查	candidate	配套习题/张宇1000题/02_强化篇/第16章_无穷级数.md	278
ZY1000-QH-GS16-T15	L1_FIRST	幂级数的收敛域	candidate	求收敛半径并逐端点检查	candidate	配套习题/张宇1000题/02_强化篇/第16章_无穷级数.md	310
ZY1000-QH-GS16-T16	L1_FIRST	数项级数敛散性	candidate	按项的性质选择收敛判据	candidate	配套习题/张宇1000题/02_强化篇/第16章_无穷级数.md	332
ZY1000-QH-GS16-T17	L1_FIRST	数项级数敛散性	candidate	按项的性质选择收敛判据	candidate	配套习题/张宇1000题/02_强化篇/第16章_无穷级数.md	346
ZY1000-QH-GS16-T18	L1_FIRST	数项级数敛散性	candidate	按项的性质选择收敛判据	candidate	配套习题/张宇1000题/02_强化篇/第16章_无穷级数.md	365
ZY1000-QH-GS16-T19	L1_FIRST	数项级数敛散性	candidate	按项的性质选择收敛判据	candidate	配套习题/张宇1000题/02_强化篇/第16章_无穷级数.md	385
ZY1000-QH-GS16-T20	L1_FIRST	级数求和与和函数	candidate	逐项运算或与已知级数比较	candidate	配套习题/张宇1000题/02_强化篇/第16章_无穷级数.md	403
ZY1000-QH-GS16-T21	L1_FIRST	级数求和与和函数	candidate	逐项运算或与已知级数比较	candidate	配套习题/张宇1000题/02_强化篇/第16章_无穷级数.md	419
ZY1000-QH-GS16-T22	L1_FIRST	数项级数敛散性	candidate	按项的性质选择收敛判据	candidate	配套习题/张宇1000题/02_强化篇/第16章_无穷级数.md	435
ZY1000-QH-GS16-T23	L1_FIRST	函数的幂级数展开	candidate	已知幂级数的代换与运算	candidate	配套习题/张宇1000题/02_强化篇/第16章_无穷级数.md	454
ZY1000-QH-GS16-T24	L1_FIRST	数项级数敛散性	candidate	按项的性质选择收敛判据	candidate	配套习题/张宇1000题/02_强化篇/第16章_无穷级数.md	473
ZY1000-QH-GS16-T25	L1_FIRST	数项级数敛散性	candidate	按项的性质选择收敛判据	candidate	配套习题/张宇1000题/02_强化篇/第16章_无穷级数.md	497
ZY1000-QH-GS16-T26	L1_FIRST	幂级数的收敛域	candidate	求收敛半径并逐端点检查	candidate	配套习题/张宇1000题/02_强化篇/第16章_无穷级数.md	513
ZY1000-QH-GS16-T27	L1_FIRST	数项级数敛散性	candidate	按项的性质选择收敛判据	candidate	配套习题/张宇1000题/02_强化篇/第16章_无穷级数.md	531
ZY1000-QH-GS16-T28	L1_FIRST	幂级数的收敛域	candidate	求收敛半径并逐端点检查	candidate	配套习题/张宇1000题/02_强化篇/第16章_无穷级数.md	551
ZY1000-QH-GS16-T29	L1_FIRST	幂级数的收敛域	candidate	求收敛半径并逐端点检查	candidate	配套习题/张宇1000题/02_强化篇/第16章_无穷级数.md	568
ZY1000-QH-GS16-T30	L1_FIRST	数项级数敛散性	candidate	按项的性质选择收敛判据	candidate	配套习题/张宇1000题/02_强化篇/第16章_无穷级数.md	585
ZY1000-QH-GS16-T31	L1_FIRST	数项级数敛散性	candidate	按项的性质选择收敛判据	candidate	配套习题/张宇1000题/02_强化篇/第16章_无穷级数.md	599
ZY1000-QH-GS16-T32	L1_FIRST	数项级数敛散性	candidate	按项的性质选择收敛判据	candidate	配套习题/张宇1000题/02_强化篇/第16章_无穷级数.md	613
ZY1000-QH-GS16-T33	L1_FIRST	数项级数敛散性	candidate	按项的性质选择收敛判据	candidate	配套习题/张宇1000题/02_强化篇/第16章_无穷级数.md	627
ZY1000-QH-GS16-T34	L1_FIRST	级数求和与和函数	candidate	逐项运算或与已知级数比较	candidate	配套习题/张宇1000题/02_强化篇/第16章_无穷级数.md	642
ZY1000-QH-GS16-T35	L1_FIRST	数项级数敛散性	candidate	按项的性质选择收敛判据	candidate	配套习题/张宇1000题/02_强化篇/第16章_无穷级数.md	656
ZY1000-QH-GS16-T36	L1_FIRST	数项级数敛散性	candidate	按项的性质选择收敛判据	candidate	配套习题/张宇1000题/02_强化篇/第16章_无穷级数.md	671
ZY1000-QH-GS16-T37	L1_FIRST	傅里叶级数	candidate	系数积分与收敛定理	candidate	配套习题/张宇1000题/02_强化篇/第16章_无穷级数.md	687
ZY1000-QH-GS16-T38	L1_FIRST	函数周期性及平移关系	candidate	迭代平移关系	candidate	配套习题/张宇1000题/02_强化篇/第16章_无穷级数.md	711
ZY1000-QH-GS16-T39	L1_FIRST	傅里叶级数	candidate	系数积分与收敛定理	candidate	配套习题/张宇1000题/02_强化篇/第16章_无穷级数.md	729
ZY1000-QH-GS16-T40	L1_FIRST	数项级数敛散性	candidate	按项的性质选择收敛判据	candidate	配套习题/张宇1000题/02_强化篇/第16章_无穷级数.md	740
ZY1000-QH-GS17-T01	L1_FIRST	相关变化率	candidate	对几何关系关于时间求导	candidate	配套习题/张宇1000题/02_强化篇/第17章_多元函数积分学的预备知识.md	7
ZY1000-QH-GS17-T02	L1_FIRST	空间直线和平面	candidate	向量法建立线面关系	candidate	配套习题/张宇1000题/02_强化篇/第17章_多元函数积分学的预备知识.md	25
ZY1000-QH-GS17-T03	L1_FIRST	曲线切线与法线	candidate	用导数确定切线方向	candidate	配套习题/张宇1000题/02_强化篇/第17章_多元函数积分学的预备知识.md	35
ZY1000-QH-GS17-T04	L1_FIRST	曲线切线与法线	candidate	用导数确定切线方向	candidate	配套习题/张宇1000题/02_强化篇/第17章_多元函数积分学的预备知识.md	49
ZY1000-QH-GS17-T05	L1_FIRST	积分表示质心与形心	candidate	质量矩除以总质量	candidate	配套习题/张宇1000题/02_强化篇/第17章_多元函数积分学的预备知识.md	63
ZY1000-QH-GS17-T06	L1_FIRST	空间直线和平面	candidate	向量法建立线面关系	candidate	配套习题/张宇1000题/02_强化篇/第17章_多元函数积分学的预备知识.md	73
ZY1000-QH-GS17-T07	L1_FIRST	空间直线和平面	candidate	向量法建立线面关系	candidate	配套习题/张宇1000题/02_强化篇/第17章_多元函数积分学的预备知识.md	87
ZY1000-QH-GS17-T08	L1_FIRST	方向导数与梯度	candidate	梯度与单位方向的内积	candidate	配套习题/张宇1000题/02_强化篇/第17章_多元函数积分学的预备知识.md	98
ZY1000-QH-GS17-T09	L1_FIRST	方向导数与梯度	candidate	梯度与单位方向的内积	candidate	配套习题/张宇1000题/02_强化篇/第17章_多元函数积分学的预备知识.md	114
ZY1000-QH-GS17-T10	L1_FIRST	方向导数与梯度	candidate	梯度与单位方向的内积	candidate	配套习题/张宇1000题/02_强化篇/第17章_多元函数积分学的预备知识.md	129
ZY1000-QH-GS17-T11	L1_FIRST	方向导数与梯度	candidate	梯度与单位方向的内积	candidate	配套习题/张宇1000题/02_强化篇/第17章_多元函数积分学的预备知识.md	141
ZY1000-QH-GS17-T12	L1_FIRST	方向导数与梯度	candidate	梯度与单位方向的内积	candidate	配套习题/张宇1000题/02_强化篇/第17章_多元函数积分学的预备知识.md	152
ZY1000-QH-GS17-T13	L1_FIRST	空间曲面与投影	candidate	消元或几何构型识别	candidate	配套习题/张宇1000题/02_强化篇/第17章_多元函数积分学的预备知识.md	167
ZY1000-QH-GS17-T14	L1_FIRST	方向导数与梯度	candidate	梯度与单位方向的内积	candidate	配套习题/张宇1000题/02_强化篇/第17章_多元函数积分学的预备知识.md	182
ZY1000-QH-GS17-T15	L1_FIRST	散度与旋度	candidate	向量场的微分运算	candidate	配套习题/张宇1000题/02_强化篇/第17章_多元函数积分学的预备知识.md	197
ZY1000-QH-GS18-T01	L1_FIRST	三重积分计算	candidate	分层积分或空间坐标变换	candidate	配套习题/张宇1000题/02_强化篇/第18章_多元函数积分学.md	7
ZY1000-QH-GS18-T02	L1_FIRST		needs_review		needs_review	配套习题/张宇1000题/02_强化篇/第18章_多元函数积分学.md	20
ZY1000-QH-GS18-T03	L1_FIRST	曲线积分	candidate	参数化或选用相应积分定理	candidate	配套习题/张宇1000题/02_强化篇/第18章_多元函数积分学.md	32
ZY1000-QH-GS18-T04	L1_FIRST	三重积分计算	candidate	分层积分或空间坐标变换	candidate	配套习题/张宇1000题/02_强化篇/第18章_多元函数积分学.md	58
ZY1000-QH-GS18-T05	L1_FIRST	曲线积分	candidate	参数化或选用相应积分定理	candidate	配套习题/张宇1000题/02_强化篇/第18章_多元函数积分学.md	71
ZY1000-QH-GS18-T06	L1_FIRST	曲线积分	candidate	参数化或选用相应积分定理	candidate	配套习题/张宇1000题/02_强化篇/第18章_多元函数积分学.md	90
ZY1000-QH-GS18-T07	L1_FIRST	曲线积分	candidate	参数化或选用相应积分定理	candidate	配套习题/张宇1000题/02_强化篇/第18章_多元函数积分学.md	103
ZY1000-QH-GS18-T08	L1_FIRST	曲线积分	candidate	参数化或选用相应积分定理	candidate	配套习题/张宇1000题/02_强化篇/第18章_多元函数积分学.md	116
ZY1000-QH-GS18-T09	L1_FIRST	曲线积分	candidate	参数化或选用相应积分定理	candidate	配套习题/张宇1000题/02_强化篇/第18章_多元函数积分学.md	136
ZY1000-QH-GS18-T10	L1_FIRST	曲线积分	candidate	参数化或选用相应积分定理	candidate	配套习题/张宇1000题/02_强化篇/第18章_多元函数积分学.md	155
ZY1000-QH-GS18-T11	L1_FIRST	曲线积分	candidate	参数化或选用相应积分定理	candidate	配套习题/张宇1000题/02_强化篇/第18章_多元函数积分学.md	170
ZY1000-QH-GS18-T12	L1_FIRST		needs_review		needs_review	配套习题/张宇1000题/02_强化篇/第18章_多元函数积分学.md	186
ZY1000-QH-GS18-T13	L1_FIRST	曲线积分	candidate	参数化或选用相应积分定理	candidate	配套习题/张宇1000题/02_强化篇/第18章_多元函数积分学.md	200
ZY1000-QH-GS18-T14	L1_FIRST	曲线积分	candidate	参数化或选用相应积分定理	candidate	配套习题/张宇1000题/02_强化篇/第18章_多元函数积分学.md	214
ZY1000-QH-GS18-T15	L1_FIRST	曲线积分	candidate	参数化或选用相应积分定理	candidate	配套习题/张宇1000题/02_强化篇/第18章_多元函数积分学.md	228
ZY1000-QH-GS18-T16	L1_FIRST	曲线积分	candidate	参数化或选用相应积分定理	candidate	配套习题/张宇1000题/02_强化篇/第18章_多元函数积分学.md	245
ZY1000-QH-GS18-T17	L1_FIRST	曲线积分	candidate	参数化或选用相应积分定理	candidate	配套习题/张宇1000题/02_强化篇/第18章_多元函数积分学.md	262
ZY1000-QH-GS18-T18	L1_FIRST		needs_review		needs_review	配套习题/张宇1000题/02_强化篇/第18章_多元函数积分学.md	285
ZY1000-QH-GS18-T19	L1_FIRST	曲线积分	candidate	参数化或选用相应积分定理	candidate	配套习题/张宇1000题/02_强化篇/第18章_多元函数积分学.md	301
ZY1000-QH-GS18-T20	L1_FIRST	曲线积分与路径无关	candidate	检查保守场条件并构造势函数	candidate	配套习题/张宇1000题/02_强化篇/第18章_多元函数积分学.md	315
ZY1000-QH-GS18-T21	L1_FIRST	二重积分计算	candidate	选取积分次序或坐标变换	candidate	配套习题/张宇1000题/02_强化篇/第18章_多元函数积分学.md	331
ZY1000-QH-GS18-T22	L1_FIRST	曲面积分	candidate	曲面参数化或积分定理	candidate	配套习题/张宇1000题/02_强化篇/第18章_多元函数积分学.md	346
ZY1000-QH-GS18-T23	L1_FIRST	积分表示质心与形心	candidate	质量矩除以总质量	candidate	配套习题/张宇1000题/02_强化篇/第18章_多元函数积分学.md	369
ZY1000-QH-GS18-T24	L1_FIRST	二重积分计算	candidate	选取积分次序或坐标变换	candidate	配套习题/张宇1000题/02_强化篇/第18章_多元函数积分学.md	387
ZY1000-QH-GS18-T25	L1_FIRST	方向导数与梯度	candidate	梯度与单位方向的内积	candidate	配套习题/张宇1000题/02_强化篇/第18章_多元函数积分学.md	407
ZY1000-QH-GS18-T26	L1_FIRST	二重积分计算	candidate	选取积分次序或坐标变换	candidate	配套习题/张宇1000题/02_强化篇/第18章_多元函数积分学.md	422
ZY1000-QH-GS18-T27	L1_FIRST	曲线积分	candidate	参数化或选用相应积分定理	candidate	配套习题/张宇1000题/02_强化篇/第18章_多元函数积分学.md	443
ZY1000-QH-GS18-T28	L1_FIRST	二重积分计算	candidate	选取积分次序或坐标变换	candidate	配套习题/张宇1000题/02_强化篇/第18章_多元函数积分学.md	460
ZY1000-QH-GS18-T29	L1_FIRST	曲面积分	candidate	曲面参数化或积分定理	candidate	配套习题/张宇1000题/02_强化篇/第18章_多元函数积分学.md	474
ZY1000-QH-XD01-T04	L1_FIRST	向量组线性相关性	candidate	线性组合关系或矩阵秩	candidate	配套习题/张宇1000题/02_强化篇/线性代数/第01章_行列式.md	7
ZY1000-QH-XD01-T06	L1_FIRST	矩阵运算与矩阵方程	candidate	利用矩阵运算法则整理	candidate	配套习题/张宇1000题/02_强化篇/线性代数/第01章_行列式.md	22
ZY1000-QH-XD02-T01	L1_FIRST	代数余子式及其组合	candidate	按行列展开或替换对应行列	candidate	配套习题/张宇1000题/02_强化篇/线性代数/第02章_余子式和代数余子式的计算.md	7
ZY1000-QH-XD03-T01	L1_FIRST	矩阵运算与矩阵方程	candidate	利用矩阵运算法则整理	candidate	配套习题/张宇1000题/02_强化篇/线性代数/第03章_矩阵运算.md	7
ZY1000-QH-XD03-T06	L1_FIRST	逆矩阵与可逆条件	candidate	初等变换或逆矩阵恒等式	candidate	配套习题/张宇1000题/02_强化篇/线性代数/第03章_矩阵运算.md	22
ZY1000-QH-XD03-T07	L1_FIRST	特征值与特征向量	candidate	特征方程与特征子空间	candidate	配套习题/张宇1000题/02_强化篇/线性代数/第03章_矩阵运算.md	37
ZY1000-QH-XD04-T01	L1_FIRST	矩阵运算与矩阵方程	candidate	利用矩阵运算法则整理	candidate	配套习题/张宇1000题/02_强化篇/线性代数/第04章_矩阵的秩.md	7
ZY1000-QH-XD04-T02	L1_FIRST	伴随矩阵的性质	candidate	伴随恒等式与秩分类	candidate	配套习题/张宇1000题/02_强化篇/线性代数/第04章_矩阵的秩.md	22
ZY1000-QH-XD04-T03	L1_FIRST	矩阵的秩	candidate	行变换与子式判别	candidate	配套习题/张宇1000题/02_强化篇/线性代数/第04章_矩阵的秩.md	37
ZY1000-QH-XD04-T04	L1_FIRST	矩阵运算与矩阵方程	candidate	利用矩阵运算法则整理	candidate	配套习题/张宇1000题/02_强化篇/线性代数/第04章_矩阵的秩.md	52
ZY1000-QH-XD04-T05	L1_FIRST	矩阵的秩	candidate	行变换与子式判别	candidate	配套习题/张宇1000题/02_强化篇/线性代数/第04章_矩阵的秩.md	67
ZY1000-QH-XD04-T06	L1_FIRST	矩阵的秩	candidate	行变换与子式判别	candidate	配套习题/张宇1000题/02_强化篇/线性代数/第04章_矩阵的秩.md	82
ZY1000-QH-XD04-T07	L1_FIRST	矩阵的秩	candidate	行变换与子式判别	candidate	配套习题/张宇1000题/02_强化篇/线性代数/第04章_矩阵的秩.md	97
ZY1000-QH-XD04-T08	L1_FIRST	矩阵的秩	candidate	行变换与子式判别	candidate	配套习题/张宇1000题/02_强化篇/线性代数/第04章_矩阵的秩.md	112
ZY1000-QH-XD05-T01	L1_FIRST	代数余子式及其组合	candidate	按行列展开或替换对应行列	candidate	配套习题/张宇1000题/02_强化篇/线性代数/第05章_线性方程组.md	7
ZY1000-QH-XD05-T03	L1_FIRST	矩阵运算与矩阵方程	candidate	利用矩阵运算法则整理	candidate	配套习题/张宇1000题/02_强化篇/线性代数/第05章_线性方程组.md	22
ZY1000-QH-XD05-T04	L1_FIRST	矩阵的秩	candidate	行变换与子式判别	candidate	配套习题/张宇1000题/02_强化篇/线性代数/第05章_线性方程组.md	37
ZY1000-QH-XD05-T07	L1_FIRST	矩阵的秩	candidate	行变换与子式判别	candidate	配套习题/张宇1000题/02_强化篇/线性代数/第05章_线性方程组.md	52
ZY1000-QH-XD05-T08	L1_FIRST	矩阵运算与矩阵方程	candidate	利用矩阵运算法则整理	candidate	配套习题/张宇1000题/02_强化篇/线性代数/第05章_线性方程组.md	67
ZY1000-QH-XD05-T09	L1_FIRST	矩阵运算与矩阵方程	candidate	利用矩阵运算法则整理	candidate	配套习题/张宇1000题/02_强化篇/线性代数/第05章_线性方程组.md	82
ZY1000-QH-XD05-T14	L1_FIRST	矩阵运算与矩阵方程	candidate	利用矩阵运算法则整理	candidate	配套习题/张宇1000题/02_强化篇/线性代数/第05章_线性方程组.md	97
ZY1000-QH-XD05-T15	L1_FIRST	矩阵运算与矩阵方程	candidate	利用矩阵运算法则整理	candidate	配套习题/张宇1000题/02_强化篇/线性代数/第05章_线性方程组.md	112
ZY1000-QH-XD06-T01	L1_FIRST	矩阵运算与矩阵方程	candidate	利用矩阵运算法则整理	candidate	配套习题/张宇1000题/02_强化篇/线性代数/第06章_向量组.md	7
ZY1000-QH-XD06-T02	L1_FIRST	向量组等价性	candidate	比较列空间或双向线性表示	candidate	配套习题/张宇1000题/02_强化篇/线性代数/第06章_向量组.md	22
ZY1000-QH-XD06-T04	L1_FIRST	矩阵运算与矩阵方程	candidate	利用矩阵运算法则整理	candidate	配套习题/张宇1000题/02_强化篇/线性代数/第06章_向量组.md	43
ZY1000-QH-XD06-T08	L1_FIRST		needs_review		needs_review	配套习题/张宇1000题/02_强化篇/线性代数/第06章_向量组.md	58
ZY1000-QH-XD06-T10	L1_FIRST	矩阵运算与矩阵方程	candidate	利用矩阵运算法则整理	candidate	配套习题/张宇1000题/02_强化篇/线性代数/第06章_向量组.md	73
ZY1000-QH-XD07-T01	L1_FIRST	伴随矩阵的性质	candidate	伴随恒等式与秩分类	candidate	配套习题/张宇1000题/02_强化篇/线性代数/第07章_特征值与特征向量.md	7
ZY1000-QH-XD07-T02	L1_FIRST	特征值与特征向量	candidate	特征方程与特征子空间	candidate	配套习题/张宇1000题/02_强化篇/线性代数/第07章_特征值与特征向量.md	22
ZY1000-QH-XD07-T03	L1_FIRST	特征值与特征向量	candidate	特征方程与特征子空间	candidate	配套习题/张宇1000题/02_强化篇/线性代数/第07章_特征值与特征向量.md	37
ZY1000-QH-XD07-T04	L1_FIRST	线性方程组的解与参数	candidate	比较系数矩阵与增广矩阵的秩	candidate	配套习题/张宇1000题/02_强化篇/线性代数/第07章_特征值与特征向量.md	52
ZY1000-QH-XD07-T08	L1_FIRST	特征值与特征向量	candidate	特征方程与特征子空间	candidate	配套习题/张宇1000题/02_强化篇/线性代数/第07章_特征值与特征向量.md	67
ZY1000-QH-XD08-T01	L1_FIRST	相似矩阵与对角化	candidate	用特征向量构造变换基	candidate	配套习题/张宇1000题/02_强化篇/线性代数/第08章_相似理论.md	7
ZY1000-QH-XD08-T02	L1_FIRST	相似矩阵与对角化	candidate	用特征向量构造变换基	candidate	配套习题/张宇1000题/02_强化篇/线性代数/第08章_相似理论.md	22
ZY1000-QH-XD08-T03	L1_FIRST	相似矩阵与对角化	candidate	用特征向量构造变换基	candidate	配套习题/张宇1000题/02_强化篇/线性代数/第08章_相似理论.md	37
ZY1000-QH-XD08-T11	L1_FIRST	相似矩阵与对角化	candidate	用特征向量构造变换基	candidate	配套习题/张宇1000题/02_强化篇/线性代数/第08章_相似理论.md	52
ZY1000-QH-XD08-T13	L1_FIRST	矩阵的秩	candidate	行变换与子式判别	candidate	配套习题/张宇1000题/02_强化篇/线性代数/第08章_相似理论.md	67
ZY1000-QH-XD08-T14	L1_FIRST	正交变换与实对称矩阵	candidate	正交化特征向量	candidate	配套习题/张宇1000题/02_强化篇/线性代数/第08章_相似理论.md	82
ZY1000-QH-XD08-T15	L1_FIRST	相似矩阵与对角化	candidate	用特征向量构造变换基	candidate	配套习题/张宇1000题/02_强化篇/线性代数/第08章_相似理论.md	97
ZY1000-QH-XD09-T01	L1_FIRST	二次型化标准形	candidate	配方法或合同变换	candidate	配套习题/张宇1000题/02_强化篇/线性代数/第09章_二次型.md	7
ZY1000-QH-XD09-T02	L1_FIRST	二次型化标准形	candidate	配方法或合同变换	candidate	配套习题/张宇1000题/02_强化篇/线性代数/第09章_二次型.md	22
ZY1000-QH-XD09-T03	L1_FIRST		needs_review		needs_review	配套习题/张宇1000题/02_强化篇/线性代数/第09章_二次型.md	37
ZY1000-QH-XD09-T04	L1_FIRST	二次型化标准形	candidate	配方法或合同变换	candidate	配套习题/张宇1000题/02_强化篇/线性代数/第09章_二次型.md	52
ZY1000-QH-XD09-T19	L1_FIRST	伴随矩阵的性质	candidate	伴随恒等式与秩分类	candidate	配套习题/张宇1000题/02_强化篇/线性代数/第09章_二次型.md	67
ZY1000-QH-XD09-T20	L1_FIRST	二次型与矩阵的正定性	candidate	顺序主子式或特征值判别	candidate	配套习题/张宇1000题/02_强化篇/线性代数/第09章_二次型.md	82
ZY1000-QH-XD09-T21	L1_FIRST	二次型与矩阵的正定性	candidate	顺序主子式或特征值判别	candidate	配套习题/张宇1000题/02_强化篇/线性代数/第09章_二次型.md	97
ZY1000-QH-XD09-T22	L1_FIRST	二次型与矩阵的正定性	candidate	顺序主子式或特征值判别	candidate	配套习题/张宇1000题/02_强化篇/线性代数/第09章_二次型.md	112
ZY1000-QH-XD09-T25	L1_FIRST	二次型与矩阵的正定性	candidate	顺序主子式或特征值判别	candidate	配套习题/张宇1000题/02_强化篇/线性代数/第09章_二次型.md	127
ZY1000-QH-XD09-T26	L1_FIRST	二次型化标准形	candidate	配方法或合同变换	candidate	配套习题/张宇1000题/02_强化篇/线性代数/第09章_二次型.md	142
ZY1000-ZH-S01-T01	L1_FIRST		needs_review		needs_review	配套习题/张宇1000题/03_综合篇/测试卷一.md	7
ZY1000-ZH-S01-T02	L1_FIRST	函数周期性及平移关系	candidate	迭代平移关系	candidate	配套习题/张宇1000题/03_综合篇/测试卷一.md	22
ZY1000-ZH-S01-T03	L1_FIRST		needs_review		needs_review	配套习题/张宇1000题/03_综合篇/测试卷一.md	37
ZY1000-ZH-S01-T04	L1_FIRST		needs_review		needs_review	配套习题/张宇1000题/03_综合篇/测试卷一.md	52
ZY1000-ZH-S01-T05	L1_FIRST	向量的线性表示	candidate	建立列向量系数方程	candidate	配套习题/张宇1000题/03_综合篇/测试卷一.md	67
ZY1000-ZH-S01-T06	L1_FIRST	伴随矩阵的性质	candidate	伴随恒等式与秩分类	candidate	配套习题/张宇1000题/03_综合篇/测试卷一.md	82
ZY1000-ZH-S01-T07	L1_FIRST	特征值与特征向量	candidate	特征方程与特征子空间	candidate	配套习题/张宇1000题/03_综合篇/测试卷一.md	97
ZY1000-ZH-S01-T08	L1_FIRST	相关系数与线性相关	candidate	协方差标准化	candidate	配套习题/张宇1000题/03_综合篇/测试卷一.md	112
ZY1000-ZH-S01-T09	L1_FIRST	参数假设检验	candidate	统计量与拒绝域	candidate	配套习题/张宇1000题/03_综合篇/测试卷一.md	127
ZY1000-ZH-S01-T10	L1_FIRST	估计量的无偏性与有效性	candidate	比较期望方差或均方误差	candidate	配套习题/张宇1000题/03_综合篇/测试卷一.md	142
ZY1000-ZH-S03-T01	L1_FIRST		needs_review		needs_review	配套习题/张宇1000题/03_综合篇/测试卷三.md	7
ZY1000-ZH-S03-T02	L1_FIRST		needs_review		needs_review	配套习题/张宇1000题/03_综合篇/测试卷三.md	22
ZY1000-ZH-S03-T03	L1_FIRST		needs_review		needs_review	配套习题/张宇1000题/03_综合篇/测试卷三.md	37
ZY1000-ZH-S03-T04	L1_FIRST		needs_review		needs_review	配套习题/张宇1000题/03_综合篇/测试卷三.md	52
ZY1000-ZH-S03-T05	L1_FIRST	矩阵的秩	candidate	行变换与子式判别	candidate	配套习题/张宇1000题/03_综合篇/测试卷三.md	67
ZY1000-ZH-S03-T06	L1_FIRST	特征值与特征向量	candidate	特征方程与特征子空间	candidate	配套习题/张宇1000题/03_综合篇/测试卷三.md	82
ZY1000-ZH-S03-T07	L1_FIRST	向量组线性相关性	candidate	线性组合关系或矩阵秩	candidate	配套习题/张宇1000题/03_综合篇/测试卷三.md	97
ZY1000-ZH-S03-T08	L1_FIRST	概率密度及归一化	candidate	密度积分	candidate	配套习题/张宇1000题/03_综合篇/测试卷三.md	112
ZY1000-ZH-S03-T09	L1_FIRST	数学期望及随机变量函数的期望	candidate	按分布求和或积分	candidate	配套习题/张宇1000题/03_综合篇/测试卷三.md	127
ZY1000-ZH-S03-T10	L1_FIRST	概率密度及归一化	candidate	密度积分	candidate	配套习题/张宇1000题/03_综合篇/测试卷三.md	142
ZY1000-ZH-S02-T01	L1_FIRST	间断点的定位与分类	candidate	逐个考查可疑点的单侧极限	candidate	配套习题/张宇1000题/03_综合篇/测试卷二.md	7
ZY1000-ZH-S02-T02	L1_FIRST		needs_review		needs_review	配套习题/张宇1000题/03_综合篇/测试卷二.md	22
ZY1000-ZH-S02-T03	L1_FIRST	反常积分敛散性与计算	candidate	化为端点极限并检查收敛	candidate	配套习题/张宇1000题/03_综合篇/测试卷二.md	37
ZY1000-ZH-S02-T04	L1_FIRST		needs_review		needs_review	配套习题/张宇1000题/03_综合篇/测试卷二.md	52
ZY1000-ZH-S02-T05	L1_FIRST	二次型与矩阵的正定性	candidate	顺序主子式或特征值判别	candidate	配套习题/张宇1000题/03_综合篇/测试卷二.md	67
ZY1000-ZH-S02-T06	L1_FIRST	矩阵运算与矩阵方程	candidate	利用矩阵运算法则整理	candidate	配套习题/张宇1000题/03_综合篇/测试卷二.md	82
ZY1000-ZH-S02-T07	L1_FIRST		needs_review		needs_review	配套习题/张宇1000题/03_综合篇/测试卷二.md	97
ZY1000-ZH-S02-T08	L1_FIRST	方差与协方差	candidate	中心矩或二阶矩关系	candidate	配套习题/张宇1000题/03_综合篇/测试卷二.md	112
ZY1000-ZH-S02-T09	L1_FIRST	方差与协方差	candidate	中心矩或二阶矩关系	candidate	配套习题/张宇1000题/03_综合篇/测试卷二.md	127
ZY1000-ZH-S02-T10	L1_FIRST	参数假设检验	candidate	统计量与拒绝域	candidate	配套习题/张宇1000题/03_综合篇/测试卷二.md	142
ZY1000-ZH-S04-T01	L1_FIRST	分段函数连续性与参数条件	candidate	匹配单侧极限和函数值	candidate	配套习题/张宇1000题/03_综合篇/测试卷四.md	7
ZY1000-ZH-S04-T02	L1_FIRST		needs_review		needs_review	配套习题/张宇1000题/03_综合篇/测试卷四.md	22
ZY1000-ZH-S04-T03	L1_FIRST		needs_review		needs_review	配套习题/张宇1000题/03_综合篇/测试卷四.md	37
ZY1000-ZH-S04-T04	L1_FIRST	幂级数的收敛域	candidate	求收敛半径并逐端点检查	candidate	配套习题/张宇1000题/03_综合篇/测试卷四.md	52
ZY1000-ZH-S04-T05	L1_FIRST	特征值与特征向量	candidate	特征方程与特征子空间	candidate	配套习题/张宇1000题/03_综合篇/测试卷四.md	67
ZY1000-ZH-S04-T06	L1_FIRST	二次型化标准形	candidate	配方法或合同变换	candidate	配套习题/张宇1000题/03_综合篇/测试卷四.md	82
ZY1000-ZH-S04-T07	L1_FIRST	矩阵运算与矩阵方程	candidate	利用矩阵运算法则整理	candidate	配套习题/张宇1000题/03_综合篇/测试卷四.md	97
ZY1000-ZH-S04-T08	L1_FIRST	分布函数与概率分布	candidate	依据分布定义求概率	candidate	配套习题/张宇1000题/03_综合篇/测试卷四.md	112
ZY1000-ZH-S04-T09	L1_FIRST	概率密度及归一化	candidate	密度积分	candidate	配套习题/张宇1000题/03_综合篇/测试卷四.md	127
ZY1000-ZH-S04-T10	L1_FIRST	随机变量的独立性	candidate	比较联合分布与边缘乘积	candidate	配套习题/张宇1000题/03_综合篇/测试卷四.md	142
